submission_id,created_at,updated_at,queued_count,verified_count,failed_count,synced_at
sub_2b684a5946bf483eab1084c959eddeda,2026-07-04T08:42:15Z,2026-07-04T08:42:15Z,0,1000,0,1784952342.300524
sub_21641be35aa94047bee1dc5ed9eb6466,2026-07-04T08:42:18Z,2026-07-04T08:42:18Z,0,1000,0,1784952339.4945989
sub_0e2dd14a12d5489ba2a81adca875b3e0,2026-07-04T08:42:21Z,2026-07-04T08:42:21Z,0,1000,0,1784952337.862559
sub_0b3407c037c941ba827dc5024eb2d672,2026-07-04T08:42:24Z,2026-07-04T08:42:24Z,0,1000,0,1784952336.863039
sub_89994536be5b466ea97f294c61a988a7,2026-07-04T08:42:26Z,2026-07-04T08:42:26Z,0,1000,0,1784952334.801409
sub_5151add0c52a4b4399701742d6d92aca,2026-07-04T17:02:32Z,2026-07-04T17:02:32Z,0,1000,0,1784952330.69427
sub_858423a26aab460b90dd6b6ffbfbdf52,2026-07-04T17:08:53Z,2026-07-04T17:08:53Z,0,1000,0,1784952329.938582
sub_9f68db58f1904d83b30e873ed9e2b615,2026-07-04T17:13:25Z,2026-07-04T17:13:25Z,0,1000,0,1784952328.9354901
sub_7bb618f1debf49789739ae47d5f66d8a,2026-07-04T17:14:34Z,2026-07-04T17:14:34Z,0,1000,0,1784952326.791672
sub_6948c85c63a0415ea201400a4092125a,2026-07-04T17:18:59Z,2026-07-04T17:18:59Z,0,1000,0,1784952325.970916
sub_37ea2cc9979e47649968757a411ce61a,2026-07-04T17:25:41Z,2026-07-04T17:25:41Z,0,159,0,1784952322.167624
sub_df9efb5af1da4d0481e1504b0c2f2fd9,2026-07-04T17:37:04Z,2026-07-04T17:37:04Z,0,1000,0,1784952321.468899
sub_4ac0efe4c4db43a0acdb034023ea6a0c,2026-07-04T17:38:51Z,2026-07-04T17:38:51Z,0,653,0,1784952319.739786
sub_4b4b9c3478bb4f3cacfcd3c2a4b42a3e,2026-07-04T17:44:48Z,2026-07-04T17:44:48Z,0,1000,0,1784952319.011573
sub_c3efeee8082248f9acfa508e32547a76,2026-07-04T17:52:08Z,2026-07-04T17:52:08Z,0,1000,0,1784952318.041332
sub_300c7afd17e54932852cb8c8960c3f65,2026-07-04T17:57:23Z,2026-07-04T17:57:23Z,0,1000,0,1784952315.965387
sub_4054c265d18d4db09c0bb718745b0ec3,2026-07-04T17:57:51Z,2026-07-04T17:57:51Z,0,1000,0,1784952315.164892
sub_948ef6f2f5204797b108c8b3ba32037e,2026-07-04T18:06:33Z,2026-07-04T18:06:33Z,0,1000,0,1784952314.41078
sub_404966c4e5e14081b1e1f41f895a44f5,2026-07-04T18:07:05Z,2026-07-04T18:07:05Z,0,733,0,1784952313.631467
sub_aa21b9ea4fec45bbb810427367dc42f9,2026-07-04T18:14:33Z,2026-07-04T18:14:33Z,0,1000,0,1784952312.881653
sub_ee55bf588e044f218cff23ce2db9d190,2026-07-04T18:23:29Z,2026-07-04T18:23:29Z,0,1000,0,1784952309.90814
sub_6661bb88273f4a6b9f1c0defb20dab32,2026-07-04T18:24:19Z,2026-07-04T18:24:19Z,0,2,0,1784952308.755171
sub_9cf670c085d9469cbbd728c1ea9d65e0,2026-07-04T18:30:03Z,2026-07-04T18:30:03Z,0,9,0,1784952308.10944
sub_1c1767158689415da00df667effbeec5,2026-07-04T18:32:07Z,2026-07-04T18:32:07Z,0,1000,0,1784952307.5348322
sub_04c9878fb5e447629f895f7f5ae9a851,2026-07-04T18:44:41Z,2026-07-04T18:44:41Z,0,1000,0,1784952306.739478
sub_63ca08cd4ace4740b683483b0945af9d,2026-07-04T19:23:29Z,2026-07-04T19:23:29Z,0,1000,0,1784952305.039168
sub_d23fcf24c43441e0a2974b1283e29d3c,2026-07-04T19:29:49Z,2026-07-04T19:29:49Z,0,1000,0,1784952302.833986
sub_201c4e812f584634beb8e7656e239052,2026-07-04T19:37:42Z,2026-07-04T19:37:42Z,0,1000,0,1784952300.325797
sub_d1a0b1d83e6f4f2994c21ea2ab3704f8,2026-07-04T19:47:11Z,2026-07-04T19:47:11Z,0,1000,0,1784952298.1373298
sub_5939436a764f4f99b67dfb98bba569af,2026-07-04T19:56:38Z,2026-07-04T19:56:38Z,0,1000,0,1784952295.780446
sub_b3c665db734347c4bcec8512409480e4,2026-07-04T20:11:31Z,2026-07-04T20:11:31Z,0,1000,0,1784952292.054389
sub_cef431550b444b3c9aeea3978336e1e0,2026-07-04T20:31:47Z,2026-07-04T20:31:47Z,0,1000,0,1784952290.947624
sub_d5ad30034f5b4ee484dcf372626d4d1d,2026-07-04T21:06:46Z,2026-07-04T21:06:46Z,0,1000,0,1784952289.8813708
sub_76becac21382459492d31ee370f44033,2026-07-04T21:43:21Z,2026-07-04T21:43:21Z,0,1000,0,1784952288.9659038
sub_a92d5f0a7ed04aafbec2ad9e7e9cef56,2026-07-04T21:52:22Z,2026-07-04T21:52:22Z,0,1000,0,1784952288.161869
sub_8397229efe524787903cedebb4de6b87,2026-07-04T21:53:06Z,2026-07-04T21:53:06Z,0,1000,0,1784952285.5673852
sub_cd4f8e31fd0b4e48be9c9b253f7f0028,2026-07-04T21:53:17Z,2026-07-04T21:53:17Z,0,1000,0,1784952284.8143492
sub_6b3d2d8c06d444af823f5823e9a28df7,2026-07-04T21:54:23Z,2026-07-04T21:54:23Z,0,1000,0,1784952283.742282
sub_03c965485e5b4fadbb020490ec448043,2026-07-04T21:57:01Z,2026-07-04T21:57:01Z,0,1000,0,1784952282.7970822
sub_f08525a8344540fabcbb2f21107aef18,2026-07-04T21:57:12Z,2026-07-04T21:57:12Z,0,1000,0,1784952281.95281
sub_0ff9c6ce83384bf88df7963293a54633,2026-07-04T21:58:25Z,2026-07-04T21:58:25Z,0,1000,0,1784952279.205794
sub_781574d0d7ba4ceb9f64230a0922c465,2026-07-04T21:58:32Z,2026-07-04T21:58:32Z,0,1000,0,1784952278.046904
sub_f1bf8954235040c8958dbca8ea02b6dd,2026-07-04T21:58:50Z,2026-07-04T21:58:50Z,0,1000,0,1784952277.2351592
sub_826d8d039e3547f49e7c25491a25a9dc,2026-07-04T21:59:06Z,2026-07-04T21:59:06Z,0,1000,0,1784952276.5143292
sub_ec27345516f3428b9fe19005cd6fdf8a,2026-07-04T23:50:38Z,2026-07-04T23:50:38Z,0,256,0,1784952275.791499
sub_cdba226c18c44f4a944b7fce8bff2ff3,2026-07-04T23:50:41Z,2026-07-04T23:50:41Z,0,1000,0,1784952273.637023
sub_77cd0736b7644fdda54cbb495a75bde1,2026-07-04T23:50:48Z,2026-07-04T23:50:48Z,0,1000,0,1784952272.792748
sub_87fcc8258f494ae0a10227efd79e5608,2026-07-04T23:50:53Z,2026-07-04T23:50:53Z,0,1000,0,1784952272.011203
sub_b3ceaaa1cb284c75ae2c4a2654e9bb62,2026-07-04T23:50:58Z,2026-07-04T23:50:58Z,0,1000,0,1784952271.277149
sub_bc982f5e112c4abababf1d2233215eb8,2026-07-04T23:51:03Z,2026-07-04T23:51:03Z,0,1000,0,1784952270.495151
sub_6e7a380ced3c4c3e92b74f519f06c534,2026-07-04T23:51:08Z,2026-07-04T23:51:08Z,0,1000,0,1784952267.903171
sub_65aec50f93164f7f970e4503dd53061a,2026-07-04T23:51:14Z,2026-07-04T23:51:14Z,0,1000,0,1784952266.82401
sub_3eccf244c63f41bd832c596c199d5acf,2026-07-04T23:51:21Z,2026-07-04T23:51:21Z,0,1000,0,1784952265.698462
sub_844307ea9c0e4da38056b26323a900b0,2026-07-04T23:51:27Z,2026-07-04T23:51:27Z,0,1000,0,1784952264.555856
sub_9444d1f119bd47e493e7b6ddb6b9700d,2026-07-04T23:51:33Z,2026-07-04T23:51:33Z,0,1000,0,1784952263.7285209
sub_4e85807b658d4cc1bfb8e60a143139b3,2026-07-04T23:51:46Z,2026-07-04T23:51:46Z,0,1000,0,1784952261.1421309
sub_096dd91fc78342758fb7f20b89019664,2026-07-05T00:12:30Z,2026-07-05T00:12:30Z,0,1000,0,1784952260.229362
sub_b84720f9436e4d28b8631971d0b4e157,2026-07-05T00:12:36Z,2026-07-05T00:12:36Z,0,1000,0,1784952259.410611
sub_3e2a8dadcdda433299eb01997979f6b3,2026-07-05T00:12:43Z,2026-07-05T00:12:43Z,0,1000,0,1784952258.283224
sub_8f300e22e1454fe499ea215700e7398d,2026-07-05T00:13:03Z,2026-07-05T00:13:03Z,0,1000,0,1784952257.1620648
sub_90bbfa2694e645a09eb7e69957b4e11e,2026-07-05T01:22:07Z,2026-07-05T01:22:07Z,0,411,0,1784952254.789516
sub_8291e93d7eb448dd8149545496c34ea0,2026-07-05T01:37:50Z,2026-07-05T01:37:50Z,0,1000,0,1784952254.109189
sub_24981851315745bbb30dcfb6b8275092,2026-07-05T01:59:33Z,2026-07-05T01:59:33Z,0,1000,0,1784952253.349248
sub_4bb66753ee2841af96d84bfae1e9f430,2026-07-05T02:11:19Z,2026-07-05T02:11:19Z,0,1000,0,1784952252.56319
sub_68c97f6aedea4ff0abc37bec8a252296,2026-07-05T02:19:19Z,2026-07-05T02:19:19Z,0,1000,0,1784952251.528064
sub_07e6958731c84611ba52fc3f536a7abd,2026-07-05T02:32:33Z,2026-07-05T02:32:33Z,0,1000,0,1784952248.822658
sub_d3d3adf119854de89da31ad5d536670c,2026-07-05T02:33:27Z,2026-07-05T02:33:27Z,0,17,0,1784952248.033592
sub_b91108ceb42043e2ae606a669709b8cb,2026-07-05T02:38:54Z,2026-07-05T02:38:54Z,0,1000,0,1784952247.44127
sub_0133804e6942494390b7c70e5edc5d63,2026-07-05T02:51:24Z,2026-07-05T02:51:24Z,0,1000,0,1784952246.673075
sub_0ce2ad7e15da49f6b6692a08c833532b,2026-07-05T03:02:26Z,2026-07-05T03:02:26Z,0,1000,0,1784952245.908119
sub_994e72d205c74abc9b7868439de3693b,2026-07-05T03:08:45Z,2026-07-05T03:08:45Z,0,1000,0,1784952243.6485581
sub_80cbb15c6a824325b5e7778c91440f75,2026-07-05T03:16:37Z,2026-07-05T03:16:37Z,0,1000,0,1784952242.532416
sub_25396c1929704d81b046d0394ece4246,2026-07-05T03:48:19Z,2026-07-05T03:48:19Z,0,1000,0,1784952241.1363
sub_2d7f70821e8c46529d75b7e9eed1e151,2026-07-05T03:49:24Z,2026-07-05T03:49:24Z,0,1000,0,1784952240.06463
sub_c28b978372404c08a1a9849c37ab805d,2026-07-05T08:54:42Z,2026-07-05T08:54:42Z,0,1000,0,1784952238.975923
sub_b4ae40a361d94240a374222df19fcec8,2026-07-05T08:54:44Z,2026-07-05T08:54:44Z,0,1000,0,1784952236.283185
sub_920f66803b8443de869b6931c593e58c,2026-07-05T08:54:48Z,2026-07-05T08:54:48Z,0,1000,0,1784952235.0784352
sub_e22b907e15c8436ea3bb8d996bb5f2f7,2026-07-05T08:54:50Z,2026-07-05T08:54:50Z,0,1000,0,1784952233.785259
sub_7e3371d12b484c7b9115b33c59b1ca31,2026-07-05T08:54:55Z,2026-07-05T08:54:55Z,0,1000,0,1784952232.478747
sub_b17b1629307540a1986ae96f3c40ae47,2026-07-05T08:54:58Z,2026-07-05T08:54:58Z,0,1000,0,1784952231.370293
sub_9fe52d2ac5b6451bb2e4a45d9d338dc1,2026-07-05T08:55:04Z,2026-07-05T08:55:04Z,0,1000,0,1784952228.575823
sub_dec335ad1f824d54807a078b8382bdf7,2026-07-05T08:55:08Z,2026-07-05T08:55:08Z,0,1000,0,1784952227.27825
sub_f9ad60e28c344452a4dc7faaa5b5b24f,2026-07-05T08:55:18Z,2026-07-05T08:55:18Z,0,1000,0,1784952226.24381
sub_df4719fb602a49e6a74a7f326952ba27,2026-07-05T08:55:21Z,2026-07-05T08:55:21Z,0,1000,0,1784952225.400219
sub_be044e393c6448d2bdece14e37a31693,2026-07-05T08:55:27Z,2026-07-05T08:55:27Z,0,1000,0,1784952224.4090571
sub_f3df52f06501421eac56dbf3e856036b,2026-07-05T08:55:30Z,2026-07-05T08:55:30Z,0,1000,0,1784952221.4239209
sub_4209b7d98cc04b649e1c92a0f895963a,2026-07-05T08:55:38Z,2026-07-05T08:55:38Z,0,1000,0,1784952220.388999
sub_01b8aec7263642168f7c06c83a2d469b,2026-07-05T08:55:40Z,2026-07-05T08:55:40Z,0,1000,0,1784952219.4729679
sub_a20148b44bfd4c5f9e7b044bab1137e7,2026-07-05T08:55:43Z,2026-07-05T08:55:43Z,0,1000,0,1784952218.549731
sub_0e9aa31a86a24f1c9ecf1d63c610d915,2026-07-05T08:55:49Z,2026-07-05T08:55:49Z,0,1000,0,1784952217.523363
sub_ee426d8de4dd4f42915d8f1fe7d5371f,2026-07-05T08:55:53Z,2026-07-05T08:55:53Z,0,1000,0,1784952214.2967181
sub_045c7049e5c94413a00765b86a91084f,2026-07-05T08:55:59Z,2026-07-05T08:55:59Z,0,1000,0,1784952213.406533
sub_4567b49b4cc645cba5300a3183ece933,2026-07-05T08:56:02Z,2026-07-05T08:56:02Z,0,1000,0,1784952212.0956101
sub_20e9c7d832bf4c219cbefeda3927c843,2026-07-05T08:56:06Z,2026-07-05T08:56:06Z,0,1000,0,1784952210.980437
sub_8ad3b0c1d5dd49f19d0e00794ac408ae,2026-07-05T08:56:18Z,2026-07-05T08:56:18Z,0,1000,0,1784952210.056193
sub_82a87666f96948eeb786cd642591329b,2026-07-05T08:56:22Z,2026-07-05T08:56:22Z,0,1000,0,1784952207.295236
sub_71cf4f1d71f3437499e4b3023b0541fb,2026-07-05T08:56:30Z,2026-07-05T08:56:30Z,0,1000,0,1784952206.2748108
sub_b0aa85e938a841b6903bb464efc25c42,2026-07-05T08:56:33Z,2026-07-05T08:56:33Z,0,1000,0,1784952205.194286
sub_5f45f20ada4644e281192297b95aa623,2026-07-05T08:56:41Z,2026-07-05T08:56:41Z,0,1000,0,1784952203.908064
sub_e947ef0aa3294d2389549117b612186e,2026-07-05T08:56:59Z,2026-07-05T08:56:59Z,0,1000,0,1784952202.802112
sub_fdcacec0db62435ab1364072a7692c50,2026-07-05T08:57:03Z,2026-07-05T08:57:03Z,0,1000,0,1784952199.912161
sub_2a98d2435a624d9fa118b02cf2374020,2026-07-05T08:57:12Z,2026-07-05T08:57:12Z,0,1000,0,1784952198.849028
sub_94ae65cb79584a739f6dafcf01550867,2026-07-05T08:57:17Z,2026-07-05T08:57:17Z,0,1000,0,1784952197.816706
sub_bdcf8a825a7b4d0a8353b770c95baaab,2026-07-05T08:57:27Z,2026-07-05T08:57:27Z,0,1000,0,1784952197.0480719
sub_162d7a3430354fd9b55e5cd69a2b909c,2026-07-05T08:57:31Z,2026-07-05T08:57:31Z,0,1000,0,1784952196.1297212
sub_0e692e87d79c4036a450412fdb23bb1e,2026-07-05T08:57:48Z,2026-07-05T08:57:48Z,0,1000,0,1784952193.4180071
sub_343430b8ad4b408ca80399f62623d7a3,2026-07-05T08:58:00Z,2026-07-05T08:58:00Z,0,1000,0,1784952192.154398
sub_c354bae7a16a4800bba6466dbdc7165e,2026-07-05T08:58:06Z,2026-07-05T08:58:06Z,0,1000,0,1784952191.0175009
sub_b7056fc767414ee989ef34189826db41,2026-07-05T08:58:16Z,2026-07-05T08:58:16Z,0,1000,0,1784952189.928386
sub_fcf08615e75e4b908bda41c186a5a7eb,2026-07-05T08:58:20Z,2026-07-05T08:58:20Z,0,1000,0,1784952188.685905
sub_aa92898ddb0842c8a868875cb32840cf,2026-07-05T08:58:37Z,2026-07-05T08:58:37Z,0,1000,0,1784952185.7304902
sub_8b7a84bb2640438ab6f98a421859fe1b,2026-07-05T08:58:42Z,2026-07-05T08:58:42Z,0,1000,0,1784952184.498713
sub_44045a333fc14cd3839a2302bc783153,2026-07-05T08:58:45Z,2026-07-05T08:58:45Z,0,1000,0,1784952183.785304
sub_f142aee173104d64b5a1680d9f3b9cba,2026-07-05T08:58:49Z,2026-07-05T08:58:49Z,0,1000,0,1784952182.716861
sub_a85ae38ec54a417f9956c4e7e73b928c,2026-07-05T08:58:53Z,2026-07-05T08:58:53Z,0,1000,0,1784952181.494242
sub_2612189686e44b9c9e177577e2087b3f,2026-07-05T08:58:57Z,2026-07-05T08:58:57Z,0,1000,0,1784952178.813844
sub_714c1a99492941a2a8bac105afce4efb,2026-07-05T08:59:05Z,2026-07-05T08:59:05Z,0,1000,0,1784952177.789241
sub_e343eaac2a0c4bbaa5e6b23420d33839,2026-07-05T08:59:09Z,2026-07-05T08:59:09Z,0,1000,0,1784952176.7865942
sub_eb29c010078f4c0bbb2527c4ca2c3378,2026-07-05T08:59:17Z,2026-07-05T08:59:17Z,0,1000,0,1784952175.565562
sub_9b22e2d74c79460f97d899cec7cdbbdb,2026-07-05T08:59:21Z,2026-07-05T08:59:21Z,0,1000,0,1784952174.4251761
sub_0cc3cbbdff074f0aa7ed5ee6f15405b6,2026-07-05T08:59:38Z,2026-07-05T08:59:38Z,0,1000,0,1784952170.87327
sub_609e91224294497da88ff805ff61b9c2,2026-07-05T08:59:48Z,2026-07-05T08:59:48Z,0,1000,0,1784952169.924455
sub_7efbcfae360b473baa85dcd5b7267f47,2026-07-05T08:59:52Z,2026-07-05T08:59:52Z,0,1000,0,1784952169.0093188
sub_c67c37b12aff47d6bf9aa235d2461714,2026-07-05T09:00:01Z,2026-07-05T09:00:01Z,0,1000,0,1784952167.875786
sub_e8a311c89a364a11b6b24a172890ff99,2026-07-05T09:00:11Z,2026-07-05T09:00:11Z,0,1000,0,1784952166.8599198
sub_30b984e21a0d4ab189c2f3f7a61c258e,2026-07-05T09:00:17Z,2026-07-05T09:00:17Z,0,1000,0,1784952162.843999
sub_aa149a3bfafe4c60b0411451e40b7443,2026-07-05T09:00:22Z,2026-07-05T09:00:22Z,0,1000,0,1784952161.52203
sub_a7e0ce5df14d4637a72c988f475a2f22,2026-07-05T09:00:33Z,2026-07-05T09:00:33Z,0,1000,0,1784952160.316564
sub_26649bfeae24464c896a82eb54a5a5e5,2026-07-05T09:00:41Z,2026-07-05T09:00:41Z,0,1000,0,1784952158.968599
sub_fff1e098e35649b1a64a587e725a2ce4,2026-07-05T09:00:43Z,2026-07-05T09:00:43Z,0,1000,0,1784952157.2264771
sub_23ee3461c086459bb1bbe388532c080f,2026-07-05T09:00:46Z,2026-07-05T09:00:46Z,0,1000,0,1784952153.73854
sub_253568e1521c427b92e4da14bf0ddeef,2026-07-05T09:00:49Z,2026-07-05T09:00:49Z,0,1000,0,1784952152.561792
sub_381345f752e0419c9bbd8e342e8fcc0c,2026-07-05T09:00:54Z,2026-07-05T09:00:54Z,0,1000,0,1784952151.7482939
sub_699ff4e3faa6429a93328c46c12e588b,2026-07-05T09:00:59Z,2026-07-05T09:00:59Z,0,1000,0,1784952150.923414
sub_2e854a954c5049b3b3d40aaae02e4413,2026-07-05T09:01:03Z,2026-07-05T09:01:03Z,0,1000,0,1784952149.946694
sub_b44fcad5ab124f33aef70fe6d2170959,2026-07-05T09:01:08Z,2026-07-05T09:01:08Z,0,1000,0,1784952146.978723
sub_e2d1dec263ea4ebb9df8b5deb80ea6c2,2026-07-05T09:01:15Z,2026-07-05T09:01:15Z,0,1000,0,1784952146.0939252
sub_6737bc0fc9124679ac81dac39a7c1654,2026-07-05T09:01:24Z,2026-07-05T09:01:24Z,0,1000,0,1784952145.1496031
sub_fb3ded3f86c24cbaacfbb97d2ad65bbf,2026-07-05T09:01:27Z,2026-07-05T09:01:27Z,0,1000,0,1784952143.996872
sub_b3f107f04f084a4da84354e07db0b302,2026-07-05T09:01:35Z,2026-07-05T09:01:35Z,0,1000,0,1784952143.123838
sub_1c68a557471a4f6f979bc26851e60aaf,2026-07-05T09:01:38Z,2026-07-05T09:01:38Z,0,1000,0,1784952140.5402298
sub_971224fc40324ce184579c30ac732c61,2026-07-05T09:01:50Z,2026-07-05T09:01:50Z,0,1000,0,1784952139.7965598
sub_27f01ff1d6734560ab5d4ccd794847ca,2026-07-05T09:01:53Z,2026-07-05T09:01:53Z,0,1000,0,1784952138.476696
sub_e6754fd2fa854a6aa3a09e965937190d,2026-07-05T09:02:00Z,2026-07-05T09:02:00Z,0,1000,0,1784952137.4695292
sub_c5b3b451c42a4d45b1bd0841b3cb299c,2026-07-05T09:02:04Z,2026-07-05T09:02:04Z,0,1000,0,1784952136.6259031
sub_dc48969a5a8a4a4db7dbed723392fc7a,2026-07-05T09:02:13Z,2026-07-05T09:02:13Z,0,1000,0,1784952133.7638478
sub_fb707e534df441b0b370678010d564c6,2026-07-05T09:02:18Z,2026-07-05T09:02:18Z,0,1000,0,1784952132.6352372
sub_cbb7997639bf4c0690f70bc29d6bcd17,2026-07-05T09:02:27Z,2026-07-05T09:02:27Z,0,1000,0,1784952131.3133068
sub_275e1ea5867b4a909474a6717bdf01d7,2026-07-05T09:02:38Z,2026-07-05T09:02:38Z,0,1000,0,1784952129.817068
sub_6f7d605589594218809ee9ac45f6c6c8,2026-07-05T09:02:42Z,2026-07-05T09:02:42Z,0,1000,0,1784952128.452545
sub_f07627d46db0446e8e539b9fc8d5e9ee,2026-07-05T09:02:58Z,2026-07-05T09:02:58Z,0,1000,0,1784952124.8684852
sub_643478ec06934159823a06c1f2905df4,2026-07-05T09:03:08Z,2026-07-05T09:03:08Z,0,1000,0,1784952124.045438
sub_1bfbe0054c5b4c20a6257e6d02ec456c,2026-07-05T09:03:12Z,2026-07-05T09:03:12Z,0,1000,0,1784952123.239167
sub_b374cc10f6de48ca9402522be90aeff7,2026-07-05T09:03:22Z,2026-07-05T09:03:22Z,0,1000,0,1784952122.091014
sub_55df5509fccb4448ab1b47a2f9b4a55b,2026-07-05T09:03:26Z,2026-07-05T09:03:26Z,0,1000,0,1784952120.873034
sub_a22825a0a38c4e4083ca5193449df5d0,2026-07-05T09:07:21Z,2026-07-05T09:07:21Z,0,1000,0,1784952117.794964
sub_a91a681b4f8b449bb7b48fd17c96522c,2026-07-05T09:07:26Z,2026-07-05T09:07:26Z,0,1000,0,1784952116.79087
sub_0404aeaf0cba49b2a510c61d00c8855b,2026-07-05T09:07:33Z,2026-07-05T09:07:33Z,0,1000,0,1784952115.874611
sub_31d6ef0be33343f6a81fcee492a31fa4,2026-07-05T09:07:39Z,2026-07-05T09:07:39Z,0,1000,0,1784952114.702689
sub_b36535453ea2438dacc568d42f0567b6,2026-07-05T09:07:46Z,2026-07-05T09:07:46Z,0,1000,0,1784952113.307978
sub_feaa3872a17d4240aecb22db7eb43e8e,2026-07-05T09:07:52Z,2026-07-05T09:07:52Z,0,1000,0,1784952110.467233
sub_5962e03eaf3243fcac4b4dc0bb107ab8,2026-07-05T09:07:58Z,2026-07-05T09:07:58Z,0,1000,0,1784952109.705015
sub_553012f8f122431981d30182f890549c,2026-07-05T09:08:04Z,2026-07-05T09:08:04Z,0,1000,0,1784952108.6973581
sub_b80c2b3d84634e5cadb3e4af479da508,2026-07-05T09:08:16Z,2026-07-05T09:08:16Z,0,1000,0,1784952107.6442611
sub_cbc1309354fd4a4692a3f5e7d6d85faa,2026-07-05T09:08:22Z,2026-07-05T09:08:22Z,0,1000,0,1784952106.673203
sub_026f31acd19e4c189b67b2c978e5913d,2026-07-05T09:08:28Z,2026-07-05T09:08:28Z,0,1000,0,1784952103.955362
sub_a2da0522aca74d31b475cdc7d7adfc5c,2026-07-05T09:08:34Z,2026-07-05T09:08:34Z,0,1000,0,1784952103.004482
sub_0257cb217b344c969d4027af843c9cc2,2026-07-05T09:08:41Z,2026-07-05T09:08:41Z,0,1000,0,1784952102.0279381
sub_ba22a1e7d180418a92f034d9384e0290,2026-07-05T09:08:47Z,2026-07-05T09:08:47Z,0,1000,0,1784952101.212977
sub_d038a0f665064f49abf7f0c5a1cdad5c,2026-07-05T09:08:53Z,2026-07-05T09:08:53Z,0,1000,0,1784952100.263041
sub_c000fca150e94a64a0eda08963fe9db3,2026-07-05T09:08:59Z,2026-07-05T09:08:59Z,0,1000,0,1784952097.472807
sub_8f1a0dbb32bb48ce886f8685a36ec0ae,2026-07-05T09:09:06Z,2026-07-05T09:09:06Z,0,1000,0,1784952096.676623
sub_aaa383cc835040239904d589776794aa,2026-07-05T09:09:13Z,2026-07-05T09:09:13Z,0,1000,0,1784952095.691061
sub_e6f4631fec834a18a67b7c838c8b329b,2026-07-05T09:09:25Z,2026-07-05T09:09:25Z,0,1000,0,1784952094.7521222
sub_96b0f86acbb34e939ddc3479f2aaeb63,2026-07-05T09:09:32Z,2026-07-05T09:09:32Z,0,1000,0,1784952093.9370189
sub_e58c1a3471b24ec2a08a774f75f1664f,2026-07-05T09:09:38Z,2026-07-05T09:09:38Z,0,1000,0,1784952091.1710348
sub_f6a44110081d4702ad77af1391d72e2d,2026-07-05T09:09:45Z,2026-07-05T09:09:45Z,0,1000,0,1784952090.2654378
sub_7aaf50c273d14b59a87a129af8c426e3,2026-07-05T09:09:52Z,2026-07-05T09:09:52Z,0,1000,0,1784952089.216178
sub_aa48c3fb753b4917986e30821bcb8f3c,2026-07-05T09:09:58Z,2026-07-05T09:09:58Z,0,1000,0,1784952088.207716
sub_87242ef2c47d43a2a390044281229780,2026-07-05T09:10:05Z,2026-07-05T09:10:05Z,0,1000,0,1784952087.36795
sub_3bdba07b61f3487a8ea939bcc2e689c6,2026-07-05T09:10:11Z,2026-07-05T09:10:11Z,0,1000,0,1784952084.916718
sub_49eb886f42dd449daa8a8b6aaf4e8989,2026-07-05T09:10:17Z,2026-07-05T09:10:17Z,0,1000,0,1784952084.156817
sub_e4e917777bed444cb3825d020c5af040,2026-07-05T09:10:28Z,2026-07-05T09:10:28Z,0,1000,0,1784952083.409455
sub_a9a164b30867436a8673a8f4b7a814b0,2026-07-05T09:10:36Z,2026-07-05T09:10:36Z,0,1000,0,1784952082.6871018
sub_299e1e9ab7b24dcf88355de4466e1f8e,2026-07-05T09:10:42Z,2026-07-05T09:10:42Z,0,1000,0,1784952081.859079
sub_3550e4eafdd842a1be584c687cac10c9,2026-07-05T09:10:50Z,2026-07-05T09:10:50Z,0,1000,0,1784952079.353875
sub_9e8e1dcfd1ad4bdc8c1cc5e3ce4326fb,2026-07-05T09:10:58Z,2026-07-05T09:10:58Z,0,1000,0,1784952078.167095
sub_1f94daf26b3b4f4e8f2bdb7dc23e315a,2026-07-05T09:11:06Z,2026-07-05T09:11:06Z,0,1000,0,1784952077.156694
sub_a9af28d64ed34cd8b60e200112325791,2026-07-05T09:11:14Z,2026-07-05T09:11:14Z,0,1000,0,1784952075.9090781
sub_2541463ef64e455f8007366ee4aaef70,2026-07-05T09:11:21Z,2026-07-05T09:11:21Z,0,1000,0,1784952075.000012
sub_101172653fa04be0b45e42f41373755f,2026-07-05T09:11:33Z,2026-07-05T09:11:33Z,0,1000,0,1784952072.206309
sub_80e432d7d26d4916b21447bb87f010c8,2026-07-05T09:11:40Z,2026-07-05T09:11:40Z,0,1000,0,1784952071.125477
sub_1f597ca1877b4a858bad9a8541057847,2026-07-05T09:11:47Z,2026-07-05T09:11:47Z,0,1000,0,1784952069.818332
sub_ae6a80090342488ba6c44860fb12caad,2026-07-05T09:11:54Z,2026-07-05T09:11:54Z,0,1000,0,1784952068.737251
sub_1801feed5d1c45b1b2284db687d52fde,2026-07-05T09:12:01Z,2026-07-05T09:12:01Z,0,1000,0,1784952067.7208178
sub_996402c8f919465294e742ebf6b03bf1,2026-07-05T09:12:10Z,2026-07-05T09:12:10Z,0,1000,0,1784952064.843406
sub_7dbacc112b5743c1a0906348ea5c2606,2026-07-05T09:12:19Z,2026-07-05T09:12:19Z,0,1000,0,1784952063.5279639
sub_1ebe138def0e4465bb0371c2b551e746,2026-07-05T09:12:47Z,2026-07-05T09:12:47Z,0,1000,0,1784952062.1839051
sub_455fabf67982402d89cc6994e17d4e4e,2026-07-05T09:12:59Z,2026-07-05T09:12:59Z,0,1000,0,1784952061.0731452
sub_a5ff1932e501447195493e08d11d3e05,2026-07-05T09:13:07Z,2026-07-05T09:13:07Z,0,1000,0,1784952059.883125
sub_f33590c612c44ef38bc8e6fa1821da29,2026-07-05T09:13:19Z,2026-07-05T09:13:19Z,0,1000,0,1784952056.647438
sub_a79685c49cf04735a08217ab04d05f55,2026-07-05T09:13:26Z,2026-07-05T09:13:26Z,0,1000,0,1784952055.128404
sub_eb12de1067b04e4e807f11da3daef63b,2026-07-05T09:13:34Z,2026-07-05T09:13:34Z,0,1000,0,1784952054.117066
sub_d9bd83b8ace44e3b8613154360f4f379,2026-07-05T09:13:51Z,2026-07-05T09:13:51Z,0,1000,0,1784952052.87725
sub_adf1151e650e4ed5b472ec05504eeda9,2026-07-05T09:14:00Z,2026-07-05T09:14:00Z,0,1000,0,1784952051.532854
sub_38495609b9ca43c3b39587821b74101f,2026-07-05T09:14:09Z,2026-07-05T09:14:09Z,0,1000,0,1784952048.526159
sub_a0b5712c186b47e3841db9e2312f418d,2026-07-05T09:14:19Z,2026-07-05T09:14:19Z,0,1000,0,1784952047.2337248
sub_e5d45e7b62c14fca83571730bd3ff5f9,2026-07-05T09:14:29Z,2026-07-05T09:14:29Z,0,1000,0,1784952046.101354
sub_4ed0502aee1c444b80d89d0813067aba,2026-07-05T09:14:39Z,2026-07-05T09:14:39Z,0,1000,0,1784952044.982532
sub_ffa1c892aad2423b88ba261d49cb5e5e,2026-07-05T09:14:52Z,2026-07-05T09:14:52Z,0,1000,0,1784952043.946326
sub_2451aa7638c24839ba07ea4b2fb708a2,2026-07-05T09:15:04Z,2026-07-05T09:15:04Z,0,1000,0,1784952041.210727
sub_91a4ee58898d454db397272c9fbc0388,2026-07-05T09:15:13Z,2026-07-05T09:15:13Z,0,1000,0,1784952040.070635
sub_bbe6ee56daa74a498285eace876b9e8a,2026-07-05T09:15:24Z,2026-07-05T09:15:24Z,0,1000,0,1784952038.7815611
sub_8aec19b2c7d44948997d3f391a65374a,2026-07-05T09:15:34Z,2026-07-05T09:15:34Z,0,1000,0,1784952037.508217
sub_5316738965884f598301025424643ef5,2026-07-05T09:15:44Z,2026-07-05T09:15:44Z,0,1000,0,1784952036.234324
sub_03768099c207463eb7c169ac4ff0c0cb,2026-07-05T09:16:01Z,2026-07-05T09:16:01Z,0,1000,0,1784952033.289532
sub_a9fa24ab727e461ab8612a594eb92932,2026-07-05T09:16:14Z,2026-07-05T09:16:14Z,0,1000,0,1784952032.084696
sub_e91489d5813c4a1bb3a69c78ed48a373,2026-07-05T09:16:25Z,2026-07-05T09:16:25Z,0,1000,0,1784952030.875029
sub_4a6981f8be57452dba8cc8607fa28de1,2026-07-05T09:16:36Z,2026-07-05T09:16:36Z,0,1000,0,1784952029.608997
sub_2511962e56874c529f6badadafb0584c,2026-07-05T09:16:49Z,2026-07-05T09:16:49Z,0,1000,0,1784952028.4115782
sub_d05447f183dd4a879e0a4688e0a005e3,2026-07-05T09:17:07Z,2026-07-05T09:17:07Z,0,1000,0,1784952025.424989
sub_082a572b16954b6e97e400c5455aedad,2026-07-05T09:17:20Z,2026-07-05T09:17:20Z,0,1000,0,1784952024.20611
sub_89d0ef2218d84d59839b77d3cc247c33,2026-07-05T09:17:34Z,2026-07-05T09:17:34Z,0,1000,0,1784952023.1159291
sub_8e36a2dfbfc64d8aa3fc4a42ff43dce2,2026-07-05T09:17:48Z,2026-07-05T09:17:48Z,0,1000,0,1784952022.076897
sub_5284a14c36284cc1a6798d4299d5b645,2026-07-05T09:18:13Z,2026-07-05T09:18:13Z,0,1000,0,1784951969.530807
sub_6ad16433a0124c9caea44ad48da37b4a,2026-07-05T09:18:43Z,2026-07-05T09:18:43Z,0,1000,0,1784951961.887389
sub_24a5e7c928ce483da30f27eaeab8df87,2026-07-05T09:18:55Z,2026-07-05T09:18:55Z,0,1000,0,1784951959.126515
sub_9b92941372e841cb98668d2ec0a32466,2026-07-05T09:19:26Z,2026-07-05T09:19:26Z,0,1000,0,1784951956.419748
sub_32f1ce23d8aa46359d56026ed3dfb9f1,2026-07-05T09:19:39Z,2026-07-05T09:19:39Z,0,1000,0,1784951954.5246131
sub_2ca2b704b44549d493ec2a32bf942a92,2026-07-05T09:19:53Z,2026-07-05T09:19:53Z,0,1000,0,1784951952.113753
sub_e1e3e3ed18e8471ca19de47ca4beef9f,2026-07-05T09:20:27Z,2026-07-05T09:20:27Z,0,1000,0,1784951945.5319629
sub_4ac67de8e8fe42fd877528ff305b52cb,2026-07-05T09:21:44Z,2026-07-05T09:21:44Z,0,1000,0,1784951943.0964742
sub_e08a917651e04629bdfddaf79c5b3282,2026-07-05T09:21:56Z,2026-07-05T09:21:56Z,0,1000,0,1784951940.817301
sub_3e80c4bcd03a4eb08f0ca473991dd4e8,2026-07-05T09:23:05Z,2026-07-05T09:23:05Z,0,1000,0,1784951938.840319
sub_4c2fc93d8c3d429abbb19d38fe8cd9a6,2026-07-05T09:23:15Z,2026-07-05T09:23:15Z,0,1000,0,1784951936.3128378
sub_97dd6ab69cce4ae58f10e02102fd5f19,2026-07-05T09:23:26Z,2026-07-05T09:23:26Z,0,1000,0,1784951927.7459772
sub_1c4b87c13d7e4e21b2a241d58cbbbe96,2026-07-05T09:23:36Z,2026-07-05T09:23:36Z,0,1000,0,1784951924.569098
sub_099b478d04544dd0974345332b89cfc2,2026-07-05T09:23:43Z,2026-07-05T09:23:43Z,0,1000,0,1784951921.341344
sub_daa98ee9c3314688ba1580ff135552ed,2026-07-05T09:23:49Z,2026-07-05T09:23:49Z,0,1000,0,1784951919.192838
sub_775ee67257b248318319bb69e56f6ff9,2026-07-05T09:23:56Z,2026-07-05T09:23:56Z,0,1000,0,1784951915.6521862
sub_982d994cfc844c96a44a2cf381163d17,2026-07-05T09:24:03Z,2026-07-05T09:24:03Z,0,1000,0,1784951909.899096
sub_2481b399ad2d4f2eaa2dbc8c316f618d,2026-07-05T09:24:10Z,2026-07-05T09:24:10Z,0,1000,0,1784951907.251953
sub_4265253c304c4a1b8b05d5937089742b,2026-07-05T09:24:17Z,2026-07-05T09:24:17Z,0,1000,0,1784951904.5706198
sub_d4dc7dafdc9d41dfba445c9e14e15f01,2026-07-05T09:24:28Z,2026-07-05T09:24:28Z,0,1000,0,1784951900.307775
sub_295ac597e4ce42b2842f8a91a43d51e4,2026-07-05T09:24:35Z,2026-07-05T09:24:35Z,0,1000,0,1784951897.307915
sub_e90df5771bce42f0bba2897a0fddd551,2026-07-05T09:24:42Z,2026-07-05T09:24:42Z,0,1000,0,1784951892.713176
sub_c977470bf999463793fb80e9c8972edf,2026-07-05T09:24:49Z,2026-07-05T09:24:49Z,0,1000,0,1784951890.8877618
sub_9ee05dd079c04cedacc273ad6261f2a3,2026-07-05T09:24:56Z,2026-07-05T09:24:56Z,0,1000,0,1784951889.00267
sub_5ba24b3f5206471e86082fab0cc21f5e,2026-07-05T09:25:03Z,2026-07-05T09:25:03Z,0,1000,0,1784951886.688491
sub_f2ecdffaf6e84724a755f2d9c270e382,2026-07-05T09:25:12Z,2026-07-05T09:25:12Z,0,1000,0,1784951884.503712
sub_53fa087535ca4b3c97d93d1727b240aa,2026-07-05T09:25:20Z,2026-07-05T09:25:20Z,0,1000,0,1784951879.0626
sub_fe020de474e74f6b9dfdb573384d0c97,2026-07-05T09:25:28Z,2026-07-05T09:25:28Z,0,1000,0,1784951877.768189
sub_308d7485683842038d11fb9c890eb9cd,2026-07-05T09:25:37Z,2026-07-05T09:25:37Z,0,1000,0,1784951876.349588
sub_e394fa0c630642bbafba6b55f77d73a3,2026-07-05T09:25:45Z,2026-07-05T09:25:45Z,0,1000,0,1784951874.3250508
sub_8a0922e0614149f99144e503dd11f090,2026-07-05T09:25:53Z,2026-07-05T09:25:53Z,0,1000,0,1784951872.1398451
sub_4ffe8bbb15224cf5986e6ecb9b4ad5e7,2026-07-05T09:26:01Z,2026-07-05T09:26:01Z,0,1000,0,1784951866.7310138
sub_e643072e8bc14a209d97c5952b8cf9cf,2026-07-05T09:26:10Z,2026-07-05T09:26:10Z,0,1000,0,1784951864.15111
sub_7e7177f4d4a34cf3a65bdd6dcd1b63a6,2026-07-05T09:26:18Z,2026-07-05T09:26:18Z,0,1000,0,1784951861.620736
sub_9d98ae705b214a788676e0c83426fbca,2026-07-05T09:26:27Z,2026-07-05T09:26:27Z,0,1000,0,1784951858.775389
sub_1b1469bc0370451e893bc9367bbb5aba,2026-07-05T09:26:39Z,2026-07-05T09:26:39Z,0,1000,0,1785065439.296443
sub_4fb45328b32947edb697494e24e3889a,2026-07-05T09:26:48Z,2026-07-05T09:26:48Z,0,1000,0,1784951844.4238029
sub_a78c61b238d34b0faaf822d709ac7be4,2026-07-05T09:26:57Z,2026-07-05T09:26:57Z,0,1000,0,1784951842.334419
sub_4063db99317e48ccaa1f2154abf65461,2026-07-05T09:27:06Z,2026-07-05T09:27:06Z,0,1000,0,1784951840.5616078
sub_d7102fc974c8402a938e5198eab319c4,2026-07-05T09:27:14Z,2026-07-05T09:27:14Z,0,1000,0,1784951839.492866
sub_fb8285a7d317487d98e8cb1f4e6c8f04,2026-07-05T09:27:24Z,2026-07-05T09:27:24Z,0,1000,0,1784951838.05704
sub_79b76e4de91b41ceb4a4041f70e282b5,2026-07-05T09:27:33Z,2026-07-05T09:27:33Z,0,1000,0,1784951834.970583
sub_ea136d7dacfc4007800f72edb72f316e,2026-07-05T09:27:44Z,2026-07-05T09:27:44Z,0,1000,0,1784951832.83954
sub_cf48b616c50e4aa99709cdc8000b60bc,2026-07-05T09:27:54Z,2026-07-05T09:27:54Z,0,1000,0,1784951830.909641
sub_d20a507c583741c7ba2e915527ff9e97,2026-07-05T09:28:04Z,2026-07-05T09:28:04Z,0,1000,0,1784951829.780264
sub_342c07b561ef4e6d96e3ec611e1edcf6,2026-07-05T09:28:13Z,2026-07-05T09:28:13Z,0,1000,0,1784951828.035383
sub_2da3f84a057d4e5a8a67e133338206d5,2026-07-05T09:28:22Z,2026-07-05T09:28:22Z,0,1000,0,1784951824.18612
sub_8c52dbc7a26b48a885604133e2524324,2026-07-05T09:28:31Z,2026-07-05T09:28:31Z,0,1000,0,1784951823.1163352
sub_e7128da1b7174b8d87ee96803cf9d47b,2026-07-05T09:28:41Z,2026-07-05T09:28:41Z,0,1000,0,1784951821.8992362
sub_13520f701d10417a834247b74bad000b,2026-07-05T09:28:56Z,2026-07-05T09:28:56Z,0,1000,0,1784951820.700614
sub_654e894c645b43faa50accf2e2c00123,2026-07-05T09:30:09Z,2026-07-05T09:30:09Z,0,1000,0,1784951819.533705
sub_148c2ec269b64e6f8696bc6dc3abab49,2026-07-05T09:30:22Z,2026-07-05T09:30:22Z,0,1000,0,1784951815.969578
sub_9707131608d94c478dd8792a0eb0bdc5,2026-07-05T09:30:52Z,2026-07-05T09:30:52Z,0,1000,0,1784951814.617564
sub_958afcef6d554b0f875d09f4af9c7a49,2026-07-05T09:31:08Z,2026-07-05T09:31:08Z,0,1000,0,1784951813.435631
sub_901b4c677d8946f59574b4cb11994477,2026-07-05T09:31:21Z,2026-07-05T09:31:21Z,0,1000,0,1784951812.176085
sub_46529647053f41b89b9728d584bf767d,2026-07-05T09:31:52Z,2026-07-05T09:31:52Z,0,1000,0,1784951810.901252
sub_0aa1590ec67d48d5bf78894fe0511abd,2026-07-05T09:32:05Z,2026-07-05T09:32:05Z,0,1000,0,1784951807.721083
sub_2494d1c6ee424c26bc55f64390e23926,2026-07-05T09:32:19Z,2026-07-05T09:32:19Z,0,1000,0,1784951806.704772
sub_b8ca2817e26d41eeb007790588fb2ac2,2026-07-05T09:32:32Z,2026-07-05T09:32:32Z,0,1000,0,1784951805.370912
sub_d32ef44b1d734e6cab04f15edf875e6f,2026-07-05T09:33:32Z,2026-07-05T09:33:32Z,0,1000,0,1784951804.5592499
sub_237dbb4d8656427c9c0c900a1dae8503,2026-07-05T09:33:42Z,2026-07-05T09:33:42Z,0,1000,0,1784951803.729291
sub_7f5f8752d5834e22b406123d453ac965,2026-07-05T09:33:52Z,2026-07-05T09:33:52Z,0,1000,0,1784951800.96479
sub_694ff5fcbdfe4c2bb3c72cfcdaddd44d,2026-07-05T09:34:03Z,2026-07-05T09:34:03Z,0,1000,0,1784951799.895345
sub_aada3eabcbbb4cceb2a4d65109cad984,2026-07-05T09:34:15Z,2026-07-05T09:34:15Z,0,1000,0,1784951799.1295412
sub_43a666f078624432bc8596949aca9e42,2026-07-05T09:34:27Z,2026-07-05T09:34:27Z,0,1000,0,1784951798.318263
sub_30403991a2464c0ab4b553b8a333aca5,2026-07-05T09:34:37Z,2026-07-05T09:34:37Z,0,1000,0,1784951797.3032918
sub_fcc49576224e472dbd275baf6607fb82,2026-07-05T09:34:47Z,2026-07-05T09:34:47Z,0,1000,0,1784951794.3160489
sub_6b208509af294f6484e69588a5c836fe,2026-07-05T09:35:13Z,2026-07-05T09:35:13Z,0,1000,0,1784951793.296764
sub_815ce18cd48f4ef78146cd6d5c77bd34,2026-07-05T09:35:25Z,2026-07-05T09:35:25Z,0,1000,0,1784951792.284693
sub_31790169341d4e42926ffcb7cdd57335,2026-07-05T09:35:35Z,2026-07-05T09:35:35Z,0,1000,0,1784951791.0484521
sub_f98c3ee2fe3749298bd660255a38718f,2026-07-05T09:35:46Z,2026-07-05T09:35:46Z,0,1000,0,1784951790.029867
sub_ff39a6437df14a4b926d8d3e1ccc6a5e,2026-07-05T09:35:57Z,2026-07-05T09:35:57Z,0,1000,0,1784951786.9617898
sub_803c106ddc32485db20355578f783636,2026-07-05T09:36:09Z,2026-07-05T09:36:09Z,0,1000,0,1784951785.736784
sub_f2ce9fec89d140e1943954be047dd7b5,2026-07-05T09:36:36Z,2026-07-05T09:36:36Z,0,1000,0,1784951784.750593
sub_a25236e630dd4aad82f61352d9e50161,2026-07-05T09:36:48Z,2026-07-05T09:36:48Z,0,1000,0,1784951783.982892
sub_e58a1cf8d6be40c492640ad212ec725d,2026-07-05T09:37:02Z,2026-07-05T09:37:02Z,0,1000,0,1784951783.070524
sub_5f86cc0f5caa456a9e403b232aa40e7c,2026-07-05T09:37:15Z,2026-07-05T09:37:15Z,0,1000,0,1784951780.132969
sub_a1a3a6201a714e56ae3ebe27cef7bd85,2026-07-05T09:37:31Z,2026-07-05T09:37:31Z,0,1000,0,1784951778.565656
sub_c94570c431d74dc8ba962ac384dc339b,2026-07-05T09:42:12Z,2026-07-05T09:42:12Z,0,1000,0,1784951776.802739
sub_c141c1389665480caf3616e9bb5b379e,2026-07-05T09:42:26Z,2026-07-05T09:42:26Z,0,1000,0,1784951774.80752
sub_9a60ac518905455e96b76c59d9057526,2026-07-05T09:42:40Z,2026-07-05T09:42:40Z,0,1000,0,1784951773.5180511
sub_446602b398d245a397e312cff684a149,2026-07-05T09:43:13Z,2026-07-05T09:43:13Z,0,1000,0,1784951769.177021
sub_be15265fbdcb434aad2da4e4ac731dbc,2026-07-05T09:43:27Z,2026-07-05T09:43:27Z,0,1000,0,1784951767.917759
sub_160a7e65fb854a6f8a4e1e0fe7bc974a,2026-07-05T09:43:59Z,2026-07-05T09:43:59Z,0,1000,0,1784951766.683446
sub_a7feadf934044b9eb72cf222f7f745c9,2026-07-05T09:44:12Z,2026-07-05T09:44:12Z,0,1000,0,1784951765.1575308
sub_807b3cb3f69c499b8272094d847ab277,2026-07-05T09:44:49Z,2026-07-05T09:44:49Z,0,1000,0,1784951763.331466
sub_0d611b032ee74c88bb74537aa27fbc91,2026-07-05T09:45:44Z,2026-07-05T09:45:44Z,0,1000,0,1784951760.308862
sub_97582c23e40a42caa2058b6593f942fd,2026-07-05T09:46:46Z,2026-07-05T09:46:46Z,0,1000,0,1784951758.999145
sub_67e3230c0a44428ab8d727ddf8533d51,2026-07-05T09:47:41Z,2026-07-05T09:47:41Z,0,1000,0,1784951757.628098
sub_de0f1ecebb864946a00418f5fe183757,2026-07-05T09:49:42Z,2026-07-05T09:49:42Z,0,1000,0,1784951756.313452
sub_701ca4385b964aaf9909c6199d95f2b7,2026-07-05T09:49:57Z,2026-07-05T09:49:57Z,0,1000,0,1784951754.427954
sub_97f00bd9b6cd4678a481a97f6cde9eba,2026-07-05T09:50:52Z,2026-07-05T09:50:52Z,0,1000,0,1784951749.782712
sub_5a0414dd6f1c4bfbba05995896a6de63,2026-07-05T09:51:26Z,2026-07-05T09:51:26Z,0,1000,0,1784951748.547215
sub_f54c6e47e11b4823807792e3b9153335,2026-07-05T09:52:26Z,2026-07-05T09:52:26Z,0,1000,0,1784951746.928803
sub_1c2a0376c3c44f4bae4b8e7a35140eea,2026-07-05T09:53:02Z,2026-07-05T09:53:02Z,0,1000,0,1784951744.381684
sub_f23e0820018c4af3bbb8d43e1d348c4c,2026-07-05T09:53:18Z,2026-07-05T09:53:18Z,0,1000,0,1784951742.525559
sub_3f53957dec484f2b97976944ad7501ed,2026-07-05T09:53:55Z,2026-07-05T09:53:55Z,0,1000,0,1784951735.607986
sub_4499f859760448f18550900cd398e43b,2026-07-05T09:54:12Z,2026-07-05T09:54:12Z,0,1000,0,1784951733.927992
sub_e9a989d02c13494e896fc5be886493f6,2026-07-05T09:54:45Z,2026-07-05T09:54:45Z,0,1000,0,1784951731.7536268
sub_36dd7c8534144026aa31009d50ea2fcd,2026-07-05T09:55:04Z,2026-07-05T09:55:04Z,0,1000,0,1784951730.432288
sub_4422fda7fa68447fa7ab3644561414ce,2026-07-05T09:55:44Z,2026-07-05T09:55:44Z,0,1000,0,1784951728.478951
sub_e882e3b1caa8465f8b5a1fd8e3259ea0,2026-07-05T09:57:45Z,2026-07-05T09:57:45Z,0,1000,0,1784951723.5555682
sub_715d02c4064146aab8c50371bff42cc1,2026-07-05T09:58:28Z,2026-07-05T09:58:28Z,0,1000,0,1784951722.053962
sub_9cd621d56e9b4abeaeb836baa4a22f84,2026-07-05T09:58:47Z,2026-07-05T09:58:47Z,0,1000,0,1784951720.781985
sub_27a9254a91fc428ab7444cbccb3e874e,2026-07-06T02:25:33Z,2026-07-06T02:25:33Z,0,1000,0,1784951719.663629
sub_1e83b5b15f7d41e59abe567c9da839c4,2026-07-06T02:31:53Z,2026-07-06T02:31:53Z,0,1000,0,1784951718.25825
sub_f8bc55e455c348489ab08802dbc823a4,2026-07-06T02:33:12Z,2026-07-06T02:33:12Z,0,1000,0,1784951715.358371
sub_416764d029284f03b6c018cf4f6f53dc,2026-07-06T02:36:19Z,2026-07-06T02:36:19Z,0,1000,0,1784951713.971406
sub_12dec82324fd438aa6f10234ad3ea5b0,2026-07-06T02:38:13Z,2026-07-06T02:38:13Z,0,1000,0,1784951713.120158
sub_b2447c87240d4590a8efd9ff3df0e4e4,2026-07-06T02:40:10Z,2026-07-06T02:40:10Z,0,1000,0,1784951711.685516
sub_b53c38f0a7d94733b140383787c1c308,2026-07-06T02:44:47Z,2026-07-06T02:44:47Z,0,1000,0,1784951710.312713
sub_2234b87680d947e6988d0a527bb512ef,2026-07-06T02:46:50Z,2026-07-06T02:46:50Z,0,1000,0,1784951707.385757
sub_b263558c5ec441ea9065ae5a7eaee1ee,2026-07-06T02:49:27Z,2026-07-06T02:49:27Z,0,1000,0,1784951705.779849
sub_63df25697fc64509b5919bebc7b0ea88,2026-07-06T02:55:37Z,2026-07-06T02:55:37Z,0,1000,0,1784951704.524009
sub_892a712b9a5545fca22cffc97e43ec3c,2026-07-06T02:57:00Z,2026-07-06T02:57:00Z,0,1000,0,1784951703.3086479
sub_aa7aeef307bb45fba13329d3da7812a1,2026-07-06T02:59:29Z,2026-07-06T02:59:29Z,0,1000,0,1784951701.958034
sub_09d88f0fe6c34aa29e93edf3eff7b9e2,2026-07-06T03:02:39Z,2026-07-06T03:02:39Z,0,1000,0,1784951698.268157
sub_740e9637bbbd47d9a630e0a3af9057b6,2026-07-06T03:04:55Z,2026-07-06T03:04:55Z,0,1000,0,1784951696.9306781
sub_abb7d285860549d481da92bdae361826,2026-07-06T03:04:59Z,2026-07-06T03:04:59Z,0,1000,0,1784951695.777429
sub_1fa19ad15b7a44beb4f64942b69f2f3b,2026-07-06T03:14:51Z,2026-07-06T03:14:51Z,0,1000,0,1784951694.953396
sub_85713b083be144a5a9e629a7c97db078,2026-07-06T03:19:33Z,2026-07-06T03:19:33Z,0,1000,0,1784951693.56094
sub_e6de39bade8d4cf7912c93f89ce95a48,2026-07-06T03:24:12Z,2026-07-06T03:24:12Z,0,1000,0,1784951690.09923
sub_61eef8f79fd7487680025fb862dd549c,2026-07-06T03:27:18Z,2026-07-06T03:27:18Z,0,1000,0,1784951688.6627991
sub_465808ac7b254a9581a13bdeaacbb6c7,2026-07-06T03:29:38Z,2026-07-06T03:29:38Z,0,1000,0,1784951687.231909
sub_41783b8a0ac8466cbdcc9dc6887a3144,2026-07-06T03:32:00Z,2026-07-06T03:32:00Z,0,1000,0,1784951685.823214
sub_fa3be78828144ba6ba75e2130a643d18,2026-07-06T03:34:21Z,2026-07-06T03:34:21Z,0,1000,0,1784951684.466007
sub_e67f04dd42384c05a9d7f0184e9f6ef5,2026-07-06T03:37:34Z,2026-07-06T03:37:34Z,0,1000,0,1784951680.861247
sub_c8e6c2c401c14bae9ba2f12abe58ac06,2026-07-06T03:37:38Z,2026-07-06T03:37:38Z,0,1000,0,1784951679.5320609
sub_509ff5b727c54893b4e0aa644a53b66e,2026-07-06T03:40:40Z,2026-07-06T03:40:40Z,0,1000,0,1784951678.166996
sub_547376bec61148279a6a0459bcde5b6b,2026-07-06T03:47:39Z,2026-07-06T03:47:39Z,0,1000,0,1784951676.3685062
sub_ee7cccabd7c243bbb7c279e31f03e2aa,2026-07-06T03:50:50Z,2026-07-06T03:50:50Z,0,1000,0,1785065453.691838
sub_e2563c75824447b2b9855aa2d0ddd617,2026-07-06T03:53:02Z,2026-07-06T03:53:02Z,0,1000,0,1785065458.1418638
sub_40e75be615654f408b5ed497c59dc9fa,2026-07-06T03:56:54Z,2026-07-06T03:56:54Z,0,1000,0,1785065462.8482869
sub_259e16abbdef4d12846a5cf35b1e4292,2026-07-06T03:59:29Z,2026-07-06T03:59:29Z,0,1000,0,1784951655.4881558
sub_1a9bf17751fd442f8976d84483a67e29,2026-07-06T04:00:00Z,2026-07-06T04:00:00Z,0,1000,0,1784951653.932241
sub_019d46a16854442ba31ae03c2d3562d8,2026-07-06T04:03:06Z,2026-07-06T04:03:06Z,0,1000,0,1784951653.0189838
sub_4772567c31fe4690b046be6f4a2f71bc,2026-07-06T04:05:27Z,2026-07-06T04:05:27Z,0,1000,0,1784951646.530557
sub_009d17537d3b4ed5b1d6f671d47dc783,2026-07-06T04:05:52Z,2026-07-06T04:05:52Z,0,1000,0,1784951645.411078
sub_0691f390e57e40ca9159903fe571379c,2026-07-06T04:07:47Z,2026-07-06T04:07:47Z,0,1000,0,1784951642.676129
sub_288e83e16f5947b699370e8411c9facd,2026-07-06T04:11:03Z,2026-07-06T04:11:03Z,0,1000,0,1784951641.045385
sub_d746c458616a473893361f247e43a4e9,2026-07-06T04:12:57Z,2026-07-06T04:12:57Z,0,1000,0,1784951639.583482
sub_6680ec8b50704486b879d620fa33212b,2026-07-06T04:13:23Z,2026-07-06T04:13:23Z,0,1000,0,1784951636.655891
sub_15754d0daaf64870ba7bf16f4866ca29,2026-07-06T04:16:29Z,2026-07-06T04:16:29Z,0,1000,0,1784951635.8284569
sub_2921be0789764465b46d22e2da6d657b,2026-07-06T04:18:52Z,2026-07-06T04:18:52Z,0,1000,0,1784951634.973065
sub_1be4b8930f834df9bace6a07be65101e,2026-07-06T04:25:53Z,2026-07-06T04:25:53Z,0,1000,0,1784951633.457855
sub_8e6d94503b1b459db148bf830cf18c50,2026-07-06T04:47:30Z,2026-07-06T04:47:30Z,0,1000,0,1784951631.733845
sub_db7e4cde6a4141e78c66662b12ff029c,2026-07-06T04:53:53Z,2026-07-06T04:53:53Z,0,1000,0,1784951628.1473548
sub_02be20573fd043289b468a3bcb19bbe8,2026-07-06T04:59:49Z,2026-07-06T04:59:49Z,0,1000,0,1784951626.997602
sub_3be6f15f5e8e402291e9f4c079ae2d4b,2026-07-06T05:02:09Z,2026-07-06T05:02:09Z,0,1000,0,1784951625.597437
sub_99fe2a45f8c540c09bfb7f65147ac21c,2026-07-06T05:04:49Z,2026-07-06T05:04:49Z,0,1000,0,1784951624.186762
sub_42c43562bcff4a16b91e1b3dd0e7b864,2026-07-06T05:05:15Z,2026-07-06T05:05:15Z,0,1000,0,1784951622.993663
sub_0f2e0c33823946bda8da6c3fb2091727,2026-07-06T05:08:28Z,2026-07-06T05:08:28Z,0,1000,0,1784951619.739736
sub_778742ae945e43eda0c215cd655685b5,2026-07-06T05:11:35Z,2026-07-06T05:11:35Z,0,1000,0,1784951618.50627
sub_7420d561f4fe4b948cb51045d767e843,2026-07-06T05:11:57Z,2026-07-06T05:11:57Z,0,1000,0,1784951616.957396
sub_9a3264242210409cb3ed2d1bde4b328c,2026-07-06T05:19:48Z,2026-07-06T05:19:48Z,0,1000,0,1784951615.842439
sub_1192a07231f94675972cd7b853973993,2026-07-06T05:27:40Z,2026-07-06T05:27:40Z,0,1000,0,1784951614.503965
sub_3b19a34de2de412587672b64beba47b9,2026-07-06T05:35:31Z,2026-07-06T05:35:31Z,0,1000,0,1784951611.152407
sub_32a926799d9a47118965fd6d9f0d0979,2026-07-06T05:40:15Z,2026-07-06T05:40:15Z,0,1000,0,1784951609.755397
sub_92e3fac6c6e546848858dabd49aa5547,2026-07-06T05:42:37Z,2026-07-06T05:42:37Z,0,1000,0,1784951608.460682
sub_4a9606610e7e484c92e52746b713dead,2026-07-06T05:42:38Z,2026-07-06T05:42:38Z,0,1000,0,1784951607.030514
sub_2b4356a49de9484aa7d86a3c73aa8da5,2026-07-06T05:47:16Z,2026-07-06T05:47:16Z,0,1000,0,1784951605.885608
sub_69c1e493440244798d479c8bce840be3,2026-07-06T06:01:42Z,2026-07-06T06:01:42Z,0,1000,0,1784951603.149725
sub_b436f556afd141eca0ab1eb3a1e833a0,2026-07-06T06:02:32Z,2026-07-06T06:02:32Z,0,1000,0,1784951602.228087
sub_170b5755adf44dccbbaff1065cd266c1,2026-07-06T06:05:34Z,2026-07-06T06:05:34Z,0,1000,0,1784951601.2713149
sub_a25a07cec1894447a2f62fd37f9dc5ef,2026-07-06T06:08:41Z,2026-07-06T06:08:41Z,0,1000,0,1784951600.180148
sub_b24349a3e9534e72a36fb97b369932d5,2026-07-06T06:10:23Z,2026-07-06T06:10:23Z,0,1000,0,1784951598.966957
sub_21472f5551f448dd801c1359e5cd0136,2026-07-06T06:17:27Z,2026-07-06T06:17:27Z,0,1000,0,1784951595.373031
sub_5b60c32c21e64a3c91ab289e25d4992b,2026-07-06T06:19:18Z,2026-07-06T06:19:18Z,0,1000,0,1784951594.1478028
sub_706da83cd79b468fb499619c60f37857,2026-07-06T06:21:40Z,2026-07-06T06:21:40Z,0,1000,0,1784951593.002165
sub_def20dde847c4d20b2b279005eae9392,2026-07-06T06:23:46Z,2026-07-06T06:23:46Z,0,1000,0,1784951591.782571
sub_5697981fcd294279ad688dd53418f3a2,2026-07-06T06:24:01Z,2026-07-06T06:24:01Z,0,1000,0,1785065467.360477
sub_a8da4ce3c425407a8e3cf5c610f57849,2026-07-06T06:27:57Z,2026-07-06T06:27:57Z,0,1000,0,1785065470.4550989
sub_69a7c284abb14113a942013aa4b53428,2026-07-06T06:31:03Z,2026-07-06T06:31:03Z,0,1000,0,1784951578.7835908
sub_5d9ce0aaead24d7ca22d2bbb0b78aa59,2026-07-06T06:34:11Z,2026-07-06T06:34:11Z,0,1000,0,1784951577.1522691
sub_65517cceb6964136a9bcb6580f9906ce,2026-07-06T06:36:18Z,2026-07-06T06:36:18Z,0,1000,0,1784951575.593854
sub_24b4ebf7650041429c199546ea130d08,2026-07-06T06:38:47Z,2026-07-06T06:38:47Z,0,1000,0,1784951574.025032
sub_0262643e31cd495daee5840efe7ddd19,2026-07-06T06:42:39Z,2026-07-06T06:42:39Z,0,1000,0,1784951570.654312
sub_888c39988c344813be19731a935bb214,2026-07-06T06:46:31Z,2026-07-06T06:46:31Z,0,1000,0,1784951569.351161
sub_fe8167f3b3c74972b28ccce2e3ea9023,2026-07-06T06:49:37Z,2026-07-06T06:49:37Z,0,1000,0,1784951567.9968882
sub_1eee40e42a084eaebf0f14578bdb51d5,2026-07-06T06:52:43Z,2026-07-06T06:52:43Z,0,1000,0,1784951566.5874019
sub_81d6b0e2a5ac4427927a0ada2431bcc4,2026-07-06T06:53:56Z,2026-07-06T06:53:56Z,0,1000,0,1784951564.4546628
sub_3b6c18a4e91848a9a73f445db5cd80c9,2026-07-06T06:55:48Z,2026-07-06T06:55:48Z,0,1000,0,1784951561.5827289
sub_ce41a87c00104851a3cf5166c070f05d,2026-07-06T07:00:00Z,2026-07-06T07:00:00Z,0,1000,0,1784951560.247233
sub_48912b8083454846b5d395fcf8453dca,2026-07-06T07:03:54Z,2026-07-06T07:03:54Z,0,1000,0,1784951558.8408818
sub_75fc69dc86d14acbb2de48413c34ec85,2026-07-06T07:08:32Z,2026-07-06T07:08:32Z,0,1000,0,1784951557.5806332
sub_08b0f673d57d4614bf2ff83502433ded,2026-07-06T07:12:24Z,2026-07-06T07:12:24Z,0,1000,0,1784951556.673197
sub_f0c8a849ee2b41e5ac1f05e076e85a5d,2026-07-06T07:15:31Z,2026-07-06T07:15:31Z,0,1000,0,1784951553.285412
sub_648ef6c7ba9847498d0fffc7e45d47ea,2026-07-06T07:19:25Z,2026-07-06T07:19:25Z,0,1000,0,1784951550.8171148
sub_f5e599d36cfe4ebbad18717d86ca5ffb,2026-07-06T07:21:45Z,2026-07-06T07:21:45Z,0,1000,0,1784951549.3624032
sub_54103c5b2e6b4084ab27f98b8ba6dfe7,2026-07-06T07:24:50Z,2026-07-06T07:24:50Z,0,1000,0,1784951547.746371
sub_01dd7ea79c9b49dcb821bdba235b1096,2026-07-06T07:24:57Z,2026-07-06T07:24:57Z,0,1000,0,1784951546.3714728
sub_c0918da894394c5cbcfc5835e225e34b,2026-07-06T07:35:29Z,2026-07-06T07:35:29Z,0,1000,0,1784951542.8316019
sub_76de6c3bf0034dd18256f4a472a5bb30,2026-07-06T07:38:35Z,2026-07-06T07:38:35Z,0,1000,0,1784951541.880073
sub_d09c971bb177482cbe0a11d4ced2dda4,2026-07-06T07:41:46Z,2026-07-06T07:41:46Z,0,1000,0,1784951540.759012
sub_5887d680e17a45278254bf07522b50b1,2026-07-06T07:44:54Z,2026-07-06T07:44:54Z,0,1000,0,1784951539.249172
sub_45ba6d3a8c604c498d93297cebefb693,2026-07-06T07:48:00Z,2026-07-06T07:48:00Z,0,1000,0,1784951537.801756
sub_d2723b629761464e8afc9a6e6ae6d700,2026-07-06T07:51:52Z,2026-07-06T07:51:52Z,0,1000,0,1784951534.2387252
sub_56dffde962f4409796fe265c275b6349,2026-07-06T07:54:13Z,2026-07-06T07:54:13Z,0,1000,0,1784951533.025227
sub_1696928a798e4c1c9951e272216f6dac,2026-07-06T07:56:33Z,2026-07-06T07:56:33Z,0,1000,0,1784951532.173389
sub_f19f751ff2584161b4ceeddf7e3217c8,2026-07-06T07:58:54Z,2026-07-06T07:58:54Z,0,1000,0,1784951531.349926
sub_4e6fe2a73aef42dc9f9ee5439cb80e80,2026-07-06T08:01:14Z,2026-07-06T08:01:14Z,0,1000,0,1784951529.614389
sub_964d5ee740ad417b9cfe85c7f867f642,2026-07-06T08:03:33Z,2026-07-06T08:03:33Z,0,1000,0,1784951526.7905579
sub_de54c6d13f2941a78d5dd53a0ae2a0b3,2026-07-06T08:05:53Z,2026-07-06T08:05:53Z,0,1000,0,1784951525.763434
sub_8cbf6e4bcf2743e1a9e1764d1bac04f7,2026-07-06T08:08:12Z,2026-07-06T08:08:12Z,0,1000,0,1784951524.386085
sub_59794d8344714e45ab7734d220a22a53,2026-07-06T08:10:37Z,2026-07-06T08:10:37Z,0,1000,0,1784951522.955279
sub_b09692fe2e6f4f4c857ccf728787c66b,2026-07-06T08:12:58Z,2026-07-06T08:12:58Z,0,1000,0,1784951521.544642
sub_d80751a881d044e496f3c38f62ac9435,2026-07-06T08:15:18Z,2026-07-06T08:15:18Z,0,1000,0,1784951518.356043
sub_722622e5820e4c3690e2a08bc451ebc9,2026-07-06T08:18:26Z,2026-07-06T08:18:26Z,0,1000,0,1784951517.003001
sub_de6551180ba44c40b50cad6bbd9638fc,2026-07-06T08:20:47Z,2026-07-06T08:20:47Z,0,1000,0,1784951515.63216
sub_0b606ba996034e6b9e88d01cab8da665,2026-07-06T08:23:07Z,2026-07-06T08:23:07Z,0,1000,0,1784951514.780443
sub_21549bd571624f8dbfb4ba950d8dd886,2026-07-06T08:25:27Z,2026-07-06T08:25:27Z,0,1000,0,1784951513.666238
sub_807d3990a7b34f60b0385eb057969542,2026-07-06T08:27:47Z,2026-07-06T08:27:47Z,0,1000,0,1784951510.886673
sub_d8fe76e3aa5642c9868c080078c8d31f,2026-07-06T08:30:07Z,2026-07-06T08:30:07Z,0,1000,0,1784951509.10166
sub_47a50714c6734e3588d9316893d3f176,2026-07-06T08:32:27Z,2026-07-06T08:32:27Z,0,1000,0,1784951507.512199
sub_359f9e4feb5c4c3cae55314d17cf8ac4,2026-07-06T08:36:04Z,2026-07-06T08:36:04Z,0,1000,0,1784951506.071845
sub_9378ba6f1d1b409a8bba2656f758c9dd,2026-07-06T08:39:09Z,2026-07-06T08:39:09Z,0,1000,0,1784951505.186424
sub_029575b4345e442e95f5ab681ff54428,2026-07-06T08:42:15Z,2026-07-06T08:42:15Z,0,1000,0,1784951502.0493498
sub_d39a1e5a3aef4ef895a39073709adc8a,2026-07-06T08:44:37Z,2026-07-06T08:44:37Z,0,1000,0,1784951500.3550909
sub_7a42a5038a824a86b4270a241cc5c5be,2026-07-06T08:47:45Z,2026-07-06T08:47:45Z,0,1000,0,1784951499.314817
sub_d2251b71158f4d1fa4dc3ac0b19099a4,2026-07-06T08:50:12Z,2026-07-06T08:50:12Z,0,1000,0,1784951497.878368
sub_1b74ad1a62b04cd9be95db65b9d827d4,2026-07-06T08:54:07Z,2026-07-06T08:54:07Z,0,1000,0,1784951496.437599
sub_3a688e1079b74a799bf106bf012604f2,2026-07-06T08:58:45Z,2026-07-06T08:58:45Z,0,1000,0,1784951492.945347
sub_5a4ea1a027844479ad2501b8be5a9c6d,2026-07-06T09:03:23Z,2026-07-06T09:03:23Z,0,1000,0,1784951491.3004842
sub_c44728ecbf964e6c8f5963155ab35e0f,2026-07-06T09:05:47Z,2026-07-06T09:05:47Z,0,1000,0,1784951489.3818948
sub_cb410b8803c6451d822c3e9c204829ad,2026-07-06T09:08:53Z,2026-07-06T09:08:53Z,0,1000,0,1784951486.885601
sub_a06a91bbc59c4611ac632a27da557d74,2026-07-06T09:12:00Z,2026-07-06T09:12:00Z,0,1000,0,1784951485.326679
sub_46d71fb3454a432eb99e3591f871a248,2026-07-06T09:14:27Z,2026-07-06T09:14:27Z,0,1000,0,1784951481.743659
sub_05cae9f026f04806ad48bfed2114597c,2026-07-06T09:24:18Z,2026-07-06T09:24:18Z,0,1000,0,1784951480.4966831
sub_d29f95f7497e40e580174d8b9f93fe67,2026-07-06T09:26:38Z,2026-07-06T09:26:38Z,0,1000,0,1784951479.460853
sub_c7e05c9509a449c9971fcbacdd2c8145,2026-07-06T09:29:44Z,2026-07-06T09:29:44Z,0,1000,0,1784951478.254505
sub_7129757b04c74d6d9af78e20e32e97b5,2026-07-06T19:27:48Z,2026-07-06T19:27:48Z,0,1000,0,1784951477.4216902
sub_4a4b46915c3a4e658aa2076012545ea8,2026-07-06T20:09:50Z,2026-07-06T20:09:50Z,0,1000,0,1784951474.331653
sub_2f47b5cf968447a097525e8dd4c8a65a,2026-07-06T20:51:38Z,2026-07-06T20:51:38Z,0,1000,0,1784951472.940216
sub_6f176ee26a4f4b5589831d414a63478f,2026-07-06T21:30:41Z,2026-07-06T21:30:41Z,0,1000,0,1784951471.776822
sub_c506776ec2cd4d9097d45a564fa2aef8,2026-07-06T22:17:15Z,2026-07-06T22:17:15Z,0,1000,0,1784951470.442662
sub_704403f12ab749fa8d73a7e3dc84e7e0,2026-07-06T22:56:59Z,2026-07-06T22:56:59Z,0,1000,0,1784951469.107018
sub_a6cb702a0cd94b539b980ba1fbce5fc2,2026-07-07T03:17:56Z,2026-07-07T03:17:56Z,0,1000,0,1784951465.755211
sub_9d13a5bb47c2496991090c4142139f93,2026-07-07T04:03:35Z,2026-07-07T04:03:35Z,0,1000,0,1784951464.420674
sub_e4f455f981ce4024977db2be91803346,2026-07-07T04:56:43Z,2026-07-07T04:56:43Z,0,1000,0,1784951463.307473
sub_c5f03951bad448f0bf6bd118876a174e,2026-07-07T12:57:24Z,2026-07-07T12:57:24Z,0,1000,0,1784951462.115135
sub_dd44e0cda9e3434d9e89ceddcdf6c120,2026-07-07T13:52:06Z,2026-07-07T13:52:06Z,0,1000,0,1784951460.971513
sub_00a815f63ccc4420b43aa8f790cbecbd,2026-07-07T14:52:53Z,2026-07-07T14:52:53Z,0,1000,0,1784951457.550068
sub_cd1ee0a847fb427cb10185a4231543d5,2026-07-07T15:36:16Z,2026-07-07T15:36:16Z,0,1000,0,1784951456.441229
sub_3f3fb42e918f4fb3b6ca3e9e7473bb25,2026-07-07T16:18:43Z,2026-07-07T16:18:43Z,0,1000,0,1784951454.885094
sub_9f6dea2aeba94150babe68607be42389,2026-07-07T16:56:51Z,2026-07-07T16:56:51Z,0,1000,0,1784951454.09302
sub_84cecdc1fb8a4b88839f54384ebbc931,2026-07-07T17:24:46Z,2026-07-07T17:24:46Z,0,25,0,1784951452.802688
sub_4ef7f536ee264811bfafbb5ef3ae4a35,2026-07-07T17:24:51Z,2026-07-07T17:24:51Z,0,25,0,1784951450.689584
sub_a2fc2e1fb1ad445caa94bece9ddbf44c,2026-07-07T17:25:06Z,2026-07-07T17:25:06Z,0,25,0,1784951450.167399
sub_3351b60ba6de4864b7fdb13abcb78d0d,2026-07-07T17:25:10Z,2026-07-07T17:25:10Z,0,25,0,1784951449.552789
sub_6d12d4b2c42f4b8182c48ca6e53bb009,2026-07-07T17:25:13Z,2026-07-07T17:25:13Z,0,25,0,1784951448.884446
sub_7105d3083b3d46f0afc4fac869202a2e,2026-07-07T17:25:34Z,2026-07-07T17:25:34Z,0,25,0,1784951448.321823
sub_5205345615464a408abb35198b77c7d6,2026-07-07T17:25:38Z,2026-07-07T17:25:38Z,0,25,0,1784951447.35064
sub_d72c78d7591440b9aca5a3eff5241f57,2026-07-07T17:25:49Z,2026-07-07T17:25:49Z,0,25,0,1784951446.783239
sub_0fd58950de434fcea1c8a9b6e251f20f,2026-07-07T17:25:52Z,2026-07-07T17:25:52Z,0,25,0,1784951446.2754428
sub_fcfc6c04443f4201a408d5a99eccea6f,2026-07-07T17:25:59Z,2026-07-07T17:25:59Z,0,25,0,1784951445.662053
sub_71a6babb50464bc7a6e34b1b7ccbbb50,2026-07-07T17:26:03Z,2026-07-07T17:26:03Z,0,25,0,1784951445.1077619
sub_7f4f40c3fc1d4b17bd4ccf7c86b72657,2026-07-07T17:26:12Z,2026-07-07T17:26:12Z,0,25,0,1784951444.196202
sub_89117282fbff453ea631d8f68bdab8e8,2026-07-07T17:26:14Z,2026-07-07T17:26:14Z,0,25,0,1784951443.66498
sub_32b7fea74122461bb24d9852814f1304,2026-07-07T17:26:22Z,2026-07-07T17:26:22Z,0,25,0,1784951443.154063
sub_9390d0d02c7d40cea610f4b174f9f5bc,2026-07-07T17:26:24Z,2026-07-07T17:26:24Z,0,25,0,1784951442.632171
sub_78cb66936fef4a6ba401c11174b38be8,2026-07-07T17:26:34Z,2026-07-07T17:26:34Z,0,25,0,1784951442.075915
sub_568bf9940d9b463f89970ccc0066fcbe,2026-07-07T17:26:37Z,2026-07-07T17:26:37Z,0,25,0,1784951441.154953
sub_fbcdd5fe01844f7191d4c4baa271b83f,2026-07-07T17:26:44Z,2026-07-07T17:26:44Z,0,25,0,1784951440.541674
sub_5bc09191f0a6446d80c70e05306b276f,2026-07-07T17:26:53Z,2026-07-07T17:26:53Z,0,25,0,1784951439.926281
sub_126f753acb264baba0ba570dad3aebd8,2026-07-07T17:26:56Z,2026-07-07T17:26:56Z,0,25,0,1784951439.313225
sub_9dfaa225dc154fd198e5151c749b3cd7,2026-07-07T17:27:02Z,2026-07-07T17:27:02Z,0,25,0,1784951438.6990552
sub_ef4ace9983f8489f9d6fc37382d1a0f0,2026-07-07T17:27:09Z,2026-07-07T17:27:09Z,0,25,0,1784951437.509257
sub_5324c65c1fa54291b2c951f13b84388d,2026-07-07T17:27:17Z,2026-07-07T17:27:17Z,0,25,0,1784951436.853878
sub_eb178058299c4003b1fa276a2f16867b,2026-07-07T17:27:21Z,2026-07-07T17:27:21Z,0,25,0,1784951436.238785
sub_cfe5bc19168245cd93eae93a4acba44f,2026-07-07T17:27:26Z,2026-07-07T17:27:26Z,0,25,0,1784951435.625222
sub_9a977f8a70ea47f3beaecb67dfe63ec3,2026-07-07T17:27:36Z,2026-07-07T17:27:36Z,0,25,0,1784951435.111989
sub_b3c72867002c4339b9ad59c8c5e7479f,2026-07-07T17:27:41Z,2026-07-07T17:27:41Z,0,25,0,1784951434.138897
sub_002cf985b55b429986c55d6c0a1b5126,2026-07-07T17:27:45Z,2026-07-07T17:27:45Z,0,25,0,1784951433.576289
sub_79684233d3a64cf08bcd259ce437253d,2026-07-07T17:27:59Z,2026-07-07T17:27:59Z,0,25,0,1784951432.962941
sub_d1c0290ec6214064ab3816c9c4ae0985,2026-07-07T17:28:04Z,2026-07-07T17:28:04Z,0,25,0,1784951432.398483
sub_c2b1b9f3a4754c21b1a9f8cc1cfe5cdc,2026-07-07T17:28:08Z,2026-07-07T17:28:08Z,0,25,0,1784951431.835556
sub_dc49dfd83c7c4761a1c3333cd3c0990c,2026-07-07T17:28:24Z,2026-07-07T17:28:24Z,0,25,0,1784951250.7357771
sub_bb28994fb75a40d3a36d8e0dc83b8d68,2026-07-07T17:28:30Z,2026-07-07T17:28:30Z,0,25,0,1784951250.2232928
sub_11146ee2abdb43f7a85c9c6a1b05de12,2026-07-07T17:28:33Z,2026-07-07T17:28:33Z,0,25,0,1784951249.608823
sub_8a2d12ca8f3a48ac99092c7cfc5d93b7,2026-07-07T17:28:41Z,2026-07-07T17:28:41Z,0,25,0,1784951248.893398
sub_80074e86a0a04803b66b38ec0b30adae,2026-07-07T17:28:45Z,2026-07-07T17:28:45Z,0,25,0,1784951247.882601
sub_d3fbb1b6a00548b69036c74f15ab1c30,2026-07-07T17:28:53Z,2026-07-07T17:28:53Z,0,25,0,1784951247.359148
sub_11397662cf834959a9eda48f1ee98622,2026-07-07T17:28:56Z,2026-07-07T17:28:56Z,0,25,0,1784951246.641284
sub_a7a42d1ce88c440cbd2ec69b14bcd578,2026-07-07T17:29:03Z,2026-07-07T17:29:03Z,0,25,0,1784951246.028081
sub_c4ebd2dcfdd14ee59921a1fac6cc06f9,2026-07-07T17:29:07Z,2026-07-07T17:29:07Z,0,25,0,1784951245.4147809
sub_780ebe63e1cc496a89fe2033b661eabb,2026-07-07T17:29:13Z,2026-07-07T17:29:13Z,0,25,0,1784951244.2896378
sub_a092028f23914a5da4d1d221a13b26f6,2026-07-07T17:29:17Z,2026-07-07T17:29:17Z,0,25,0,1784951243.5560682
sub_f522c911273d4fdf83abedb365354684,2026-07-07T17:29:25Z,2026-07-07T17:29:25Z,0,25,0,1784951242.926008
sub_d322cf7fc19340f989bdbddf1b1f52a0,2026-07-07T17:29:29Z,2026-07-07T17:29:29Z,0,25,0,1784634827.3792589
sub_4f55bb786f0941d3b2c3d7328a3e47b9,2026-07-07T17:29:39Z,2026-07-07T17:29:39Z,0,25,0,1784634826.642824
sub_3fae741bb5b843d793df9d24009afac2,2026-07-07T17:29:47Z,2026-07-07T17:29:47Z,0,25,0,1784634826.489047
sub_b91004de26574eac8dbde25120f92e87,2026-07-07T17:29:49Z,2026-07-07T17:29:49Z,0,25,0,1784634825.688459
sub_f9cc37d6fb964790a6300ef5bef04e2d,2026-07-07T17:29:56Z,2026-07-07T17:29:56Z,0,25,0,1784634825.576473
sub_dcdc2e83531f48d9b7af9b3a24029351,2026-07-07T17:30:03Z,2026-07-07T17:30:03Z,0,25,0,1784634824.696743
sub_bfbf29cd27e742e8aceb3210165d5a8a,2026-07-07T17:30:10Z,2026-07-07T17:30:10Z,0,25,0,1784634824.602375
sub_36bfbe1f55a14be6adfd636424189cdf,2026-07-07T17:30:14Z,2026-07-07T17:30:14Z,0,25,0,1784634823.703386
sub_32c8204d726d474fbd22b682ad753eb4,2026-07-07T17:30:23Z,2026-07-07T17:30:23Z,0,25,0,1784634823.722306
sub_8cf5bee2826a4d5c8f16f39448fa5c86,2026-07-07T17:30:27Z,2026-07-07T17:30:27Z,0,25,0,1784634821.861513
sub_b1422aa1f4764b89b9871c2420bc823c,2026-07-07T17:30:34Z,2026-07-07T17:30:34Z,0,25,0,1784634821.8829062
sub_7a3cc1f2f85d497aa419e02c13768ca7,2026-07-07T17:30:37Z,2026-07-07T17:30:37Z,0,25,0,1784634820.592833
sub_9f0ec2f2ab9647bb867d04912f5dfb30,2026-07-07T17:30:44Z,2026-07-07T17:30:44Z,0,25,0,1784634819.989206
sub_2a7e90990fc34a3a886a0b295fcda75b,2026-07-07T17:30:48Z,2026-07-07T17:30:48Z,0,25,0,1784634818.72382
sub_636de159ff0d4448b947d0b718a31f1c,2026-07-07T17:30:56Z,2026-07-07T17:30:56Z,0,25,0,1784634818.241369
sub_86a98bd5befe47418a23cdffc9fece44,2026-07-07T17:30:59Z,2026-07-07T17:30:59Z,0,25,0,1784634817.37087
sub_26c11760dd04495aa44b25c1cafc1d5d,2026-07-07T17:31:06Z,2026-07-07T17:31:06Z,0,25,0,1784634816.902318
sub_60d021303d95491ca7ca23855538653a,2026-07-07T17:31:11Z,2026-07-07T17:31:11Z,0,25,0,1784634816.1303391
sub_5bccaf6615bd42f486deba9ce0c9f3d4,2026-07-07T17:31:17Z,2026-07-07T17:31:17Z,0,25,0,1784634815.5574
sub_c6f16d0943fc4112a00fa7dd88fa8f83,2026-07-07T17:31:21Z,2026-07-07T17:31:21Z,0,25,0,1784634815.2164018
sub_7d7430a789094b1696219ba4c970f3d8,2026-07-07T17:31:29Z,2026-07-07T17:31:29Z,0,25,0,1784634814.698698
sub_439537e5f35a4cd0bdb8826322d01a9c,2026-07-07T17:31:33Z,2026-07-07T17:31:33Z,0,25,0,1784634814.2509701
sub_d78297dbbff54e64ae22e591247ae66d,2026-07-07T17:31:40Z,2026-07-07T17:31:40Z,0,25,0,1784634813.735123
sub_8913bc4b744c44118951c6e1732491a0,2026-07-07T17:31:45Z,2026-07-07T17:31:45Z,0,25,0,1784634813.223957
sub_5122c93f768c475e959ab52e24094f64,2026-07-07T17:31:52Z,2026-07-07T17:31:52Z,0,25,0,1784634812.72323
sub_bed8d9697b61417982c76e769bfc4a7b,2026-07-07T17:31:57Z,2026-07-07T17:31:57Z,0,25,0,1784634812.209192
sub_88e3e41fdb984938909c5a4b4dec12b8,2026-07-07T17:32:03Z,2026-07-07T17:32:03Z,0,25,0,1784634811.772141
sub_e469d9faa7ed4a8d8e0709ee580deab3,2026-07-07T17:32:07Z,2026-07-07T17:32:07Z,0,25,0,1784634811.321207
sub_78b941ee2a00468d8dbb4c4429c9c1e2,2026-07-07T17:32:12Z,2026-07-07T17:32:12Z,0,25,0,1784634810.90661
sub_09d46b4ad1954c26b71a9735a7582aa1,2026-07-07T17:32:17Z,2026-07-07T17:32:17Z,0,25,0,1784634810.366997
sub_0e0c3d18cc4b4655ad5fcf877c113bd2,2026-07-07T17:32:24Z,2026-07-07T17:32:24Z,0,25,0,1784634809.985708
sub_fc3bd06d36b74faea1fd33deede020aa,2026-07-07T17:32:31Z,2026-07-07T17:32:31Z,0,25,0,1784634809.3131
sub_4eb95af3915243eb8f40044af95d5097,2026-07-07T17:32:38Z,2026-07-07T17:32:38Z,0,25,0,1784634809.152404
sub_2ce43a3582c441d39c5ee178b51dc903,2026-07-07T17:32:43Z,2026-07-07T17:32:43Z,0,25,0,1784634808.403143
sub_4ab081da278f4c1c81a6b2731caeb405,2026-07-07T17:32:50Z,2026-07-07T17:32:50Z,0,25,0,1784634808.311566
sub_68fb447e1cb747f69e0c17c6169ec666,2026-07-07T17:32:54Z,2026-07-07T17:32:54Z,0,25,0,1784634807.489015
sub_ad1def8e7c004781a192dcaaa3fa8d69,2026-07-07T17:33:01Z,2026-07-07T17:33:01Z,0,25,0,1784634807.428746
sub_1a52f6b38ce346789fc076820a145ec0,2026-07-07T17:33:05Z,2026-07-07T17:33:05Z,0,25,0,1784634806.550848
sub_4e318a39aac0481daaa2dad8eeed07db,2026-07-07T17:33:12Z,2026-07-07T17:33:12Z,0,25,0,1784634806.3632581
sub_615d288735ce46d6a6a2c32dc908e3bd,2026-07-07T17:33:15Z,2026-07-07T17:33:15Z,0,25,0,1784634805.668111
sub_e46ffa8e94fb4c5c80bac7e35757770b,2026-07-07T17:33:22Z,2026-07-07T17:33:22Z,0,25,0,1784634805.351478
sub_7ae63fb70f0a43e2a82f9ee1949495ca,2026-07-07T17:33:31Z,2026-07-07T17:33:31Z,0,25,0,1784634804.711554
sub_eeb10262348a44898a1a973b8b223afe,2026-07-07T17:33:33Z,2026-07-07T17:33:33Z,0,25,0,1784634804.325794
sub_b701d851951e472c922d2e424fad639b,2026-07-07T17:33:42Z,2026-07-07T17:33:42Z,0,25,0,1784634803.8067
sub_eb2cbce7205b4fc5a6cbc7bc9d20d866,2026-07-07T17:33:52Z,2026-07-07T17:33:52Z,0,25,0,1784634803.267401
sub_1328f2d22be54cfba5dcf8272103cab1,2026-07-07T17:33:55Z,2026-07-07T17:33:55Z,0,25,0,1784634802.8097842
sub_27635517ad8941429ce81ad1543ea122,2026-07-07T17:33:58Z,2026-07-07T17:33:58Z,0,25,0,1784634802.257051
sub_ebae9841f42544f28d1de16fe276bde3,2026-07-07T17:34:57Z,2026-07-07T17:34:57Z,0,25,0,1784634801.836273
sub_2941367eaa9143f1a2aaab36674c248b,2026-07-07T17:35:04Z,2026-07-07T17:35:04Z,0,25,0,1784634801.356385
sub_438e3621dace4ab8b8bcc4f4ded6a431,2026-07-07T17:35:13Z,2026-07-07T17:35:13Z,0,25,0,1784634800.81372
sub_2e7ff5417a6e429a99ee444ffa7cf163,2026-07-07T17:35:18Z,2026-07-07T17:35:18Z,0,25,0,1784634800.3272882
sub_615108fccc0c43aaa9e219e125619bf4,2026-07-07T17:35:25Z,2026-07-07T17:35:25Z,0,25,0,1784634799.811429
sub_2fc56b032d04404bafcba3c80e0ee7bc,2026-07-07T17:35:30Z,2026-07-07T17:35:30Z,0,25,0,1784634799.365472
sub_55c19eeb34e14089a259669e286e6151,2026-07-07T17:35:37Z,2026-07-07T17:35:37Z,0,25,0,1784634798.8213592
sub_ba7ecfb66949468f9c1547dcbab32b1f,2026-07-07T17:35:42Z,2026-07-07T17:35:42Z,0,25,0,1784634798.382463
sub_c730082aca9e4a67a4d5e7590b3f9d5e,2026-07-07T17:35:45Z,2026-07-07T17:35:45Z,0,25,0,1784634797.8891468
sub_58fc34bae7b34aeb960b030d4b11318a,2026-07-07T17:35:52Z,2026-07-07T17:35:52Z,0,25,0,1784634797.355964
sub_c51efa1260d04d2a8146ac3b4e7d7cce,2026-07-07T17:35:59Z,2026-07-07T17:35:59Z,0,25,0,1784634796.84247
sub_7582034d4c7f448caba618145536ce9e,2026-07-07T17:36:03Z,2026-07-07T17:36:03Z,0,25,0,1784634796.338288
sub_df03b74f58f941ed9842e04957feeaa9,2026-07-07T17:36:09Z,2026-07-07T17:36:09Z,0,25,0,1784634795.7175949
sub_52a3b72e5f884bb1bf7629302382485b,2026-07-07T17:36:17Z,2026-07-07T17:36:17Z,0,25,0,1784634795.209864
sub_b1ba17243557401eb25ae221758a0a3b,2026-07-07T17:36:25Z,2026-07-07T17:36:25Z,0,25,0,1784634794.668899
sub_159053b5df2545d9b730856478cae22f,2026-07-07T17:36:29Z,2026-07-07T17:36:29Z,0,25,0,1784634794.181432
sub_f67e32a762aa4b55b0ae7fa3da9a4f9d,2026-07-07T17:36:34Z,2026-07-07T17:36:34Z,0,25,0,1784634793.6433878
sub_f6eca6262b284739aa3bfb6c832734bd,2026-07-07T17:36:40Z,2026-07-07T17:36:40Z,0,25,0,1784634793.163009
sub_8509d4d7996a4deba480955daa99df48,2026-07-07T17:36:48Z,2026-07-07T17:36:48Z,0,25,0,1784634792.691966
sub_8c327a952d30497c9b69b2e9ec28df26,2026-07-07T17:36:53Z,2026-07-07T17:36:53Z,0,25,0,1784634792.1186008
sub_9c62b372181b464dba2b497667c87606,2026-07-07T17:36:58Z,2026-07-07T17:36:58Z,0,25,0,1784634791.700577
sub_cdfc01b539514b1897343932526835d8,2026-07-07T17:37:04Z,2026-07-07T17:37:04Z,0,25,0,1784634791.212208
sub_64c43daa6d8c458fb63129b2640ff467,2026-07-07T17:37:11Z,2026-07-07T17:37:11Z,0,25,0,1784634790.784179
sub_5802c4927d2a4d998ec36cf187d3159e,2026-07-07T17:37:15Z,2026-07-07T17:37:15Z,0,25,0,1784634790.225726
sub_678e297ebd7144439a6df0152ec08667,2026-07-07T17:37:21Z,2026-07-07T17:37:21Z,0,25,0,1784634789.8870668
sub_72cf555dfbed48d49c3581f85853a5b4,2026-07-07T17:37:27Z,2026-07-07T17:37:27Z,0,25,0,1784634789.3748438
sub_64794cacf98845f9a6e05f959d7b12b3,2026-07-07T17:37:34Z,2026-07-07T17:37:34Z,0,25,0,1784634788.891148
sub_d24c6586b3af4598a08335b3eaf4a528,2026-07-07T17:37:40Z,2026-07-07T17:37:40Z,0,25,0,1784634788.3253791
sub_16fce3c24fa841efa2787c9209d23522,2026-07-07T17:37:48Z,2026-07-07T17:37:48Z,0,25,0,1784634787.907514
sub_8b61c960d74c49d6932b3bea169a0eab,2026-07-07T17:37:59Z,2026-07-07T17:37:59Z,0,25,0,1784634787.401567
sub_dfc5406e2c904a3e8ef0d2394eb70643,2026-07-07T17:38:06Z,2026-07-07T17:38:06Z,0,25,0,1784634786.9701278
sub_36e6eb15ee4247d296e4dc5baf7f2588,2026-07-07T17:38:10Z,2026-07-07T17:38:10Z,0,25,0,1784634786.4628632
sub_06262ee80f95468c8ef672f1a6cdc079,2026-07-07T17:38:15Z,2026-07-07T17:38:15Z,0,25,0,1784634785.967488
sub_40ffa96c352e46f19b0fca090ae1cf6a,2026-07-07T17:38:22Z,2026-07-07T17:38:22Z,0,25,0,1784634785.517994
sub_d957aaacaa6e45f7978cde834d0d3d63,2026-07-07T17:38:29Z,2026-07-07T17:38:29Z,0,25,0,1784634784.989625
sub_32505b61470149b3a3c76b3aa45615fb,2026-07-07T17:38:33Z,2026-07-07T17:38:33Z,0,25,0,1784634784.614818
sub_7745d013e3fb40729210da7e4aab6767,2026-07-07T17:38:38Z,2026-07-07T17:38:38Z,0,25,0,1784634784.1123042
sub_5cf371a335bf48e1993eb566fbe92cdd,2026-07-07T17:38:45Z,2026-07-07T17:38:45Z,0,25,0,1784634783.6349041
sub_0eec5c32b63c41b2a67b4ca7b22977ae,2026-07-07T17:38:51Z,2026-07-07T17:38:51Z,0,25,0,1784634782.9210172
sub_2021c08a25674e5b911e645c6eec20fb,2026-07-07T17:38:55Z,2026-07-07T17:38:55Z,0,25,0,1784634782.4092622
sub_73e4844411e8408391ec18c67b9a3d76,2026-07-07T17:39:00Z,2026-07-07T17:39:00Z,0,25,0,1784634781.993719
sub_7297bd6273b9454491f71950a125844d,2026-07-07T17:39:07Z,2026-07-07T17:39:07Z,0,25,0,1784634781.482052
sub_22514a3bed5547c398e8fedfefaa8b20,2026-07-07T17:39:14Z,2026-07-07T17:39:14Z,0,25,0,1784634780.93401
sub_074e6f193b7d46b797f0406589c52e78,2026-07-07T17:39:18Z,2026-07-07T17:39:18Z,0,25,0,1784634780.4623208
sub_7e686b9e98e04163bbe739585e50accd,2026-07-07T17:39:23Z,2026-07-07T17:39:23Z,0,25,0,1784634779.954875
sub_56d08f99646e4f6e9d098825452f5eb8,2026-07-07T17:39:28Z,2026-07-07T17:39:28Z,0,25,0,1784634779.496898
sub_afc6ddeaf56c4ebf9b24bcd6ff80122e,2026-07-07T17:39:35Z,2026-07-07T17:39:35Z,0,25,0,1784634779.03921
sub_d12b4471ea0d4222821c6a1b44a364b8,2026-07-07T17:39:39Z,2026-07-07T17:39:39Z,0,25,0,1784634778.498123
sub_92b272587a314faba8493a1e1fbfa431,2026-07-07T17:39:45Z,2026-07-07T17:39:45Z,0,25,0,1784634778.019983
sub_6bcfeb808db843b4ba5286077cb2e7b2,2026-07-07T17:39:51Z,2026-07-07T17:39:51Z,0,25,0,1784634777.514282
sub_43f90109c0ba41bbbdccc1354487e7eb,2026-07-07T17:39:58Z,2026-07-07T17:39:58Z,0,25,0,1784634776.8984
sub_559378a6f8fb400d9a4b464ef1aa8d45,2026-07-07T17:40:02Z,2026-07-07T17:40:02Z,0,25,0,1784634775.8295848
sub_78d7183a26264738a56103831331f0d8,2026-07-07T17:40:13Z,2026-07-07T17:40:13Z,0,25,0,1784634775.235679
sub_c987aa50030d41868d8df36eea585c51,2026-07-07T17:40:20Z,2026-07-07T17:40:20Z,0,25,0,1784633969.692203
sub_f1b3fcfb16ee4845ae99a0ea0bcd5987,2026-07-07T17:40:27Z,2026-07-07T17:40:27Z,0,25,0,1784633968.847557
sub_ba77a3ee2ee44066a60ced7c2c98dced,2026-07-07T17:40:32Z,2026-07-07T17:40:32Z,0,25,0,1784633968.833299
sub_830722df1c5a4b06a3a45408a400aed0,2026-07-07T17:40:38Z,2026-07-07T17:40:38Z,0,25,0,1784633968.035218
sub_0604a1bbbe5d465aa41bf60e9a4691a2,2026-07-07T17:40:42Z,2026-07-07T17:40:42Z,0,25,0,1784633967.900356
sub_623b1efc8e714b138324599930d10f3e,2026-07-07T17:40:49Z,2026-07-07T17:40:49Z,0,25,0,1784633967.1448362
sub_dc1cc670fe1544fc9130a84e7f56d546,2026-07-07T17:40:54Z,2026-07-07T17:40:54Z,0,25,0,1784633966.88608
sub_4438e09346e94258a3aeae7d6ecf486a,2026-07-07T17:40:59Z,2026-07-07T17:40:59Z,0,25,0,1784633966.2794619
sub_de713c1932cd4b3c9c8273cf273baa80,2026-07-07T17:41:07Z,2026-07-07T17:41:07Z,0,25,0,1784633966.0079958
sub_bf94564f0eb2425ab5f8e3f6eca603cc,2026-07-07T17:41:14Z,2026-07-07T17:41:14Z,0,25,0,1784633965.4077
sub_e272157499af4f208981e15722fcb3d8,2026-07-07T17:41:18Z,2026-07-07T17:41:18Z,0,25,0,1784633965.1506171
sub_de23c4a758994b4bb4ebdaf63c3bd48f,2026-07-07T17:41:24Z,2026-07-07T17:41:24Z,0,25,0,1784633964.535501
sub_2f264c64120044ceb2f8cc3fcecf7f3a,2026-07-07T17:41:31Z,2026-07-07T17:41:31Z,0,25,0,1784633964.2638268
sub_f9218a6efa3b4062bc6581febedd7a64,2026-07-07T17:41:39Z,2026-07-07T17:41:39Z,0,25,0,1784633963.696643
sub_246feb5b6c9f48e2b0388d93bae15406,2026-07-07T17:41:42Z,2026-07-07T17:41:42Z,0,25,0,1784633963.364026
sub_edf0efbf4e0247c197b66eb8ac66082e,2026-07-07T17:41:51Z,2026-07-07T17:41:51Z,0,25,0,1784633962.854039
sub_cbd4ba1c055443f7b4b420e6b7489351,2026-07-07T17:41:58Z,2026-07-07T17:41:58Z,0,25,0,1784633962.490061
sub_6dfca5765f2b4926aa7d478bd8459552,2026-07-07T17:42:06Z,2026-07-07T17:42:06Z,0,25,0,1784633961.988986
sub_adfe7f09e1b84988a0afcf367b23fcf3,2026-07-07T17:42:10Z,2026-07-07T17:42:10Z,0,25,0,1784633961.623208
sub_87ef636eaaaa4d01bdb2021453145484,2026-07-07T17:42:14Z,2026-07-07T17:42:14Z,0,25,0,1784633961.158217
sub_7f19a867f5f540d8acc6e4a0417f69b9,2026-07-07T17:42:21Z,2026-07-07T17:42:21Z,0,25,0,1784633960.755627
sub_58bbcec389d249a69096e97fbf5b601e,2026-07-07T17:42:28Z,2026-07-07T17:42:28Z,0,25,0,1784633960.1676679
sub_dccffe0716d3478ca5820ec4d3c9ffec,2026-07-07T17:42:32Z,2026-07-07T17:42:32Z,0,25,0,1784633959.898014
sub_8511d0d47e2e465b9ac3c6dcc909e877,2026-07-07T17:42:37Z,2026-07-07T17:42:37Z,0,25,0,1784633959.2915351
sub_a021aeb5103543b385a0ca0c6452b204,2026-07-07T17:42:45Z,2026-07-07T17:42:45Z,0,25,0,1784633959.0955331
sub_019f8d21ec604647b87c9aab9d79facc,2026-07-07T17:42:52Z,2026-07-07T17:42:52Z,0,25,0,1784633958.4334269
sub_157f48fa0ae24402bca97c0426994fb1,2026-07-07T17:42:56Z,2026-07-07T17:42:56Z,0,25,0,1784633958.1975281
sub_42ee4e3ee2264b2da89dd8954916bbad,2026-07-07T17:43:00Z,2026-07-07T17:43:00Z,0,25,0,1784633957.59486
sub_1dc606006c8f47c39a15cf2a68675b22,2026-07-07T17:43:13Z,2026-07-07T17:43:13Z,0,25,0,1784633957.343138
sub_44d137a69f614f28a4870d6a363bc203,2026-07-07T17:43:23Z,2026-07-07T17:43:23Z,0,25,0,1784633956.7458282
sub_c74fabb5b15741eba3a447bb0acbff15,2026-07-07T17:43:27Z,2026-07-07T17:43:27Z,0,25,0,1784633956.415738
sub_fe2a7191f64c4494add1113970242a6c,2026-07-07T17:43:31Z,2026-07-07T17:43:31Z,0,25,0,1784633955.926306
sub_efd21149b6634c34a55abad019d5e1a7,2026-07-07T17:43:36Z,2026-07-07T17:43:36Z,0,25,0,1784633955.581509
sub_ae39ee0a763c41118b25182e145e25fc,2026-07-07T17:43:43Z,2026-07-07T17:43:43Z,0,25,0,1784633955.022859
sub_3dfca14ea5894247bdfadcf60bee30a2,2026-07-07T17:43:49Z,2026-07-07T17:43:49Z,0,25,0,1784633954.6247401
sub_27b28ecf38fb4da2a71d2bc8af5a43c2,2026-07-07T17:44:01Z,2026-07-07T17:44:01Z,0,25,0,1784633954.112257
sub_bb2a9e5bad7349cb9cb694df5df66e55,2026-07-07T17:44:08Z,2026-07-07T17:44:08Z,0,25,0,1784633953.6740742
sub_bdb6d73e94e440948dc9fd35659d975c,2026-07-07T17:44:15Z,2026-07-07T17:44:15Z,0,25,0,1784633953.2005901
sub_7fd23cca65b54a74ba78d701a5d26f2d,2026-07-07T17:44:19Z,2026-07-07T17:44:19Z,0,25,0,1784633952.748842
sub_66076149fccd4eb78de231bb4377ce2e,2026-07-07T17:44:23Z,2026-07-07T17:44:23Z,0,25,0,1784633952.354304
sub_6de1edab551a444a8e20440ea2f639c8,2026-07-07T17:44:33Z,2026-07-07T17:44:33Z,0,25,0,1784633951.874635
sub_aa60c6256ac3463288d01d4412294802,2026-07-07T17:44:45Z,2026-07-07T17:44:45Z,0,25,0,1784633951.472028
sub_ffc0f0b85fd645f8ae664f625da279ff,2026-07-07T17:44:49Z,2026-07-07T17:44:49Z,0,25,0,1784633951.043838
sub_6723324b01b04d1abe4f9cd49cec42c9,2026-07-07T17:44:54Z,2026-07-07T17:44:54Z,0,25,0,1784633950.619959
sub_12cbbfa03705408385f05b2149321c5b,2026-07-07T17:45:00Z,2026-07-07T17:45:00Z,0,25,0,1784633950.196115
sub_cfdea6145abb47abae670e4d3eb1748c,2026-07-07T17:45:14Z,2026-07-07T17:45:14Z,0,25,0,1784633949.74299
sub_49472ffd534149f3a3ffd0d2d2debd26,2026-07-07T17:45:18Z,2026-07-07T17:45:18Z,0,25,0,1784633949.309713
sub_d25c1ebceb684cbd876cf872954889ed,2026-07-07T17:45:23Z,2026-07-07T17:45:23Z,0,25,0,1784633948.722328
sub_8cc2e08a824e4b5caaf94384a47107af,2026-07-07T17:45:32Z,2026-07-07T17:45:32Z,0,25,0,1784633948.259973
sub_183868972d0b41c4ad21dcb3e19ecd29,2026-07-07T17:45:45Z,2026-07-07T17:45:45Z,0,25,0,1784633947.8925388
sub_584cbc7d388d4941a34995acd894e987,2026-07-07T17:45:50Z,2026-07-07T17:45:50Z,0,25,0,1784633947.0406132
sub_15ee352e74b145c9862062b8ec71f7b7,2026-07-07T17:45:55Z,2026-07-07T17:45:55Z,0,1000,0,1784633947.387938
sub_e89bcb64c7f14ec88290292207449e0a,2026-07-07T17:45:58Z,2026-07-07T17:45:58Z,0,25,0,1784633946.188958
sub_6ba19ab092154f9b8db5c4b93c11b475,2026-07-07T17:46:10Z,2026-07-07T17:46:10Z,0,25,0,1784633945.3060071
sub_32625219c31b48f69cc9a0f3ef05d3f9,2026-07-07T17:46:38Z,2026-07-07T17:46:38Z,0,25,0,1784633945.2881238
sub_c5490a6d2d6e46eb9dec5b73a9fbe86e,2026-07-07T17:46:49Z,2026-07-07T17:46:49Z,0,25,0,1784633944.4541728
sub_c791f1030fc34f58844f7a2acdde0d81,2026-07-07T17:46:53Z,2026-07-07T17:46:53Z,0,25,0,1784633944.484907
sub_6d2fb2d08d0b462196ca49a597d3c9ca,2026-07-07T17:46:57Z,2026-07-07T17:46:57Z,0,25,0,1784633943.56596
sub_ff82fdb54b024323a1b1bc407c053cba,2026-07-07T17:47:07Z,2026-07-07T17:47:07Z,0,25,0,1784633943.55983
sub_cae9ae3c1cea4aada6eddbb5c691c08d,2026-07-07T17:47:17Z,2026-07-07T17:47:17Z,0,25,0,1784633942.707687
sub_65065e5fbeb549d5a090200c6a8d071e,2026-07-07T17:47:21Z,2026-07-07T17:47:21Z,0,25,0,1784633942.662142
sub_b6c020932a80430f9358f00ce1dfba7b,2026-07-07T17:47:38Z,2026-07-07T17:47:38Z,0,25,0,1784633941.706052
sub_4d171de4bec2447788d9dd6c68a59a2e,2026-07-07T17:47:46Z,2026-07-07T17:47:46Z,0,25,0,1784633941.699284
sub_6a897148d9a84348bc40f484b63e6a05,2026-07-07T17:47:48Z,2026-07-07T17:47:48Z,0,25,0,1784633940.806725
sub_25b0fd1d8fd144498b82ed0e95333f13,2026-07-07T17:48:12Z,2026-07-07T17:48:12Z,0,25,0,1784633940.74089
sub_f40327e1427c4c3687b8f2462c33d423,2026-07-07T17:48:14Z,2026-07-07T17:48:14Z,0,25,0,1784633939.883927
sub_25146b53bb0542258bf2464f4915a091,2026-07-07T17:48:30Z,2026-07-07T17:48:30Z,0,25,0,1784633939.798678
sub_4803b78a926b4314b9b526d56ca5c13e,2026-07-07T17:48:34Z,2026-07-07T17:48:34Z,0,25,0,1784633939.024328
sub_b9745493f5404a4382198beb7d374191,2026-07-07T17:50:26Z,2026-07-07T17:50:26Z,0,25,0,1784633938.947387
sub_4d72956d15a64cbaa39f60f019d98833,2026-07-07T17:50:44Z,2026-07-07T17:50:44Z,0,25,0,1784633938.118717
sub_8448d584d2cd4a9e8a21c194f7a9727a,2026-07-07T17:50:48Z,2026-07-07T17:50:48Z,0,25,0,1784633938.112679
sub_639de53ad3cd44f0bc5da3ab43bd0231,2026-07-07T17:50:56Z,2026-07-07T17:50:56Z,0,25,0,1784633937.205321
sub_4354be4d761242a6b3375e20733a3f5a,2026-07-07T17:51:08Z,2026-07-07T17:51:08Z,0,25,0,1784633937.15643
sub_fb20992452654fff8083738eb1229382,2026-07-07T17:51:12Z,2026-07-07T17:51:12Z,0,25,0,1784633936.290729
sub_8ad8e16a69ea405692ab73f0b28d32c3,2026-07-07T17:51:19Z,2026-07-07T17:51:19Z,0,25,0,1784633936.2278469
sub_d00d2783633549c59267ad87716f28ed,2026-07-07T17:51:35Z,2026-07-07T17:51:35Z,0,25,0,1784633935.3254452
sub_c2a554135db644ed938b91f1ba156aed,2026-07-07T17:51:39Z,2026-07-07T17:51:39Z,0,25,0,1784633935.436883
sub_42eba2bdff5c4f06aa13bcc3df0cbbe5,2026-07-07T17:51:45Z,2026-07-07T17:51:45Z,0,25,0,1784633934.454255
sub_3ef658177a964d90b82864cec55cda97,2026-07-07T17:52:01Z,2026-07-07T17:52:01Z,0,25,0,1784633934.447194
sub_56b62fc620d84c63a00a9df81f055f23,2026-07-07T17:52:03Z,2026-07-07T17:52:03Z,0,25,0,1784633933.501434
sub_69ed9fe30f584b0fbddc53ef7c8d4658,2026-07-07T17:52:06Z,2026-07-07T17:52:06Z,0,25,0,1784633933.455991
sub_a51f9ee92029463583cd35c2ae02349a,2026-07-07T17:52:20Z,2026-07-07T17:52:20Z,0,25,0,1784633932.6584802
sub_771aca08b5f848e48737401089884006,2026-07-07T17:52:29Z,2026-07-07T17:52:29Z,0,25,0,1784633932.590888
sub_a66b36b61a0740ad806db5662d22218d,2026-07-07T17:52:31Z,2026-07-07T17:52:31Z,0,25,0,1784633931.663029
sub_d031f20b73b546978f6fa59e1a7f42fa,2026-07-07T17:52:36Z,2026-07-07T17:52:36Z,0,25,0,1784633931.6695209
sub_600ae01c4a13410b883fdd4e5760c186,2026-07-07T17:52:51Z,2026-07-07T17:52:51Z,0,25,0,1784633930.6386392
sub_17ae15b90293485e8dc0261f74c658ca,2026-07-07T17:52:57Z,2026-07-07T17:52:57Z,0,25,0,1784633930.644819
sub_d21ecf261f36470c8e08163445530891,2026-07-07T17:53:08Z,2026-07-07T17:53:08Z,0,25,0,1784633929.598998
sub_8956ef2f1c4a491a92ec6c2a3a7a45e5,2026-07-07T17:53:14Z,2026-07-07T17:53:14Z,0,25,0,1784633929.611346
sub_b06fbd6958be4e10976b72fd11079bbb,2026-07-07T17:53:22Z,2026-07-07T17:53:22Z,0,25,0,1784633928.73516
sub_f0791a024f6c4822ad3a7c23cc4800d3,2026-07-07T17:53:38Z,2026-07-07T17:53:38Z,0,25,0,1784633928.680835
sub_4e545aecb2ef48a3b3fce59920dc8c91,2026-07-07T17:53:42Z,2026-07-07T17:53:42Z,0,25,0,1784633927.896676
sub_b2a23903a5fc4947a0c1adc36547376f,2026-07-07T17:53:49Z,2026-07-07T17:53:49Z,0,25,0,1784633927.826764
sub_29a42d0d7996411091be4b120400b57c,2026-07-07T17:53:55Z,2026-07-07T17:53:55Z,0,25,0,1784633926.951471
sub_aaf1a8e7f6af4c9cac0cf925b4b0fafa,2026-07-07T17:54:09Z,2026-07-07T17:54:09Z,0,25,0,1784633926.965386
sub_ab2e38c9ddb54ae1acaa322c19aab2e6,2026-07-07T17:54:19Z,2026-07-07T17:54:19Z,0,25,0,1784633926.05948
sub_dffbeb53fe2547aebf5f8723cecf5197,2026-07-07T17:54:22Z,2026-07-07T17:54:22Z,0,25,0,1784633926.0084312
sub_38f9fe485de14ef6b88dc786e3618554,2026-07-07T17:54:37Z,2026-07-07T17:54:37Z,0,25,0,1784633925.112482
sub_b1ab8d0b28d148438d4e2d3789155a4b,2026-07-07T17:54:42Z,2026-07-07T17:54:42Z,0,25,0,1784633925.1643038
sub_f6a46afc2e0e48baa19eae4a01216873,2026-07-07T17:54:52Z,2026-07-07T17:54:52Z,0,25,0,1784629882.979402
sub_f8aa3fd058924167977c246b1f68d036,2026-07-07T17:55:08Z,2026-07-07T17:55:08Z,0,25,0,1784629882.697671
sub_6c068d8b267d4324ba480d5c042dac48,2026-07-07T17:55:10Z,2026-07-07T17:55:10Z,0,25,0,1784629882.211373
sub_ba1b25fd8a3c4a7b9da4366f8b081127,2026-07-07T17:55:22Z,2026-07-07T17:55:22Z,0,25,0,1784629881.921539
sub_973ee65642cd4890afab9642ac6d4593,2026-07-07T17:55:25Z,2026-07-07T17:55:25Z,0,25,0,1784629881.436675
sub_d7ea57641f16463fbe0a55d5adb329ee,2026-07-07T17:55:32Z,2026-07-07T17:55:32Z,0,25,0,1784629881.125421
sub_4f3c252dd24c498a9ea59ccad59233ad,2026-07-07T17:55:41Z,2026-07-07T17:55:41Z,0,25,0,1784629880.683172
sub_7a856a413f6d4de09d4ef71e72cc1225,2026-07-07T17:55:52Z,2026-07-07T17:55:52Z,0,25,0,1784629880.3690019
sub_a69b1e3610dd4394853010555784a3bc,2026-07-07T17:56:01Z,2026-07-07T17:56:01Z,0,25,0,1784629879.9263291
sub_72e605c042c44b3c8d5b7e527452d2c4,2026-07-07T17:56:04Z,2026-07-07T17:56:04Z,0,25,0,1784629879.632222
sub_fdf8bd4679ff4420b890a875da40fe2e,2026-07-07T17:56:14Z,2026-07-07T17:56:14Z,0,25,0,1784629879.1627672
sub_49fa965fbaca4387a7e596a2fbbbe38d,2026-07-07T17:56:25Z,2026-07-07T17:56:25Z,0,25,0,1784629878.842165
sub_550efcc1b31a477e9ca01e4a63d76039,2026-07-07T17:56:28Z,2026-07-07T17:56:28Z,0,25,0,1784629878.3868532
sub_d597b02dde62438cb608ef395f7db540,2026-07-07T17:56:39Z,2026-07-07T17:56:39Z,0,25,0,1784629878.127219
sub_74d6506609354190ac0809525aa30a91,2026-07-07T17:56:48Z,2026-07-07T17:56:48Z,0,25,0,1784629877.6339898
sub_09291e7611054d6e8ca0b83825754985,2026-07-07T17:56:52Z,2026-07-07T17:56:52Z,0,25,0,1784629877.389342
sub_64eabd8ca52c4634b35fd64dce0da7af,2026-07-07T17:56:56Z,2026-07-07T17:56:56Z,0,25,0,1784629876.884359
sub_05f272b250d44266bd4d8260227f0742,2026-07-07T17:57:14Z,2026-07-07T17:57:14Z,0,25,0,1784629876.6565151
sub_5ead654f041c433999af19a5a7e89e74,2026-07-07T17:57:16Z,2026-07-07T17:57:16Z,0,25,0,1784629876.112472
sub_179a644feb6143a899f0d65d08d51d94,2026-07-07T17:57:26Z,2026-07-07T17:57:26Z,0,25,0,1784629875.8604338
sub_ad1bf47096994003a5c7c573f039ae25,2026-07-07T17:57:29Z,2026-07-07T17:57:29Z,0,25,0,1784629875.3762171
sub_8962a2ab5dde455194d5980c044828ff,2026-07-07T17:57:42Z,2026-07-07T17:57:42Z,0,25,0,1784629875.0874088
sub_a413ff721cc149e38a2ddee7db00dd94,2026-07-07T17:57:44Z,2026-07-07T17:57:44Z,0,25,0,1784629874.622346
sub_671429bac262474387b2a93af741b97b,2026-07-07T17:57:53Z,2026-07-07T17:57:53Z,0,25,0,1784629874.328963
sub_3661d641dfb34e7bb851c6656e76881d,2026-07-07T17:58:08Z,2026-07-07T17:58:08Z,0,25,0,1784629873.885547
sub_9b2d2898026c443099fec7454d4365ae,2026-07-07T17:58:16Z,2026-07-07T17:58:16Z,0,25,0,1784629873.563083
sub_fce96b2473d44f9b9fc9d83e735f71e4,2026-07-07T17:58:24Z,2026-07-07T17:58:24Z,0,25,0,1784629873.114115
sub_8a1aff6e179b466c8d648095dbcc4af4,2026-07-07T17:58:32Z,2026-07-07T17:58:32Z,0,25,0,1784629872.757143
sub_5374487bf895465398b367dc45b328cb,2026-07-07T17:58:40Z,2026-07-07T17:58:40Z,0,25,0,1784629872.313826
sub_d0e0dae9d9d54e8cb0c8bc719b825cef,2026-07-07T17:58:43Z,2026-07-07T17:58:43Z,0,25,0,1784629872.042473
sub_cf3861c3f89044c4b5cf9df1321b3ada,2026-07-07T17:58:55Z,2026-07-07T17:58:55Z,0,25,0,1784629871.549075
sub_7d18a7a313d84f669d9f7c2014fa3c9a,2026-07-07T17:59:01Z,2026-07-07T17:59:01Z,0,25,0,1784629871.267663
sub_93d3b382e3fb42d2af698c92218fb514,2026-07-07T17:59:05Z,2026-07-07T17:59:05Z,0,25,0,1784629870.842849
sub_3fc259ce419b4eba8bbba8a54c9f5719,2026-07-07T17:59:14Z,2026-07-07T17:59:14Z,0,25,0,1784629870.507026
sub_2568161dd116424c90eac5b00eaeee6a,2026-07-07T17:59:32Z,2026-07-07T17:59:32Z,0,25,0,1784629870.099529
sub_b75299b5e4ec42c19fdb40fec4a2e9e3,2026-07-07T17:59:38Z,2026-07-07T17:59:38Z,0,25,0,1784629869.778265
sub_1c1d65e7725a4239b16cbb8826222163,2026-07-07T17:59:43Z,2026-07-07T17:59:43Z,0,25,0,1784629869.3901818
sub_01a15224c81b4bba893b89baeca184c8,2026-07-07T17:59:54Z,2026-07-07T17:59:54Z,0,25,0,1784629869.047495
sub_71176ca595fe4c0a9218275cf4e91985,2026-07-07T17:59:58Z,2026-07-07T17:59:58Z,0,25,0,1784629868.616545
sub_422f6980a8ad48488923591b8e932990,2026-07-07T18:00:09Z,2026-07-07T18:00:09Z,0,25,0,1784629868.277817
sub_0f37aa1dd9204006a2b4cc8d2e380a68,2026-07-07T18:00:13Z,2026-07-07T18:00:13Z,0,25,0,1784629867.802378
sub_fcc0ae78c3334f7a84493e3c034fc6b1,2026-07-07T18:00:24Z,2026-07-07T18:00:24Z,0,25,0,1784629867.47226
sub_4995cc0828184101a61b40041226bd9a,2026-07-07T18:00:33Z,2026-07-07T18:00:33Z,0,25,0,1784629867.012746
sub_3ae2842d1e2244afbb75743171609d19,2026-07-07T18:00:39Z,2026-07-07T18:00:39Z,0,25,0,1784629866.6808388
sub_77c1e76a064a4bfb9fe4983302ea5d0a,2026-07-07T18:00:47Z,2026-07-07T18:00:47Z,0,25,0,1784629866.200362
sub_aa6e496013df4d398df27a85f055206f,2026-07-07T18:00:56Z,2026-07-07T18:00:56Z,0,25,0,1784629865.922606
sub_0553d3008a554afd8f810b400fcb4adb,2026-07-07T18:01:03Z,2026-07-07T18:01:03Z,0,25,0,1784629865.392257
sub_24e0765a80c242f4afe188ff78236e72,2026-07-07T18:01:11Z,2026-07-07T18:01:11Z,0,25,0,1784629864.923559
sub_af2388b300124d8288481797754f5d33,2026-07-07T18:01:16Z,2026-07-07T18:01:16Z,0,25,0,1784629864.4723141
sub_b6f623eb1ec642dcb04838b57895af1c,2026-07-07T18:01:20Z,2026-07-07T18:01:20Z,0,25,0,1784629864.187498
sub_e213260e8f3f4187a4a87beac3a2d912,2026-07-07T18:01:26Z,2026-07-07T18:01:26Z,0,25,0,1784629863.722155
sub_5c1ca97e17f94a31ae88c81ffac9fdff,2026-07-07T18:01:34Z,2026-07-07T18:01:34Z,0,25,0,1784629863.406541
sub_b8eb83a5c49b4f958325f744fb99bd39,2026-07-07T18:01:41Z,2026-07-07T18:01:41Z,0,25,0,1784629862.9576719
sub_bfe1b5b3cd2d4374bf01ce594f8a3271,2026-07-07T18:01:46Z,2026-07-07T18:01:46Z,0,25,0,1784629862.662893
sub_d1f4af4c1bd1453ba03fadfbd29e6a8a,2026-07-07T18:01:51Z,2026-07-07T18:01:51Z,0,25,0,1784629862.189003
sub_f9a439dbb7e94b9e9ea43ddea9420b84,2026-07-07T18:01:59Z,2026-07-07T18:01:59Z,0,25,0,1784629861.908065
sub_84455e019af1461f9bceafcb7de9e1ac,2026-07-07T18:02:05Z,2026-07-07T18:02:05Z,0,25,0,1784629861.3965492
sub_96115caecd5e4ec9b4529085e2e9c885,2026-07-07T18:02:10Z,2026-07-07T18:02:10Z,0,25,0,1784629861.153524
sub_36ea11c9aff943778b908ffa1239f5e8,2026-07-07T18:02:17Z,2026-07-07T18:02:17Z,0,25,0,1784629860.6020658
sub_17f8f9b26260404ca2559c59b0a1df49,2026-07-07T18:02:34Z,2026-07-07T18:02:34Z,0,25,0,1784629860.35779
sub_c6899bb7eb314ac2acc0cac1fcb46f58,2026-07-07T18:02:36Z,2026-07-07T18:02:36Z,0,25,0,1784629859.84227
sub_728362c4e1954e778bbadb3017de7679,2026-07-07T18:02:52Z,2026-07-07T18:02:52Z,0,25,0,1784629859.5835478
sub_f6bac2921f3c4b16a0aa09a785df958c,2026-07-07T18:02:57Z,2026-07-07T18:02:57Z,0,25,0,1784629859.082177
sub_cf7214875e4149749c6e64095ede03c2,2026-07-07T18:03:02Z,2026-07-07T18:03:02Z,0,25,0,1784629858.811994
sub_2170030cfb214452adec15db74a8f91a,2026-07-07T18:03:08Z,2026-07-07T18:03:08Z,0,25,0,1784629858.286177
sub_0a73392d22d1457a907056dfae7c8d99,2026-07-07T18:03:17Z,2026-07-07T18:03:17Z,0,25,0,1784629858.064251
sub_bdd2ac3ae39945f893dfa220fd403ae9,2026-07-07T18:03:21Z,2026-07-07T18:03:21Z,0,25,0,1784629857.521916
sub_5f3358c00f214e73b2d1858afe5fd23d,2026-07-07T18:03:25Z,2026-07-07T18:03:25Z,0,25,0,1784629857.3334882
sub_82bc26f5f73b4cf5acdfd0ea48a80122,2026-07-07T18:03:30Z,2026-07-07T18:03:30Z,0,25,0,1784629856.741208
sub_e0820ba153144538ab76dfed32e3e687,2026-07-07T18:03:39Z,2026-07-07T18:03:39Z,0,25,0,1784629856.5715399
sub_b8747ce1faeb43749bd9d4aa12c5acef,2026-07-07T18:03:43Z,2026-07-07T18:03:43Z,0,25,0,1784629855.985929
sub_4006b223dab546dfaa0f1d6acd0f2464,2026-07-07T18:03:49Z,2026-07-07T18:03:49Z,0,25,0,1784629855.834765
sub_84191b671d4446d2a913bc823cb28ace,2026-07-07T18:03:55Z,2026-07-07T18:03:55Z,0,25,0,1784629855.191489
sub_9d08fca43460454abc9dc474996431a5,2026-07-07T18:04:04Z,2026-07-07T18:04:04Z,0,25,0,1784629855.030025
sub_ac5bc06a8ba54484adf82323ab8ba840,2026-07-07T18:04:08Z,2026-07-07T18:04:08Z,0,25,0,1784629854.43024
sub_f5842526ef804378936dab438431f519,2026-07-07T18:04:15Z,2026-07-07T18:04:15Z,0,25,0,1784629854.283422
sub_a74cd11522444d9cb1e056637ab7bace,2026-07-07T18:04:20Z,2026-07-07T18:04:20Z,0,25,0,1784629853.692425
sub_6bfc00fbacf44fa6ab93fcb5d03344f1,2026-07-07T18:04:30Z,2026-07-07T18:04:30Z,0,25,0,1784629853.535466
sub_ef65c1802e6d48eab499ff226617cbf1,2026-07-07T18:04:32Z,2026-07-07T18:04:32Z,0,25,0,1784629852.917342
sub_fc5e2eb69d70426da20225c77720be74,2026-07-07T18:04:38Z,2026-07-07T18:04:38Z,0,25,0,1784629852.784183
sub_ce3599a02ac34e88a3324d42bf883a7d,2026-07-07T18:04:44Z,2026-07-07T18:04:44Z,0,25,0,1784629852.1225111
sub_eefa355104894463b3766308949d1ee3,2026-07-07T18:04:53Z,2026-07-07T18:04:53Z,0,25,0,1784629852.038229
sub_2d0bcfc5183740ed8c9d771f1902f6cf,2026-07-07T18:05:01Z,2026-07-07T18:05:01Z,0,25,0,1784629851.37945
sub_28aa28be7a35445aac6f6540771ac467,2026-07-07T18:05:06Z,2026-07-07T18:05:06Z,0,25,0,1784629851.30212
sub_6f54014dd18e43a993addb21fde2f98b,2026-07-07T18:05:15Z,2026-07-07T18:05:15Z,0,25,0,1784629850.587134
sub_bf6afb7561ba4e55868b1ebe9a02bfc5,2026-07-07T18:05:23Z,2026-07-07T18:05:23Z,0,25,0,1784629850.520963
sub_b43fb789227c4a08bfdbf0df3e68ec6f,2026-07-07T18:05:29Z,2026-07-07T18:05:29Z,0,25,0,1784629849.8305678
sub_63990170604644df8c7d29c48190aa6d,2026-07-07T18:05:40Z,2026-07-07T18:05:40Z,0,25,0,1784629849.767349
sub_11b20f05f2354577926e8d28dd1fb557,2026-07-07T18:05:46Z,2026-07-07T18:05:46Z,0,25,0,1784629849.089532
sub_1e772fcd77fa402f827f69346480f674,2026-07-07T18:05:52Z,2026-07-07T18:05:52Z,0,25,0,1784629849.0009139
sub_de0b95deed314747bcf1432d9dc43fc0,2026-07-07T18:06:10Z,2026-07-07T18:06:10Z,0,25,0,1784629848.306605
sub_3c9076aacc7e44c49c6512bb8f047b84,2026-07-07T18:06:13Z,2026-07-07T18:06:13Z,0,25,0,1784629848.270907
sub_18862d1189454ea5a2c5b99398791c64,2026-07-07T18:06:29Z,2026-07-07T18:06:29Z,0,25,0,1784629847.5364301
sub_3cb5e43f17714c4db3185d8ab2665b43,2026-07-07T18:06:34Z,2026-07-07T18:06:34Z,0,25,0,1784629847.570678
sub_d5e636bfbdd948aa8d235c5058e8b128,2026-07-07T18:06:37Z,2026-07-07T18:06:37Z,0,25,0,1784629846.8092349
sub_d5174ad1e614490fa77b26117b7e792c,2026-07-07T18:06:40Z,2026-07-07T18:06:40Z,0,25,0,1784629846.802922
sub_f00b4475eeff44f1bc004cbcd26b07d7,2026-07-07T18:06:52Z,2026-07-07T18:06:52Z,0,25,0,1784629846.061909
sub_9195ebbf25f64dcfbb2f21c080d6514e,2026-07-07T18:06:58Z,2026-07-07T18:06:58Z,0,25,0,1784629846.059
sub_1538348f812b44c293528e38ff74a3ad,2026-07-07T18:07:02Z,2026-07-07T18:07:02Z,0,25,0,1784629845.2850938
sub_991c56dcf492490a9ce2db1bd8662f84,2026-07-07T18:07:06Z,2026-07-07T18:07:06Z,0,25,0,1784629845.307616
sub_3e0d6425a0f247c983d682a3766866e8,2026-07-07T18:07:14Z,2026-07-07T18:07:14Z,0,25,0,1784629843.333329
sub_638f5526cc5448de83e54b9d3725e88d,2026-07-07T18:07:19Z,2026-07-07T18:07:19Z,0,25,0,1784629843.27906
sub_f43ebf482abf413fa30dfd2140027093,2026-07-07T18:07:24Z,2026-07-07T18:07:24Z,0,25,0,1784629842.526966
sub_96107b611198406b80c1954513d7c277,2026-07-07T18:07:27Z,2026-07-07T18:07:27Z,0,25,0,1784629842.4676962
sub_0968c546725c464cb4f8f57c96ad583d,2026-07-07T18:07:37Z,2026-07-07T18:07:37Z,0,25,0,1784629841.6901162
sub_092ce09a51214e63b3649f2c973e4f27,2026-07-07T18:07:42Z,2026-07-07T18:07:42Z,0,25,0,1784629841.7018828
sub_06248155f6c143f0b787e7dda8c34490,2026-07-07T18:07:46Z,2026-07-07T18:07:46Z,0,25,0,1784628773.8641741
sub_95def54e672e412ca2b737a5c12e8415,2026-07-07T18:07:49Z,2026-07-07T18:07:49Z,0,25,0,1784628773.76723
sub_5153853b8951465bb70d79a377a7c3ec,2026-07-07T18:07:59Z,2026-07-07T18:07:59Z,0,25,0,1784628773.436661
sub_182d28dc2056412c9a7e88dcb5082940,2026-07-07T18:08:03Z,2026-07-07T18:08:03Z,0,25,0,1784628773.4409769
sub_c36909dc15a846d992b8b668fa687671,2026-07-07T18:08:08Z,2026-07-07T18:08:08Z,0,25,0,1784628773.2271528
sub_05ccb750b9ad4744b4db9fd2e1da05a9,2026-07-07T18:08:14Z,2026-07-07T18:08:14Z,0,25,0,1784628773.245544
sub_19033eea658f4e6fae43bdedb4f594b3,2026-07-07T18:08:23Z,2026-07-07T18:08:23Z,0,25,0,1784628773.059969
sub_94f32bba020a4192b1923f1a4ef80b72,2026-07-07T18:08:28Z,2026-07-07T18:08:28Z,0,25,0,1784628773.0480351
sub_b0f4c81f867740dbb9f272c019a93fc5,2026-07-07T18:08:32Z,2026-07-07T18:08:32Z,0,25,0,1784628772.726069
sub_a4fd78779b4d42e98d287d9ed2438d35,2026-07-07T18:08:39Z,2026-07-07T18:08:39Z,0,25,0,1784628772.7052522
sub_75e2a38f766d490b9939386dc9a3e799,2026-07-07T18:08:49Z,2026-07-07T18:08:49Z,0,25,0,1784628772.5817668
sub_35ad439fef9a4f659dc6b2ba96f8eab6,2026-07-07T18:08:57Z,2026-07-07T18:08:57Z,0,25,0,1784628772.584139
sub_f8690bd0bc754c03a45f8082cd955ac9,2026-07-07T18:09:02Z,2026-07-07T18:09:02Z,0,25,0,1784628772.394187
sub_59220b05046742c19ea4e9d3837dd924,2026-07-07T18:09:08Z,2026-07-07T18:09:08Z,0,25,0,1784628772.364798
sub_d7d8a299d8024062a7d6908b6a05312a,2026-07-07T18:09:15Z,2026-07-07T18:09:15Z,0,25,0,1784628772.044352
sub_604a52e884104c5c970811bca5ff3dfc,2026-07-07T18:09:24Z,2026-07-07T18:09:24Z,0,25,0,1784628772.060082
sub_bfd400cface646a4a83cae7f3c76ecf5,2026-07-07T18:09:32Z,2026-07-07T18:09:32Z,0,25,0,1784628771.9144928
sub_67bc46d4d60a4d7381b70478ec282b31,2026-07-07T18:09:45Z,2026-07-07T18:09:45Z,0,25,0,1784628771.893638
sub_279143bff39b4b06a994cc82a9ae17f3,2026-07-07T18:09:51Z,2026-07-07T18:09:51Z,0,25,0,1784628771.720105
sub_93d24cd615bc4648a9899d5d01e8388e,2026-07-07T18:09:53Z,2026-07-07T18:09:53Z,0,25,0,1784628771.694058
sub_71f7ffdfe79849a8969f9802bbef7264,2026-07-07T18:10:04Z,2026-07-07T18:10:04Z,0,25,0,1784628771.3764951
sub_ef5385f56076463e83b2a1043fe683f4,2026-07-07T18:10:08Z,2026-07-07T18:10:08Z,0,25,0,1784628771.384584
sub_f5c67b5139ba4391bbbd1ecac2f631b7,2026-07-07T18:10:11Z,2026-07-07T18:10:11Z,0,25,0,1784628771.233357
sub_c48379b66fa34b0285241e70643a66e2,2026-07-07T18:10:26Z,2026-07-07T18:10:26Z,0,25,0,1784628771.215619
sub_d620eaf28791415b9a390d93e88d7304,2026-07-07T18:10:33Z,2026-07-07T18:10:33Z,0,25,0,1784628771.0731452
sub_25094f76352c4e62a44f3138b507a3ba,2026-07-07T18:10:35Z,2026-07-07T18:10:35Z,0,25,0,1784628771.03914
sub_a778d9360060414ebffc0b64c0e026bd,2026-07-07T18:10:55Z,2026-07-07T18:10:55Z,0,25,0,1784628770.6582022
sub_962811bb7acb4aca809e3f2bca034ad9,2026-07-07T18:10:59Z,2026-07-07T18:10:59Z,0,25,0,1784628770.654966
sub_73d04aa5e0e54db09be8c211e4b3522a,2026-07-07T18:11:03Z,2026-07-07T18:11:03Z,0,25,0,1784628770.557954
sub_9c9dba185db34c1695b4815e5b20c137,2026-07-07T18:11:15Z,2026-07-07T18:11:15Z,0,25,0,1784628770.5531352
sub_d8b7c455984e4882a8fe2ae2bd875749,2026-07-07T18:11:19Z,2026-07-07T18:11:19Z,0,25,0,1784628770.331311
sub_c9bce279acb7429ab113af33f18bac7b,2026-07-07T18:11:24Z,2026-07-07T18:11:24Z,0,25,0,1784628770.29828
sub_e79fc250f1e849fb8ce49fe308ade9e2,2026-07-07T18:11:26Z,2026-07-07T18:11:26Z,0,25,0,1784628769.91936
sub_d49f03fcdb064452b19a21d64ca7def6,2026-07-07T18:11:38Z,2026-07-07T18:11:38Z,0,25,0,1784628769.923239
sub_90e20b83e79d41b3a569025b001f567d,2026-07-07T18:11:43Z,2026-07-07T18:11:43Z,0,25,0,1784628769.8803892
sub_8424de7b46a642a095e24a9c6981844b,2026-07-07T18:11:48Z,2026-07-07T18:11:48Z,0,25,0,1784628769.857607
sub_11673db4f41a454d8cc0981d4647b70a,2026-07-07T18:12:02Z,2026-07-07T18:12:02Z,0,25,0,1784628769.6855721
sub_1345aee3f23f42a986dbff0bbfe2c3f9,2026-07-07T18:12:04Z,2026-07-07T18:12:04Z,0,25,0,1784628769.6306188
sub_0848588fc06444f08813f832351d1ed8,2026-07-07T18:12:08Z,2026-07-07T18:12:08Z,0,25,0,1784628769.257096
sub_8ee9a5c1d8f84e21b3923c749f790603,2026-07-07T18:12:16Z,2026-07-07T18:12:16Z,0,25,0,1784628769.261281
sub_78f8f23aae154c3396fab72b63174d2e,2026-07-07T18:12:30Z,2026-07-07T18:12:30Z,0,25,0,1784628769.225121
sub_d3e1ee1ac6ff4736bdefab3abf9aebfc,2026-07-07T18:12:35Z,2026-07-07T18:12:35Z,0,25,0,1784628769.176696
sub_d2118f03d37f4303a52ec8dd92b5fdaa,2026-07-07T18:12:45Z,2026-07-07T18:12:45Z,0,25,0,1784628769.0388029
sub_08368ff016054f2aaee3722cc8211636,2026-07-07T18:13:03Z,2026-07-07T18:13:03Z,0,25,0,1784628768.997867
sub_ede9ad5fcb794654a1da96583e6910e6,2026-07-07T18:13:08Z,2026-07-07T18:13:08Z,0,25,0,1784628768.588983
sub_1c6cf99bb2174c5d928cc3322d356fd1,2026-07-07T18:13:13Z,2026-07-07T18:13:13Z,0,25,0,1784628768.587253
sub_ba4042809e3448d4a8a51c9629ed5cb2,2026-07-07T18:13:19Z,2026-07-07T18:13:19Z,0,25,0,1784628768.559884
sub_a7e1ee70b86f487ba268b204fdad3f15,2026-07-07T18:13:28Z,2026-07-07T18:13:28Z,0,25,0,1784628768.522261
sub_9464fc2ef0d142b29d634d252fc28e72,2026-07-07T18:13:33Z,2026-07-07T18:13:33Z,0,25,0,1784628768.32956
sub_a576da1a1cf042c18959e58adf0354fe,2026-07-07T18:13:45Z,2026-07-07T18:13:45Z,0,25,0,1784628768.32236
sub_3e6413a5cd894e019d8a199a8b42429e,2026-07-07T18:13:52Z,2026-07-07T18:13:52Z,0,25,0,1784628767.9375958
sub_13f3134ac35848f2aa06e45a17272a24,2026-07-07T18:13:57Z,2026-07-07T18:13:57Z,0,25,0,1784628767.935701
sub_6c3f872228e4406e952911ac3f4896e3,2026-07-07T18:14:05Z,2026-07-07T18:14:05Z,0,25,0,1784628767.914321
sub_712709cbfd9549eeb356a5c08ed32f88,2026-07-07T18:14:12Z,2026-07-07T18:14:12Z,0,25,0,1784628767.850759
sub_99014e31c3c44f16aca886af9414f955,2026-07-07T18:14:17Z,2026-07-07T18:14:17Z,0,25,0,1784628767.680528
sub_2ce9d2d9785743b28613bef63d23843b,2026-07-07T18:14:20Z,2026-07-07T18:14:20Z,0,25,0,1784628767.673772
sub_312e127ff43a4537a8ceb7af78f85cea,2026-07-07T18:14:32Z,2026-07-07T18:14:32Z,0,25,0,1784628767.2585442
sub_53d0fd5013944df2bc3477e5521524e7,2026-07-07T18:14:35Z,2026-07-07T18:14:35Z,0,25,0,1784628767.2539961
sub_1da38369cb094287b5db72cfeac7ffaa,2026-07-07T18:14:40Z,2026-07-07T18:14:40Z,0,25,0,1784628767.255844
sub_68058e4b2f3b4995a1c409a13b1ce9aa,2026-07-07T18:14:49Z,2026-07-07T18:14:49Z,0,25,0,1784628767.209963
sub_ea8dda40596c40b091437288ae5e7ff7,2026-07-07T18:15:05Z,2026-07-07T18:15:05Z,0,25,0,1784628767.018312
sub_f67a402544fc4ce1b7a961a3b5c61ad6,2026-07-07T18:15:11Z,2026-07-07T18:15:11Z,0,25,0,1784628767.001188
sub_6da234f4a2244ea78dc99a16a567a8dd,2026-07-07T18:15:17Z,2026-07-07T18:15:17Z,0,25,0,1784628766.590445
sub_f8c4100b269f4458987281198d32cc2b,2026-07-07T18:15:24Z,2026-07-07T18:15:24Z,0,25,0,1784628766.5947578
sub_f293f787104d485fbcc444f020ab7325,2026-07-07T18:15:32Z,2026-07-07T18:15:32Z,0,25,0,1784628766.566172
sub_206d2ce9f01f4f3ea1aa01f828c06060,2026-07-07T18:15:35Z,2026-07-07T18:15:35Z,0,25,0,1784628766.588356
sub_c388f93ed6f3455fa046034d4d307f88,2026-07-07T18:15:43Z,2026-07-07T18:15:43Z,0,25,0,1784628766.364599
sub_52a0586fcd0e42caa494bda4b4ce2d5b,2026-07-07T18:15:51Z,2026-07-07T18:15:51Z,0,25,0,1784628766.339215
sub_3e2371dc06d8474b903d2d5b4a9a755d,2026-07-07T18:15:58Z,2026-07-07T18:15:58Z,0,25,0,1784628765.918827
sub_3da43e5a37b74ab4ac58ca1d54f7a0bf,2026-07-07T18:16:00Z,2026-07-07T18:16:00Z,0,25,0,1784628765.924193
sub_4f63f02ab1fe4a32a72be7b5776b939b,2026-07-07T18:16:08Z,2026-07-07T18:16:08Z,0,25,0,1784628765.916994
sub_d183425421ae4d8d84967c4812ae83b9,2026-07-07T18:16:15Z,2026-07-07T18:16:15Z,0,25,0,1784628765.90199
sub_bf4726fc1b7a448890293dccf0773e37,2026-07-07T18:16:21Z,2026-07-07T18:16:21Z,0,25,0,1784628765.6941462
sub_8d933c8849cf444a8dd104eb988708e7,2026-07-07T18:16:31Z,2026-07-07T18:16:31Z,0,25,0,1784628765.667059
sub_d79b5b62e09a4ed983698713dd6aed1c,2026-07-07T18:16:33Z,2026-07-07T18:16:33Z,0,25,0,1784628765.2576158
sub_7166c10e987d4a91a0b75b494d01f40d,2026-07-07T18:16:48Z,2026-07-07T18:16:48Z,0,25,0,1784628765.2421381
sub_5771ed996041448abdc0383f4f80b4a8,2026-07-07T18:16:50Z,2026-07-07T18:16:50Z,0,25,0,1784628765.218328
sub_64592dfdcda74b4d95bc8b872439e9b6,2026-07-07T18:16:55Z,2026-07-07T18:16:55Z,0,25,0,1784628765.216552
sub_08355ea7c5f6466b8a1b5f3c80b8b40a,2026-07-07T18:16:59Z,2026-07-07T18:16:59Z,0,25,0,1784628765.026471
sub_3817a18564c44bb6914c97cb5cee4943,2026-07-07T18:17:13Z,2026-07-07T18:17:13Z,0,25,0,1784628764.978273
sub_c947d5853324455ca9e6da4a7fa6c20c,2026-07-07T18:17:19Z,2026-07-07T18:17:19Z,0,25,0,1784628764.5283232
sub_f086cb8c07f5423198e16ad2b468d832,2026-07-07T18:17:22Z,2026-07-07T18:17:22Z,0,25,0,1784628764.5746171
sub_69378c99eaca40f0a1eb10b957880d97,2026-07-07T18:17:34Z,2026-07-07T18:17:34Z,0,25,0,1784628764.5730188
sub_066c3085a712436fab43fcef97d79e67,2026-07-07T18:17:40Z,2026-07-07T18:17:40Z,0,25,0,1784628764.562861
sub_9900c466ecb74c74b0889c6c85ac0b30,2026-07-07T18:17:44Z,2026-07-07T18:17:44Z,0,25,0,1784628764.347866
sub_ca808259eb0045be94452eefaedfd6a6,2026-07-07T18:17:55Z,2026-07-07T18:17:55Z,0,25,0,1784628764.30476
sub_812bed708f1a4d1eb0a54dbeca9d5209,2026-07-07T18:17:57Z,2026-07-07T18:17:57Z,0,25,0,1784628763.639798
sub_2c7b7e7caa81495f9c905fea893f2fcf,2026-07-07T18:18:01Z,2026-07-07T18:18:01Z,0,25,0,1784628763.8823512
sub_8aeab0601ca54ac4b61d3386f12a22cf,2026-07-07T18:18:04Z,2026-07-07T18:18:04Z,0,25,0,1784628763.879592
sub_e4b889c9b8a545bb88355add971ad9e0,2026-07-07T18:18:16Z,2026-07-07T18:18:16Z,0,25,0,1784628763.862387
sub_c8fcde16527f4768af3027957bb95e6a,2026-07-07T18:18:19Z,2026-07-07T18:18:19Z,0,25,0,1784628763.654495
sub_c206147dcea7464980a7fe0c4fea5254,2026-07-07T18:18:23Z,2026-07-07T18:18:23Z,0,25,0,1784628763.880992
sub_04b473f60dff444f8d92a639b5a9966f,2026-07-07T18:18:27Z,2026-07-07T18:18:27Z,0,25,0,1784628761.632788
sub_ad660625c9014e4ab83dc0c830bdf7f1,2026-07-07T18:18:39Z,2026-07-07T18:18:39Z,0,25,0,1784628761.5955882
sub_9217a3eba81d4d2084a232e79d5da275,2026-07-07T18:18:42Z,2026-07-07T18:18:42Z,0,25,0,1784628761.461226
sub_75de91f948e24fcb8abfb52e04b82cc4,2026-07-07T18:18:47Z,2026-07-07T18:18:47Z,0,25,0,1784628761.38916
sub_23dbfd0059bb44f3bb585b89f09bf776,2026-07-07T18:18:54Z,2026-07-07T18:18:54Z,0,25,0,1784628761.406226
sub_e2f9dd3c4242458b8a8ea1fcccef1a4c,2026-07-07T18:19:09Z,2026-07-07T18:19:09Z,0,25,0,1784628760.916338
sub_44eeb10ff4e34784a7e7dff4c0bd8098,2026-07-07T18:19:15Z,2026-07-07T18:19:15Z,0,25,0,1784628760.9179058
sub_db7a74b221b24be4abdf3f66baa1d00c,2026-07-07T18:19:18Z,2026-07-07T18:19:18Z,0,25,0,1784628760.7807941
sub_20eb97aa589a4a9ead03f285149b66ad,2026-07-07T18:19:33Z,2026-07-07T18:19:33Z,0,25,0,1784628760.679461
sub_1c6a0b64fd8e46c1b08095ac56298e87,2026-07-07T18:19:36Z,2026-07-07T18:19:36Z,0,25,0,1784628760.671752
sub_825ee09e6d414fb48b05055f841c65b2,2026-07-07T18:19:41Z,2026-07-07T18:19:41Z,0,25,0,1784628760.205781
sub_2646a30eb04d4c87a56e9cb08c3d9dc6,2026-07-07T18:19:43Z,2026-07-07T18:19:43Z,0,25,0,1784628760.223215
sub_133254f250214c43a59a02217219fc4f,2026-07-07T18:20:00Z,2026-07-07T18:20:00Z,0,25,0,1784628760.8538282
sub_67d39aa6f65a47b28c265d95a7257bb4,2026-07-07T18:20:03Z,2026-07-07T18:20:03Z,0,25,0,1784628760.095073
sub_ad8a10ef26bb4bdbb0be3bae78351229,2026-07-07T18:20:07Z,2026-07-07T18:20:07Z,0,25,0,1784628759.977952
sub_0d7a62a1a0ee447b8d6a297a5dbf010e,2026-07-07T18:20:18Z,2026-07-07T18:20:18Z,0,25,0,1784628759.973631
sub_d38a0ea2a93a4cbb9b0a5c1467b2358a,2026-07-07T18:20:22Z,2026-07-07T18:20:22Z,0,25,0,1784628759.508363
sub_38e14014b0954ad284bcbc5d8884a9b4,2026-07-07T18:20:24Z,2026-07-07T18:20:24Z,0,25,0,1784628759.5098538
sub_24ac9140a6624246ab524fe5dd7eb3b9,2026-07-07T18:20:26Z,2026-07-07T18:20:26Z,0,25,0,1784628759.511672
sub_b66106982ddf409fa8632dd37cb71cea,2026-07-07T18:20:48Z,2026-07-07T18:20:48Z,0,25,0,1784628759.265156
sub_a71ffa22a7834ed8a9a51119f8f36801,2026-07-07T18:20:50Z,2026-07-07T18:20:50Z,0,25,0,1784628759.261683
sub_fc633ce535f5457e992bde04d1c32f9c,2026-07-07T18:20:58Z,2026-07-07T18:20:58Z,0,25,0,1784628759.378598
sub_46230442eef84587858b6433570c907a,2026-07-07T18:21:07Z,2026-07-07T18:21:07Z,0,25,0,1784628758.811038
sub_fc243086a9754b8b8ae9c324c1556e0c,2026-07-07T18:21:11Z,2026-07-07T18:21:11Z,0,25,0,1784628758.80964
sub_5d486fe7474e456890a2ccf685aa0bd7,2026-07-07T18:21:21Z,2026-07-07T18:21:21Z,0,25,0,1784628758.807413
sub_abea2038b8e74b9ba60ea4952f2876bc,2026-07-07T18:21:26Z,2026-07-07T18:21:26Z,0,25,0,1784628758.450227
sub_994a3a1a5c7e413dab788a4ee4bbcd95,2026-07-07T18:21:34Z,2026-07-07T18:21:34Z,0,25,0,1784628758.4687371
sub_52cf23167c304fb989bd7709e797c15d,2026-07-07T18:21:36Z,2026-07-07T18:21:36Z,0,25,0,1784628758.467083
sub_8df2d32ea9c944c285c5f2fc18fa0a39,2026-07-07T18:21:55Z,2026-07-07T18:21:55Z,0,25,0,1784628757.968549
sub_09b19b7159e249bcab21c23e90f727f4,2026-07-07T18:22:03Z,2026-07-07T18:22:03Z,0,25,0,1784628757.9700758
sub_0f6dc6092ad74027bfccc2c9219c76ed,2026-07-07T18:22:17Z,2026-07-07T18:22:17Z,0,25,0,1784628757.751851
sub_159abf644a5e41ef8e8ef9d9e0b6fdef,2026-07-07T18:22:19Z,2026-07-07T18:22:19Z,0,25,0,1784628757.756402
sub_2964840811e1472b98e7c075f9d810d2,2026-07-07T18:22:28Z,2026-07-07T18:22:28Z,0,25,0,1784628757.9668028
sub_006266df057744a792aaa34efb162efa,2026-07-07T18:22:33Z,2026-07-07T18:22:33Z,0,25,0,1784628757.754853
sub_24cb8b8e834b4a9db29fb440aa013807,2026-07-07T18:22:47Z,2026-07-07T18:22:47Z,0,25,0,1785065472.6329238
sub_aa56a4c08bde43a184f7fdeb1fc6d7e5,2026-07-07T18:22:51Z,2026-07-07T18:22:51Z,0,25,0,1785065474.128001
sub_45f261e5e4074d339c8b741f6f146f0e,2026-07-07T18:22:57Z,2026-07-07T18:22:57Z,0,25,0,1785065475.876935
sub_0c9424918b57492ca2828eea6e0a7f69,2026-07-07T18:23:05Z,2026-07-07T18:23:05Z,0,25,0,1785065477.4678469
sub_55d3dc40607f45ff843469bae7b52850,2026-07-07T18:23:12Z,2026-07-07T18:23:12Z,0,25,0,1785065478.972503
sub_3ad4ec6847c549b29d7b20be93854f8b,2026-07-07T18:23:22Z,2026-07-07T18:23:22Z,0,25,0,1785065481.185472
sub_a36c9f4a63ea4b57b85e5239bd306a33,2026-07-07T18:23:29Z,2026-07-07T18:23:29Z,0,25,0,1784628751.0499961
sub_75d6fc69bbf24cd8baa844b2441a4d88,2026-07-07T18:23:32Z,2026-07-07T18:23:32Z,0,25,0,1784628751.009226
sub_649a51fbb4594d35bb3a29e34fc13c02,2026-07-07T18:23:36Z,2026-07-07T18:23:36Z,0,25,0,1784628750.818048
sub_b0f769b4ab8c4e6a9e674c776cb13f31,2026-07-07T18:23:51Z,2026-07-07T18:23:51Z,0,25,0,1784628750.835808
sub_e26845007d554dcfa967ea2c2c66d95e,2026-07-07T18:23:58Z,2026-07-07T18:23:58Z,0,25,0,1784628750.7216299
sub_8c2879ae15f94503b772bd35f5142373,2026-07-07T18:24:01Z,2026-07-07T18:24:01Z,0,25,0,1784628750.702666
sub_88013587282b49e2acf7fe33c6a782cb,2026-07-07T18:24:06Z,2026-07-07T18:24:06Z,0,25,0,1784628750.382153
sub_67da9d5fcbaa4301ba79f038872bae18,2026-07-07T18:24:14Z,2026-07-07T18:24:14Z,0,25,0,1784628750.377484
sub_1823899b8a6643bda093b2c95a018416,2026-07-07T18:24:21Z,2026-07-07T18:24:21Z,0,25,0,1784628750.1762
sub_a05736833a5b4d75845802ce36cf3ef2,2026-07-07T18:24:23Z,2026-07-07T18:24:23Z,0,25,0,1784628750.173383
sub_55ceb3c706374d798c5892797cbad95b,2026-07-07T18:24:28Z,2026-07-07T18:24:28Z,0,25,0,1784628749.895898
sub_105515382c394f7ba9f3e8f70b4bb350,2026-07-07T18:24:36Z,2026-07-07T18:24:36Z,0,25,0,1784628749.9177148
sub_72ceee79ef804844a79ae6666e8c0f75,2026-07-07T18:24:44Z,2026-07-07T18:24:44Z,0,25,0,1784628749.596259
sub_01c59cc5e8c04a579e11c0fe698d7a5b,2026-07-07T18:24:46Z,2026-07-07T18:24:46Z,0,25,0,1784628749.592921
sub_8a972fa5eee54f299894d15a948a1582,2026-07-07T18:24:50Z,2026-07-07T18:24:50Z,0,25,0,1784628749.504425
sub_cd263bd45762443c95d3d728a7300c93,2026-07-07T18:25:10Z,2026-07-07T18:25:10Z,0,25,0,1784628749.3469
sub_3f4a1e5d217c4cf9b3d2140376b5eb42,2026-07-07T18:25:16Z,2026-07-07T18:25:16Z,0,25,0,1784628749.23841
sub_fdb96ea1a4454c9b92f8d6a857008149,2026-07-07T18:25:25Z,2026-07-07T18:25:25Z,0,25,0,1784628749.2573729
sub_b224148470934a578b6d28b4983a37ed,2026-07-07T18:25:33Z,2026-07-07T18:25:33Z,0,25,0,1784628748.876651
sub_4392ca65829347d7a23919c39d3c0ee3,2026-07-07T18:25:39Z,2026-07-07T18:25:39Z,0,25,0,1784628748.8783412
sub_c9fda5fd3945417293961196ab5fe53d,2026-07-07T18:25:43Z,2026-07-07T18:25:43Z,0,25,0,1784628748.8592849
sub_4423595732054a50b1789dc53b8ee59d,2026-07-07T18:25:51Z,2026-07-07T18:25:51Z,0,25,0,1784628748.669585
sub_21c1a98ac020482fa45af719b38fb1a3,2026-07-07T18:25:58Z,2026-07-07T18:25:58Z,0,25,0,1784628748.573982
sub_b39737d74ea646bc90778e1a83da8c55,2026-07-07T18:26:04Z,2026-07-07T18:26:04Z,0,25,0,1784628748.57585
sub_8b08b6d6fb644b2999410fb67e54282d,2026-07-07T18:26:09Z,2026-07-07T18:26:09Z,0,25,0,1784628748.220746
sub_a451709206f049a7ae3fd67c81faa0f5,2026-07-07T18:26:17Z,2026-07-07T18:26:17Z,0,25,0,1784628748.1910841
sub_f7aa2109d7c84553b6d3c74c456b8caa,2026-07-07T18:26:24Z,2026-07-07T18:26:24Z,0,25,0,1784628748.192673
sub_6cde98f3959047a699e7caf557fa45b0,2026-07-07T18:26:28Z,2026-07-07T18:26:28Z,0,25,0,1784628747.999872
sub_2c0bed121a5e4fc4ad46d7bfa50f13bc,2026-07-07T18:26:33Z,2026-07-07T18:26:33Z,0,25,0,1784628747.915221
sub_c0a8416c82a54f38a418cfcd018176db,2026-07-07T18:26:41Z,2026-07-07T18:26:41Z,0,25,0,1784628747.8982122
sub_480fa00f40e947fd9ebfaa6ad2b3e29b,2026-07-07T18:26:51Z,2026-07-07T18:26:51Z,0,25,0,1784628747.574614
sub_6e6a102673db49a5ba83f952a5aa2234,2026-07-07T18:26:57Z,2026-07-07T18:26:57Z,0,25,0,1784628747.5518742
sub_e9119aa670ad440faa03be78c1ea6897,2026-07-07T18:27:01Z,2026-07-07T18:27:01Z,0,25,0,1784628747.533098
sub_8a732754a12d4ceab6148332b1ac35fb,2026-07-07T18:27:06Z,2026-07-07T18:27:06Z,0,25,0,1784628747.343901
sub_ee114da68c274cd3b51eb67201edc607,2026-07-07T18:27:14Z,2026-07-07T18:27:14Z,0,25,0,1784628747.251272
sub_9c1774229ab141dfb4a50239600b8b6e,2026-07-07T18:27:19Z,2026-07-07T18:27:19Z,0,25,0,1784628747.2300491
sub_5a885753c2464d50b453c0fc9239d255,2026-07-07T18:27:23Z,2026-07-07T18:27:23Z,0,25,0,1784628746.912291
sub_8c1f23547af144c7a71f1dd05e7428f5,2026-07-07T18:27:28Z,2026-07-07T18:27:28Z,0,25,0,1784628746.8862479
sub_9a73ba70efaf48e29137ca05a96bcffa,2026-07-07T18:27:35Z,2026-07-07T18:27:35Z,0,25,0,1784628746.858505
sub_d827d7c844c44694a6cac0b4c1480674,2026-07-07T18:27:40Z,2026-07-07T18:27:40Z,0,25,0,1784628746.6373272
sub_e53c97a67477445fb8b153384cc9f48a,2026-07-07T18:27:48Z,2026-07-07T18:27:48Z,0,25,0,1784628746.565035
sub_e85230cad6c544f3b1b65ae5a328dd5d,2026-07-07T18:27:54Z,2026-07-07T18:27:54Z,0,25,0,1784628746.556119
sub_5a7170f26892458aabff8bd6eeebeb25,2026-07-07T18:28:01Z,2026-07-07T18:28:01Z,0,25,0,1784628746.236026
sub_57dad039e7a742768b8e7810de54cd83,2026-07-07T18:28:06Z,2026-07-07T18:28:06Z,0,25,0,1784628746.171173
sub_cb4ebe0ef9604ba4ab48c6499ccc0a47,2026-07-07T18:28:11Z,2026-07-07T18:28:11Z,0,25,0,1784628746.169734
sub_f6b00e4d34c84b2b9f78306ad407c193,2026-07-07T18:28:18Z,2026-07-07T18:28:18Z,0,25,0,1784628746.00223
sub_7fd22c3242d74e41ae7349cc166dea11,2026-07-07T18:28:25Z,2026-07-07T18:28:25Z,0,25,0,1784628745.8850718
sub_61b65e9436c24607a6e44659bd9d640c,2026-07-07T18:28:27Z,2026-07-07T18:28:27Z,0,25,0,1784628745.8761148
sub_b14d639792d74cf7bbb0e4cf3f2c2e16,2026-07-07T18:28:32Z,2026-07-07T18:28:32Z,0,25,0,1784628745.515702
sub_198b7dc9aa6647f1ab0bc1fa30e894a2,2026-07-07T18:28:38Z,2026-07-07T18:28:38Z,0,25,0,1784628745.4787369
sub_677f4f1f9ebb401e9540ea0524457290,2026-07-07T18:28:45Z,2026-07-07T18:28:45Z,0,25,0,1784628745.476786
sub_629d2d2efb88404a96dff7c04985099f,2026-07-07T18:28:51Z,2026-07-07T18:28:51Z,0,25,0,1784628745.331278
sub_0a615ffa34134970b0d375c22b62ad61,2026-07-07T18:28:55Z,2026-07-07T18:28:55Z,0,25,0,1784628745.1589088
sub_e3e014b4069f4a00bf86eab9e228932d,2026-07-07T18:29:01Z,2026-07-07T18:29:01Z,0,25,0,1784628745.164654
sub_6e90f2dcd5f049268ab02c249a5e0cc4,2026-07-07T18:29:08Z,2026-07-07T18:29:08Z,0,25,0,1784628744.805558
sub_a2c1b0d17bbf4e70a1f5f438f8e7235e,2026-07-07T18:29:11Z,2026-07-07T18:29:11Z,0,25,0,1784628744.6546
sub_e8cec8ba31d341b582739e8a5de1bd3d,2026-07-07T18:29:15Z,2026-07-07T18:29:15Z,0,25,0,1784628744.4644601
sub_21c644112cab4f0a8f3c644bb46eb5f8,2026-07-07T18:29:20Z,2026-07-07T18:29:20Z,0,25,0,1784628744.7975569
sub_25d13c398e4545b3ac36f3ba92f38758,2026-07-07T18:29:27Z,2026-07-07T18:29:27Z,0,25,0,1784628744.447147
sub_40560f750e1a4654b415a61ed03781f1,2026-07-07T18:29:32Z,2026-07-07T18:29:32Z,0,25,0,1784628744.8223119
sub_657c17463cb44fd29eb6411aa127d5b5,2026-07-07T18:29:36Z,2026-07-07T18:29:36Z,0,25,0,1784628742.629031
sub_6fcee8f96ceb4abc997d3d85b9a82cb5,2026-07-07T18:29:41Z,2026-07-07T18:29:41Z,0,25,0,1784628742.555564
sub_baa0d698d8634214aa765197fc8de236,2026-07-07T18:29:48Z,2026-07-07T18:29:48Z,0,25,0,1784628742.526304
sub_ca143fd2078945c19ce04be6caf75384,2026-07-07T18:29:52Z,2026-07-07T18:29:52Z,0,25,0,1784628742.524488
sub_cc83c4bf99d5437a8a37698297d370f3,2026-07-07T18:29:58Z,2026-07-07T18:29:58Z,0,25,0,1784628742.055116
sub_05b898f37a8e40c58650373a3f2740cd,2026-07-07T18:30:03Z,2026-07-07T18:30:03Z,0,25,0,1784628741.957101
sub_0fa05c4c767145a1a0dc430e330ab91c,2026-07-07T18:30:10Z,2026-07-07T18:30:10Z,0,25,0,1784628741.918807
sub_054e7d265877414b888a38869a5d176e,2026-07-07T18:30:17Z,2026-07-07T18:30:17Z,0,25,0,1784628741.9788082
sub_b3878ce351ce418d9b92c6563ac85fe1,2026-07-07T18:30:21Z,2026-07-07T18:30:21Z,0,25,0,1784628741.88746
sub_94c0c7a8cb574df3a6e3f4d409c133c6,2026-07-07T18:30:25Z,2026-07-07T18:30:25Z,0,25,0,1784628741.865107
sub_4e9bb5b56dab4c1b835030add03202b4,2026-07-07T18:30:33Z,2026-07-07T18:30:33Z,0,25,0,1784628741.403125
sub_032bade9084c4d6f983a01e146ead203,2026-07-07T18:30:39Z,2026-07-07T18:30:39Z,0,25,0,1784628741.2776341
sub_2544898b7b204953acb917f92eb92c4b,2026-07-07T18:30:43Z,2026-07-07T18:30:43Z,0,25,0,1784628741.2449899
sub_d9bb95904bd841beb8857348c42553f7,2026-07-07T18:30:48Z,2026-07-07T18:30:48Z,0,25,0,1784628741.276293
sub_6d8ffe3a016e4293ab9afa51c401418e,2026-07-07T18:30:55Z,2026-07-07T18:30:55Z,0,25,0,1784628741.259284
sub_5ac2fd786abf4366a37fe5cdfbed483f,2026-07-07T18:31:00Z,2026-07-07T18:31:00Z,0,25,0,1784628741.1952279
sub_18e44a6f9d314f06b751a3e63c0590e5,2026-07-07T18:31:04Z,2026-07-07T18:31:04Z,0,25,0,1784628740.565592
sub_1836ae3e9fac4004bf83056d5b0ba55f,2026-07-07T18:31:09Z,2026-07-07T18:31:09Z,0,25,0,1784628740.567403
sub_c959e9fb7785440998c122642634f3cf,2026-07-07T18:31:15Z,2026-07-07T18:31:15Z,0,25,0,1784628740.7388911
sub_8c8095d9262a40a6916687d538da3c56,2026-07-07T18:31:20Z,2026-07-07T18:31:20Z,0,25,0,1784628740.622457
sub_e5ea0cd0f9d24e53ae0bfb62b72e5891,2026-07-07T18:31:24Z,2026-07-07T18:31:24Z,0,25,0,1784628740.529376
sub_04897085ec4d482a9514d5757b49d703,2026-07-07T18:31:28Z,2026-07-07T18:31:28Z,0,25,0,1784628740.5693262
sub_18b7aa9bf61d48a3b3e58f635ee2931b,2026-07-07T18:31:35Z,2026-07-07T18:31:35Z,0,25,0,1784628738.600346
sub_aa6f24eb770f4696b57378480fb783ba,2026-07-07T18:31:41Z,2026-07-07T18:31:41Z,0,25,0,1784628738.516913
sub_2b9c528b135e4bfc8cb52ae6862f8eea,2026-07-07T18:31:45Z,2026-07-07T18:31:45Z,0,25,0,1784628738.4382699
sub_09a46cf3547c4fac8b7601f57ac030f8,2026-07-07T18:31:50Z,2026-07-07T18:31:50Z,0,25,0,1784628738.418783
sub_b042f9f583da4a2981ec08655d5721bd,2026-07-07T18:31:57Z,2026-07-07T18:31:57Z,0,25,0,1784628738.436841
sub_4b214fb0a807407092c63ff06d62d40e,2026-07-07T18:32:02Z,2026-07-07T18:32:02Z,0,25,0,1784628738.326401
sub_0b87f3bf87754ec4bc49464acc8baaff,2026-07-07T18:32:07Z,2026-07-07T18:32:07Z,0,25,0,1784628737.959473
sub_d451e736bcaf42aa9307e6957607b289,2026-07-07T18:32:12Z,2026-07-07T18:32:12Z,0,25,0,1784628737.780834
sub_f338ac8000ba48e785e7a70e74889111,2026-07-07T18:32:19Z,2026-07-07T18:32:19Z,0,25,0,1784628737.77036
sub_80005a002d994a3b864c57b3f55b5040,2026-07-07T18:32:25Z,2026-07-07T18:32:25Z,0,25,0,1784628737.753658
sub_8db8d39c53cd42e2a7584eccc0229f88,2026-07-07T18:32:29Z,2026-07-07T18:32:29Z,0,25,0,1784628737.751555
sub_f2c6103a2bb8438197f5ccb27ca73418,2026-07-07T18:32:42Z,2026-07-07T18:32:42Z,0,25,0,1784628737.573892
sub_236d3d55d6d74635a61485905f843313,2026-07-07T18:32:48Z,2026-07-07T18:32:48Z,0,25,0,1784628737.241714
sub_2c2123a8805e456a99eeb8ce1159e2fb,2026-07-07T18:32:56Z,2026-07-07T18:32:56Z,0,25,0,1784628737.12472
sub_a93abdf695d843a0bfff4dd56bf6a336,2026-07-07T18:33:01Z,2026-07-07T18:33:01Z,0,25,0,1784628737.104244
sub_21b4eaa9343e4dbf824b77f33dc0cf9b,2026-07-07T18:33:12Z,2026-07-07T18:33:12Z,0,25,0,1784628737.083616
sub_214f5b9884fa47faa541659029242032,2026-07-07T18:33:14Z,2026-07-07T18:33:14Z,0,25,0,1784628737.078625
sub_cb0efdeb3e05467094abd6deb329ed17,2026-07-07T18:33:20Z,2026-07-07T18:33:20Z,0,25,0,1784628736.9214249
sub_c5a1f9d1942646b4ac64d9b7b2da0cca,2026-07-07T18:33:28Z,2026-07-07T18:33:28Z,0,25,0,1784628736.588226
sub_389d3e03f684408f892a8f55257f7645,2026-07-07T18:33:31Z,2026-07-07T18:33:31Z,0,25,0,1784628736.4540212
sub_e249aede6f8c41ca9c0bc6ab895907ca,2026-07-07T18:33:37Z,2026-07-07T18:33:37Z,0,25,0,1784628736.427347
sub_8003fa2cd14c4c0f99f4d3fc5a04fb50,2026-07-07T18:33:55Z,2026-07-07T18:33:55Z,0,25,0,1784628736.4224808
sub_7ebad8c7977b495f82103aea3cc09e60,2026-07-07T18:33:58Z,2026-07-07T18:33:58Z,0,25,0,1784628736.424211
sub_d73c7ec82b594befbedf9e893b29b503,2026-07-07T18:34:03Z,2026-07-07T18:34:03Z,0,25,0,1784628736.229888
sub_9562194008764366a2f3ef9f87085855,2026-07-07T18:34:19Z,2026-07-07T18:34:19Z,0,25,0,1784628735.862756
sub_a9e812b85d104a7fbc3d632693556e57,2026-07-07T18:34:24Z,2026-07-07T18:34:24Z,0,25,0,1784628735.780828
sub_2101d3cdd8d248ba92b89c4ee8a9460d,2026-07-07T18:34:29Z,2026-07-07T18:34:29Z,0,25,0,1784628735.737151
sub_dd8aa9e218ab42609e8c1d8a7bc12e94,2026-07-07T18:34:33Z,2026-07-07T18:34:33Z,0,25,0,1784628735.7388108
sub_d3cebc1ca9a748f58622ca1bea3291dc,2026-07-07T18:34:46Z,2026-07-07T18:34:46Z,0,25,0,1784628735.6806731
sub_8324bf5af3f64647b5b6a9511a6e8c6b,2026-07-07T18:34:48Z,2026-07-07T18:34:48Z,0,25,0,1784628735.54496
sub_3017f56f97ba4537a7a0f3a5e4bc52a4,2026-07-07T18:34:52Z,2026-07-07T18:34:52Z,0,25,0,1784628735.210112
sub_e05b61c413f34b7fa34c36c32c22a26a,2026-07-07T18:34:57Z,2026-07-07T18:34:57Z,0,25,0,1784628735.1193569
sub_215d3c1b6ab848f5be6012bc32b7f9c6,2026-07-07T18:35:08Z,2026-07-07T18:35:08Z,0,25,0,1784628735.009579
sub_352f43c39d7c48ca921ace7efc158787,2026-07-07T18:35:10Z,2026-07-07T18:35:10Z,0,25,0,1784628735.0747468
sub_84e09a6fdcfd4b2ebfbe42110a3e87f3,2026-07-07T18:35:14Z,2026-07-07T18:35:14Z,0,25,0,1784628735.057858
sub_71bb965d812548d0b5900638d9374e87,2026-07-07T18:35:19Z,2026-07-07T18:35:19Z,0,25,0,1784628734.885779
sub_29032b0a844e44e4a41c61d08c79ef23,2026-07-07T18:35:32Z,2026-07-07T18:35:32Z,0,25,0,1784628734.553351
sub_f43fd8e19ffd485c9ca2c5bf4108a930,2026-07-07T18:35:34Z,2026-07-07T18:35:34Z,0,25,0,1784628734.344116
sub_cb05e1d53bbe4132a90123a05902a840,2026-07-07T18:35:38Z,2026-07-07T18:35:38Z,0,25,0,1784628734.3409631
sub_9e8ab34938a8446c9784e14d2f2f870e,2026-07-07T18:35:43Z,2026-07-07T18:35:43Z,0,25,0,1784628734.342548
sub_60affad49acd4ae2bc18e27e74ce0f63,2026-07-07T18:35:54Z,2026-07-07T18:35:54Z,0,25,0,1784628734.231837
sub_de10585abe734c0ca51289769739ee63,2026-07-07T18:36:01Z,2026-07-07T18:36:01Z,0,25,0,1784628734.345463
sub_2b3235ba221f4418a2965068ef53da28,2026-07-07T18:36:06Z,2026-07-07T18:36:06Z,0,25,0,1784628733.772233
sub_f7dd3a14834f4bd893e5029739202487,2026-07-07T18:36:16Z,2026-07-07T18:36:16Z,0,25,0,1784628733.5564768
sub_e67eed3686d040e98ede95d5342cc38e,2026-07-07T18:36:18Z,2026-07-07T18:36:18Z,0,25,0,1784628733.537411
sub_d74b1b9a374b4de0abed5ae08ccce0c0,2026-07-07T18:36:22Z,2026-07-07T18:36:22Z,0,25,0,1784628733.539208
sub_d1d4dca0201a43eb835fb57d65bac51d,2026-07-07T18:36:26Z,2026-07-07T18:36:26Z,0,25,0,1784628733.4489532
sub_671678ed53644d74bd75ae39ef8b4d58,2026-07-07T18:36:37Z,2026-07-07T18:36:37Z,0,25,0,1784628733.431801
sub_9fd475c239c047b9b253da4ad3f6cd90,2026-07-07T18:36:39Z,2026-07-07T18:36:39Z,0,25,0,1784628732.917689
sub_fbdbcb0e340b4af78c23dbc1b16b4016,2026-07-07T18:36:43Z,2026-07-07T18:36:43Z,0,25,0,1784628733.0994198
sub_01cfbdbcf1c34388ac91ede60bbd4027,2026-07-07T18:36:50Z,2026-07-07T18:36:50Z,0,25,0,1784628732.8956501
sub_b6c8a5aae42f485880d07a680bf23a87,2026-07-07T18:37:06Z,2026-07-07T18:37:06Z,0,25,0,1784628732.8975308
sub_0108613ab76e488fa4a8bcb58304bc0e,2026-07-07T18:37:10Z,2026-07-07T18:37:10Z,0,25,0,1784628732.64684
sub_c1a4023d47284b11a76584a144187b71,2026-07-07T18:37:15Z,2026-07-07T18:37:15Z,0,25,0,1784628732.662912
sub_f38284c49c8a4e96896f714eb8573082,2026-07-07T18:37:23Z,2026-07-07T18:37:23Z,0,25,0,1784628732.241523
sub_3ac91f1b930b4340bd32a0c3faa2b13d,2026-07-07T18:37:27Z,2026-07-07T18:37:27Z,0,25,0,1784628732.243011
sub_7332851f497941cab62c063de4a5ef8e,2026-07-07T18:37:32Z,2026-07-07T18:37:32Z,0,25,0,1784628732.2082791
sub_171d95a4b0a44e9996cc8d95ab0adf34,2026-07-07T18:37:44Z,2026-07-07T18:37:44Z,0,25,0,1784628732.229651
sub_3441679099774c26ac9202a1fff748e6,2026-07-07T18:37:50Z,2026-07-07T18:37:50Z,0,25,0,1784628732.000963
sub_cd3b954949f1482d8f736a2165f3145e,2026-07-07T18:37:54Z,2026-07-07T18:37:54Z,0,25,0,1784628731.999158
sub_39006da6d3e34e909065bb1cd3fe0ce5,2026-07-07T18:37:58Z,2026-07-07T18:37:58Z,0,25,0,1784628731.551656
sub_e46084593a42488ca2284529ffa21913,2026-07-07T18:38:14Z,2026-07-07T18:38:14Z,0,25,0,1784628731.552994
sub_5bf0b0dc203d4846a9454535dbdc6d2c,2026-07-07T18:38:19Z,2026-07-07T18:38:19Z,0,25,0,1784628731.529502
sub_76f3ff612c0a4f959f554f1ab6cd2749,2026-07-07T18:38:22Z,2026-07-07T18:38:22Z,0,25,0,1784628731.531466
sub_2f67434506a746a6b307c69af86aaf63,2026-07-07T18:38:33Z,2026-07-07T18:38:33Z,0,25,0,1784628731.333416
sub_f74256bf09ff45cfb54e0a9de2fa0898,2026-07-07T18:38:41Z,2026-07-07T18:38:41Z,0,25,0,1784628731.331427
sub_f6bc24882ae94f17b19fb0b54b8d2f4e,2026-07-07T18:38:44Z,2026-07-07T18:38:44Z,0,25,0,1784628730.83441
sub_7bb0df6c6db54ff497b38a4884f318e0,2026-07-07T18:38:51Z,2026-07-07T18:38:51Z,0,25,0,1784628730.8363242
sub_071c2efbb9f84aad813fee7cd9ed8a40,2026-07-07T18:38:55Z,2026-07-07T18:38:55Z,0,25,0,1784628730.8300512
sub_9c4ea685a49245bb96f404ab9904b411,2026-07-07T18:38:58Z,2026-07-07T18:38:58Z,0,25,0,1784628730.833066
sub_8bb47651380a4c11bb7be3a2446dc7ba,2026-07-07T18:39:05Z,2026-07-07T18:39:05Z,0,25,0,1784628730.671047
sub_c339c9769f064146851626a46b22fd44,2026-07-07T18:39:13Z,2026-07-07T18:39:13Z,0,25,0,1784628730.6455622
sub_d178b064b4dd4501ae0494ee48cbf9b6,2026-07-07T18:39:20Z,2026-07-07T18:39:20Z,0,25,0,1784628730.1690292
sub_9799f0693b4b415796ff1f532f7c71b6,2026-07-07T18:39:26Z,2026-07-07T18:39:26Z,0,25,0,1784628729.975661
sub_a251dd049e9c4f98ac925e4d5ffb7a41,2026-07-07T18:39:28Z,2026-07-07T18:39:28Z,0,25,0,1784628730.148743
sub_6fc8c7bdb7dd40d492019a3f54d3231e,2026-07-07T18:39:35Z,2026-07-07T18:39:35Z,0,25,0,1784628729.957095
sub_97b282e4a68245a68a7bcaa029d90b1c,2026-07-07T18:39:44Z,2026-07-07T18:39:44Z,0,25,0,1784628730.161231
sub_e2e56c844ad94fe39418bd6b308b8364,2026-07-07T18:39:49Z,2026-07-07T18:39:49Z,0,25,0,1784628730.184758
sub_e7376f1691ea49cb8157c92907842cd2,2026-07-07T18:39:51Z,2026-07-07T18:39:51Z,0,25,0,1784628727.6550488
sub_1ec04c6ccfed43f3ad567a4baa8feba0,2026-07-07T18:39:58Z,2026-07-07T18:39:58Z,0,25,0,1784628727.648909
sub_a70f65e3800140e58197c9fa022b5c6d,2026-07-07T18:40:06Z,2026-07-07T18:40:06Z,0,25,0,1785065482.835737
sub_dd232377c74e41b48f390b53b641475c,2026-07-07T18:40:10Z,2026-07-07T18:40:10Z,0,25,0,1785065484.337121
sub_3b3ae7c6adeb40a1b6e1a46493883c95,2026-07-07T18:40:12Z,2026-07-07T18:40:12Z,0,25,0,1785065486.026529
sub_415d350ba30d4ec6af8f9f5931eea7c8,2026-07-07T18:40:19Z,2026-07-07T18:40:19Z,0,25,0,1785065487.3142788
sub_46244e6211eb4781b9733bc1624ec16a,2026-07-07T18:40:31Z,2026-07-07T18:40:31Z,0,25,0,1785065488.774465
sub_b1600aae94be478aba0d6609532b577f,2026-07-07T18:40:35Z,2026-07-07T18:40:35Z,0,25,0,1785065490.175699
sub_bfa8f8f2dae5470a97a4fd231029890e,2026-07-07T18:40:44Z,2026-07-07T18:40:44Z,0,25,0,1784628720.465898
sub_2246ffa28b724be6a798557d1476a564,2026-07-07T18:40:48Z,2026-07-07T18:40:48Z,0,25,0,1784628720.436355
sub_45d6aed2efe04faaa3c44b867fbf75b8,2026-07-07T18:40:54Z,2026-07-07T18:40:54Z,0,25,0,1784628720.448053
sub_c6c95a56bbc44461906d195425f3890a,2026-07-07T18:40:59Z,2026-07-07T18:40:59Z,0,25,0,1784628720.577116
sub_046602b4be9f4cd893bb6386ecaca092,2026-07-07T18:41:07Z,2026-07-07T18:41:07Z,0,25,0,1784628720.4768739
sub_f4ad589f849546779d34c16080b03f4a,2026-07-07T18:41:11Z,2026-07-07T18:41:11Z,0,25,0,1784628720.4738529
sub_7486a8377be54047846e1932d3b46152,2026-07-07T18:41:16Z,2026-07-07T18:41:16Z,0,25,0,1784628719.275342
sub_85861a8421064cbcb8db3891bbf82fce,2026-07-07T18:41:22Z,2026-07-07T18:41:22Z,0,25,0,1784628719.222837
sub_b769283b7f404b14bc390f3ec6691349,2026-07-07T18:41:30Z,2026-07-07T18:41:30Z,0,25,0,1784628719.309312
sub_34bfbd7d70504e0398f47f14bbdad9c5,2026-07-07T18:41:39Z,2026-07-07T18:41:39Z,0,25,0,1784628718.3609111
sub_f6dbda17e94a4af79050c1b6df87a85d,2026-07-07T18:41:44Z,2026-07-07T18:41:44Z,0,25,0,1784628718.7993531
sub_5c2249351e0a45faa6a80e3938f52652,2026-07-07T18:41:49Z,2026-07-07T18:41:49Z,0,25,0,1784628718.800768
sub_7058fbc4bbce4c45ad794c674e6d545f,2026-07-07T18:41:57Z,2026-07-07T18:41:57Z,0,25,0,1784628718.364064
sub_29fb3eba3d714a72b9a9671b0476e8b8,2026-07-07T18:42:02Z,2026-07-07T18:42:02Z,0,25,0,1784628718.3627222
sub_357ba540cda1412594278738b95d62c2,2026-07-07T18:42:06Z,2026-07-07T18:42:06Z,0,25,0,1784628718.780235
sub_758b63a7ba754504a5e66bddbefe61ae,2026-07-07T18:42:11Z,2026-07-07T18:42:11Z,0,25,0,1784628716.882418
sub_47a8113b0566469f96fe9e255431a170,2026-07-07T18:42:19Z,2026-07-07T18:42:19Z,0,25,0,1784628717.095435
sub_b273cdf9731249c593367901b7d3cc2c,2026-07-07T18:42:24Z,2026-07-07T18:42:24Z,0,25,0,1784628716.879679
sub_39184db7ec184db7b468a66e15358fa5,2026-07-07T18:42:29Z,2026-07-07T18:42:29Z,0,25,0,1784628717.105798
sub_32cda6319056465691d57aecbadefe05,2026-07-07T18:42:34Z,2026-07-07T18:42:34Z,0,25,0,1784628716.93019
sub_211ac7e0b5cd487085fff7e04c9a4001,2026-07-07T18:42:43Z,2026-07-07T18:42:43Z,0,25,0,1784628716.854264
sub_f9c53100b41642939e706ade9d5a9ea4,2026-07-07T18:42:47Z,2026-07-07T18:42:47Z,0,25,0,1784628715.632826
sub_718482ace3bf4e349203c6b3d43b9b80,2026-07-07T18:42:55Z,2026-07-07T18:42:55Z,0,25,0,1784628715.3558981
sub_32bc7b41f14446bdabaeec788cc7a404,2026-07-07T18:42:59Z,2026-07-07T18:42:59Z,0,25,0,1784628715.3716538
sub_68f5e3a709ce4268ace433ae59fdfeb3,2026-07-07T18:43:08Z,2026-07-07T18:43:08Z,0,25,0,1784628715.3401291
sub_1252413c33d24f2684a82e22924f7936,2026-07-07T18:43:12Z,2026-07-07T18:43:12Z,0,25,0,1784628715.351604
sub_e3649c993a18432f83c8e3ef5e051675,2026-07-07T18:43:17Z,2026-07-07T18:43:17Z,0,25,0,1784628715.354514
sub_0981084b5ec44704acde1e04c99c0904,2026-07-07T18:43:21Z,2026-07-07T18:43:21Z,0,25,0,1784628714.436388
sub_abc2a862faa84d06991f128704fde7c9,2026-07-07T18:43:33Z,2026-07-07T18:43:33Z,0,25,0,1784628714.35042
sub_7339ed57c30c47e8838408739a80ca4b,2026-07-07T18:43:38Z,2026-07-07T18:43:38Z,0,25,0,1784628714.364427
sub_e796df37957c4000a5e2433ad8669e66,2026-07-07T18:43:43Z,2026-07-07T18:43:43Z,0,25,0,1784628714.249362
sub_9455dde8d6b14a99a67b55d0a4998716,2026-07-07T18:43:48Z,2026-07-07T18:43:48Z,0,25,0,1784628714.1946518
sub_8bcf77b5ce974ceb82f71e7e23d7615c,2026-07-07T18:43:55Z,2026-07-07T18:43:55Z,0,25,0,1784628713.789988
sub_dbea1e7dee4c4f0fa645d3f7abee8c68,2026-07-07T18:43:59Z,2026-07-07T18:43:59Z,0,25,0,1784628713.602319
sub_f6300ff5e0e74bf7a079215dcfd88f78,2026-07-07T18:44:04Z,2026-07-07T18:44:04Z,0,25,0,1784628713.4709692
sub_242442076c6e47098dbb8490ea4ee573,2026-07-07T18:44:10Z,2026-07-07T18:44:10Z,0,25,0,1784628713.4947782
sub_591329cc28a14ea9af1de18765ceb3d6,2026-07-07T18:44:17Z,2026-07-07T18:44:17Z,0,25,0,1784628713.4121442
sub_6bc081e50a264cd281659264196c4b8f,2026-07-07T18:44:24Z,2026-07-07T18:44:24Z,0,25,0,1784628713.3765671
sub_2e78091de31f4767aeada15b1fcf3c48,2026-07-07T18:44:30Z,2026-07-07T18:44:30Z,0,25,0,1784628712.940189
sub_13f4a426efb84cb684b1faf7c2386291,2026-07-07T18:44:42Z,2026-07-07T18:44:42Z,0,25,0,1784628712.7349231
sub_c1768ac0d1f6411488e3345883fffc44,2026-07-07T18:44:47Z,2026-07-07T18:44:47Z,0,25,0,1784628712.5688472
sub_4b0d22f3fd48449ebdc32f7d670be41c,2026-07-07T18:44:56Z,2026-07-07T18:44:56Z,0,25,0,1784628712.609129
sub_f72c25777ad54cc6974f93fffb59d9ac,2026-07-07T18:45:03Z,2026-07-07T18:45:03Z,0,25,0,1784628712.494563
sub_f3417b7960244c41bd4f2fd3882aa7cb,2026-07-07T18:45:12Z,2026-07-07T18:45:12Z,0,25,0,1784628712.5472052
sub_7dbaf79c0d9345a1856d564d9fb4c9b9,2026-07-07T18:45:19Z,2026-07-07T18:45:19Z,0,25,0,1784628712.0071628
sub_812249f93e414efe8e5a4961f1f0f020,2026-07-07T18:45:32Z,2026-07-07T18:45:32Z,0,25,0,1784628711.936039
sub_bc5d31fa252b4d1caebd47b9037fcbc8,2026-07-07T18:45:38Z,2026-07-07T18:45:38Z,0,25,0,1784628711.696783
sub_2723bff9d5ad4292a52bd49efdc564dd,2026-07-07T18:45:57Z,2026-07-07T18:45:57Z,0,25,0,1784628711.7409642
sub_6a79bfc8107941779a7df72ba9067eb6,2026-07-07T18:45:59Z,2026-07-07T18:45:59Z,0,25,0,1784628711.593673
sub_697d5412a12f4391968305a9baf6cd88,2026-07-07T18:46:13Z,2026-07-07T18:46:13Z,0,25,0,1784628711.630466
sub_d46671853c7d4e6bbbd1dd6866bec7b7,2026-07-07T18:46:15Z,2026-07-07T18:46:15Z,0,25,0,1784628711.1198568
sub_09792c5b194b4ca4b4e5334f757916c0,2026-07-07T18:46:19Z,2026-07-07T18:46:19Z,0,25,0,1784628711.0992582
sub_49b5b1cca80f47efa159e459393d0f24,2026-07-07T18:46:23Z,2026-07-07T18:46:23Z,0,25,0,1784628710.8954072
sub_087f834cc9d94deda29328d024f10dbc,2026-07-07T18:46:36Z,2026-07-07T18:46:36Z,0,25,0,1784628710.8575811
sub_cf6368c6359a4a3da82ed3a86d56c9f0,2026-07-07T18:46:44Z,2026-07-07T18:46:44Z,0,25,0,1784628710.79174
sub_37e7bab1942b4c5a983b44d5fd026c28,2026-07-07T18:46:54Z,2026-07-07T18:46:54Z,0,25,0,1784628710.7778869
sub_d3b117ffb3db4c65b7e5c35278634547,2026-07-07T18:46:59Z,2026-07-07T18:46:59Z,0,25,0,1784628710.2617779
sub_eddfc278dfb44990886785f7455b8053,2026-07-07T18:47:01Z,2026-07-07T18:47:01Z,0,25,0,1784628710.2361422
sub_6a4cb9427a68450687f72eee7e5e6d93,2026-07-07T18:47:14Z,2026-07-07T18:47:14Z,0,25,0,1784628709.9099991
sub_56e2ece6836146e1ba63cd9a6ae28ede,2026-07-07T18:47:16Z,2026-07-07T18:47:16Z,0,25,0,1784628710.031683
sub_496bce30e4734f7d8d619bdd99a866d9,2026-07-07T18:47:32Z,2026-07-07T18:47:32Z,0,25,0,1784628710.000698
sub_026a0c1e92cd4256b8064ea0e1aa5056,2026-07-07T18:47:34Z,2026-07-07T18:47:34Z,0,25,0,1784628709.822418
sub_b8370ae3dd404066a3a4e2534cf1484a,2026-07-07T18:47:39Z,2026-07-07T18:47:39Z,0,25,0,1784628709.3889952
sub_5477c760fec34d859f7f457a10202d9d,2026-07-07T18:47:48Z,2026-07-07T18:47:48Z,0,25,0,1784628709.293639
sub_6bfab124b3b84c1a8617e175d13fb868,2026-07-07T19:04:00Z,2026-07-07T19:04:00Z,0,10,0,1784628709.109353
sub_fbf655289b524421939f54be0a61a103,2026-07-07T19:04:08Z,2026-07-07T19:04:08Z,0,10,0,1784628709.0778198
sub_0a72d6545afc4b69b41a871b312c6c4e,2026-07-07T19:04:12Z,2026-07-07T19:04:12Z,0,10,0,1784628708.9609568
sub_2178c1bde90349779a2462cbdabf9692,2026-07-07T19:04:22Z,2026-07-07T19:04:22Z,0,10,0,1784628709.1064131
sub_de5085aa93ef47d49a678035f514425f,2026-07-07T19:04:31Z,2026-07-07T19:04:31Z,0,10,0,1784628708.4567628
sub_aed5aeac257f44ccbd8921839580ca3c,2026-07-07T19:04:32Z,2026-07-07T19:04:32Z,0,10,0,1784628708.3749912
sub_8bb5a0485e364d3dbc4aacc37dca9b81,2026-07-07T19:04:37Z,2026-07-07T19:04:37Z,0,10,0,1784628708.109293
sub_5d7c75a1d8a94af3b0904e6ce514ad0f,2026-07-07T19:04:49Z,2026-07-07T19:04:49Z,0,10,0,1784628708.069591
sub_78066f653d464b6995a3d09e3c8d7525,2026-07-07T19:04:57Z,2026-07-07T19:04:57Z,0,10,0,1784628708.239417
sub_8891f6a70edc433d8a2c26d41bd6efc0,2026-07-07T19:05:01Z,2026-07-07T19:05:01Z,0,10,0,1784628708.125103
sub_84895462b61e452080f803e7b23f4bce,2026-07-07T19:05:14Z,2026-07-07T19:05:14Z,0,10,0,1784628707.34051
sub_7eccec07299243158d97507ba22435ac,2026-07-07T19:05:24Z,2026-07-07T19:05:24Z,0,10,0,1784628707.341653
sub_cc1ed511fce241a7bcebb81a5138af46,2026-07-07T19:05:27Z,2026-07-07T19:05:27Z,0,10,0,1784628707.2354162
sub_8eb3bc7f738844199cf3f9296c9b20da,2026-07-07T19:05:50Z,2026-07-07T19:05:50Z,0,10,0,1784628707.284995
sub_4e4f22077d854035a8552f1bb8efbddc,2026-07-07T19:05:58Z,2026-07-07T19:05:58Z,0,10,0,1784628707.1689548
sub_752fa120852e400bbe5542b119caa718,2026-07-07T19:05:58Z,2026-07-07T19:05:58Z,0,10,0,1784628707.261309
sub_064b18630f0347549b3c166e4d5c78f0,2026-07-07T19:06:02Z,2026-07-07T19:06:02Z,0,10,0,1784628706.5492191
sub_28428f40daf84b1789ce881c5797a1f9,2026-07-07T19:06:20Z,2026-07-07T19:06:20Z,0,10,0,1784628706.3908029
sub_914f8f61e8d7460a901086d239fa33c3,2026-07-07T19:06:23Z,2026-07-07T19:06:23Z,0,10,0,1784628706.464545
sub_e645e59abbce4631a03b6ab8c23453db,2026-07-07T19:06:27Z,2026-07-07T19:06:27Z,0,10,0,1784628706.3355808
sub_0455327d62674751943a4bc4ca50b550,2026-07-07T19:06:32Z,2026-07-07T19:06:32Z,0,10,0,1784628706.416211
sub_9d85822994b746f5836d5f011293529b,2026-07-07T19:06:47Z,2026-07-07T19:06:47Z,0,10,0,1784628706.325131
sub_ee162d266c6d42d0a117d6584f5725fb,2026-07-07T19:06:50Z,2026-07-07T19:06:50Z,0,10,0,1784628705.559354
sub_34fe86ec22f64f0495768be855797940,2026-07-07T19:06:53Z,2026-07-07T19:06:53Z,0,10,0,1784628705.5757818
sub_0a9a53319ab343008c9c760a25dde5a7,2026-07-07T19:06:58Z,2026-07-07T19:06:58Z,0,10,0,1784628705.499582
sub_a1a3053172844873bdd0c005801a0333,2026-07-07T19:07:12Z,2026-07-07T19:07:12Z,0,10,0,1784628705.4945438
sub_464518b95282420ab80137d95b3dfdfc,2026-07-07T19:07:19Z,2026-07-07T19:07:19Z,0,10,0,1784628705.523104
sub_b60de57abb074986a6bebfb935eaebca,2026-07-07T19:07:20Z,2026-07-07T19:07:20Z,0,10,0,1784628705.4957361
sub_da1e51a02d8b41d0b9d30564070768d8,2026-07-07T19:07:36Z,2026-07-07T19:07:36Z,0,10,0,1784628703.18612
sub_813b8f56e7cc49b090a43f197ece680d,2026-07-07T19:07:42Z,2026-07-07T19:07:42Z,0,10,0,1784628703.321616
sub_baff21acda4749c2b120ca987a713896,2026-07-07T19:08:00Z,2026-07-07T19:08:00Z,0,10,0,1784628702.726315
sub_717808481059447086298c919c0c57f6,2026-07-07T19:08:01Z,2026-07-07T19:08:01Z,0,10,0,1784628702.739394
sub_72875711fb414655b34feac81438c825,2026-07-07T19:08:05Z,2026-07-07T19:08:05Z,0,10,0,1784628702.579574
sub_894fe0b7867546d3afd49a315caed0e9,2026-07-07T19:08:07Z,2026-07-07T19:08:07Z,0,10,0,1784628702.560925
sub_46a50e5f39ae402f98ecf88d5cccc5ee,2026-07-07T19:08:25Z,2026-07-07T19:08:25Z,0,10,0,1784628702.313694
sub_d5759510a261407394239f7f3d2d3c35,2026-07-07T19:08:32Z,2026-07-07T19:08:32Z,0,10,0,1784628702.30025
sub_17b3d388bd1e4a53b6413ab634b1239f,2026-07-07T19:08:34Z,2026-07-07T19:08:34Z,0,10,0,1784628701.840968
sub_e620478de3e949ba8eb22e3acd4939c4,2026-07-07T19:08:49Z,2026-07-07T19:08:49Z,0,10,0,1784628701.8606179
sub_fb73123ab67f4fa9b02f4af945a25b08,2026-07-07T19:08:56Z,2026-07-07T19:08:56Z,0,10,0,1784628701.5999281
sub_9251f1b4378e4025ad1f15021cac79e6,2026-07-07T19:08:59Z,2026-07-07T19:08:59Z,0,10,0,1784628701.601072
sub_f25c82e54bcb405bb5d410338a12cf77,2026-07-07T19:09:01Z,2026-07-07T19:09:01Z,0,10,0,1784628701.459601
sub_6efe38c12a7745b0ae0531d5c13ba22a,2026-07-07T19:09:18Z,2026-07-07T19:09:18Z,0,10,0,1784628701.301427
sub_bfe4ca97b88e473db4d09353db2a5b03,2026-07-07T19:09:24Z,2026-07-07T19:09:24Z,0,10,0,1784628700.979899
sub_3d03e2ea942346be9ccd12e2a1dfdad6,2026-07-07T19:09:38Z,2026-07-07T19:09:38Z,0,10,0,1784628700.919429
sub_906737b51dc248e9b3ab082fa55b032b,2026-07-07T19:09:44Z,2026-07-07T19:09:44Z,0,10,0,1784628700.749717
sub_ce347da938a34af0b3d305c132dbfad8,2026-07-07T19:09:46Z,2026-07-07T19:09:46Z,0,10,0,1784628700.731512
sub_6218a2e369294ea4ba68bc8cdb9ec96c,2026-07-07T19:09:48Z,2026-07-07T19:09:48Z,0,10,0,1784628700.5143628
sub_c2b3222422b341d790ba3ed581248ed4,2026-07-07T19:10:05Z,2026-07-07T19:10:05Z,0,10,0,1784628700.448411
sub_10d5ace2dfce4ee3b2c5dc7015cab04d,2026-07-07T19:10:17Z,2026-07-07T19:10:17Z,0,10,0,1784628700.156071
sub_feb98ae8d4c0474f9f01603a96d964b9,2026-07-07T19:10:29Z,2026-07-07T19:10:29Z,0,10,0,1784628700.039902
sub_88db39cf8dc645a4ab399f9d1ec3e646,2026-07-07T19:10:34Z,2026-07-07T19:10:34Z,0,10,0,1784628699.9004748
sub_1dd5ed45bba1492fa4c1526ea918f55f,2026-07-07T19:10:42Z,2026-07-07T19:10:42Z,0,10,0,1784628699.805356
sub_6f9d0060b908471aa07a3dd4d2f2b095,2026-07-07T19:10:45Z,2026-07-07T19:10:45Z,0,10,0,1784628699.672897
sub_34c70e8a454c4863bb8c6ef76b9b5a33,2026-07-07T19:11:00Z,2026-07-07T19:11:00Z,0,10,0,1784628699.614305
sub_4f5ab090c6504a95b537dd39019b5283,2026-07-07T19:11:04Z,2026-07-07T19:11:04Z,0,10,0,1784628699.2823198
sub_108b92e112844a6fbb1fe060b7bbf814,2026-07-07T19:11:25Z,2026-07-07T19:11:25Z,0,10,0,1784628699.1842701
sub_a6cf9af363804af690c6ddd724ba867b,2026-07-07T19:11:29Z,2026-07-07T19:11:29Z,0,10,0,1784628699.0771992
sub_80182c20235e4808adcfe0ccb848dd6e,2026-07-07T19:11:38Z,2026-07-07T19:11:38Z,0,10,0,1784628698.9469619
sub_978f4ee8e940464db048e6211d53b08e,2026-07-07T19:11:54Z,2026-07-07T19:11:54Z,0,10,0,1784628698.8436742
sub_af24bab5c00a43138ed615c2c88760b2,2026-07-07T19:11:58Z,2026-07-07T19:11:58Z,0,10,0,1784628698.72711
sub_1097d55aff1f4276a1784a981f55ce2b,2026-07-07T19:12:16Z,2026-07-07T19:12:16Z,0,10,0,1784628698.450141
sub_01ab13f87bac4a4bb6ae68a819ff5ea6,2026-07-07T19:12:21Z,2026-07-07T19:12:21Z,0,10,0,1784628698.309941
sub_06c7cb618aac4a05bcbe8088e7fccf2e,2026-07-07T19:12:31Z,2026-07-07T19:12:31Z,0,10,0,1784628698.206922
sub_0bbf2da3f5164f63a38b12f35e401b19,2026-07-07T19:12:38Z,2026-07-07T19:12:38Z,0,10,0,1784628698.102637
sub_078bc2d8c50747fd9ff75c74165f07be,2026-07-07T19:12:42Z,2026-07-07T19:12:42Z,0,10,0,1784628697.932469
sub_2eb2952c05194f5d8c88aa794ccc3d3e,2026-07-07T19:12:50Z,2026-07-07T19:12:50Z,0,10,0,1784628697.867827
sub_728b7b01e07f415b942f49ef3fbb617d,2026-07-07T19:12:59Z,2026-07-07T19:12:59Z,0,10,0,1784628697.528043
sub_86eba11a9be94d24968ac59414b18282,2026-07-07T19:13:03Z,2026-07-07T19:13:03Z,0,10,0,1784628697.474768
sub_d95da714c6f7476f96c18203f9229502,2026-07-07T19:13:07Z,2026-07-07T19:13:07Z,0,10,0,1784628697.2278762
sub_3707eed1b57f4f40ae29c8181f50dc25,2026-07-07T19:13:12Z,2026-07-07T19:13:12Z,0,10,0,1784628697.266109
sub_c674cbc5502b4a00a17a2ada4608e827,2026-07-07T19:13:20Z,2026-07-07T19:13:20Z,0,10,0,1784628697.024739
sub_0eeec886c57f40779524569f76d52539,2026-07-07T19:13:26Z,2026-07-07T19:13:26Z,0,10,0,1784628696.975212
sub_f7163fca3455401797d27045a82c7257,2026-07-07T19:13:29Z,2026-07-07T19:13:29Z,0,10,0,1784628696.693162
sub_5732119a7d4744b5a9caf0d4013d80ce,2026-07-07T19:13:33Z,2026-07-07T19:13:33Z,0,10,0,1784628696.5542889
sub_e35ab6018c0b4ad782963667317b9b84,2026-07-07T19:13:43Z,2026-07-07T19:13:43Z,0,10,0,1784628696.370285
sub_443a17a62580408199d6f0f6435af9f5,2026-07-07T19:13:49Z,2026-07-07T19:13:49Z,0,10,0,1784628696.3548381
sub_1c5b9f951b5e4ba3bcfac628efc2f02e,2026-07-07T19:13:53Z,2026-07-07T19:13:53Z,0,10,0,1784628696.0289202
sub_705875d426124a32b4c686b0e558d010,2026-07-07T19:13:57Z,2026-07-07T19:13:57Z,0,10,0,1784628696.216681
sub_3b7a0bc3b10d4add9fe22b7ac6a5f5b2,2026-07-07T19:14:08Z,2026-07-07T19:14:08Z,0,10,0,1784628695.770661
sub_eca0baea5a3c4e7486fd9c27b43fe255,2026-07-07T19:14:13Z,2026-07-07T19:14:13Z,0,10,0,1784628695.506289
sub_df634bb3188e4d9a880161891639e95b,2026-07-07T19:14:24Z,2026-07-07T19:14:24Z,0,10,0,1784628695.4963899
sub_dfb3bc7bfb5e4f8aafd8580de419b98e,2026-07-07T19:14:34Z,2026-07-07T19:14:34Z,0,10,0,1784628695.648612
sub_00ca20dad44e4605be18d2b773e2d0a3,2026-07-07T19:14:36Z,2026-07-07T19:14:36Z,0,10,0,1784628694.89431
sub_359c59a98ab24cd4a489fcf93e114302,2026-07-07T19:14:41Z,2026-07-07T19:14:41Z,0,10,0,1784628695.2293172
sub_620a5a7cb524492687d5e089a6447e7a,2026-07-07T19:14:47Z,2026-07-07T19:14:47Z,0,10,0,1784628694.668227
sub_14b5300e02974a2e8f684ac2a888cbd7,2026-07-07T19:14:59Z,2026-07-07T19:14:59Z,0,10,0,1784628694.563217
sub_68916e6fa15b432f8f1f483ed98a5e38,2026-07-07T19:15:00Z,2026-07-07T19:15:00Z,0,10,0,1784628694.4643142
sub_da556fdb678d4a4b8fefdf2d2cc2a768,2026-07-07T19:18:37Z,2026-07-07T19:18:37Z,0,1000,0,1784628695.2350998
sub_aa14e2edf7f4404e9f240e46625af1a9,2026-07-07T19:31:46Z,2026-07-07T19:31:46Z,0,10,0,1784628694.052097
sub_a219606b5d5b4084816c287dbebf24a3,2026-07-07T19:31:58Z,2026-07-07T19:31:58Z,0,10,0,1784628694.0593421
sub_f20eadbe9bd14368ac8a714e45b78bfc,2026-07-07T19:32:03Z,2026-07-07T19:32:03Z,0,10,0,1784628693.8425658
sub_2826a6126ba84bed963ab431519e8523,2026-07-07T19:32:25Z,2026-07-07T19:32:25Z,0,10,0,1784628693.706644
sub_78183174d82744719b5c550e6e6f0246,2026-07-07T19:32:29Z,2026-07-07T19:32:29Z,0,10,0,1784628693.648285
sub_32f4eb13d97f43e09d65710a650f81ea,2026-07-07T19:32:43Z,2026-07-07T19:32:43Z,0,10,0,1784628693.538962
sub_c4410f08399e489b8b3980876dc63ac1,2026-07-07T19:32:48Z,2026-07-07T19:32:48Z,0,10,0,1784628693.214311
sub_5918e62add874682864f6cd17006de2a,2026-07-07T19:32:56Z,2026-07-07T19:32:56Z,0,10,0,1784628693.215613
sub_d08b2048254b4ed3a28d96408e92e7e2,2026-07-07T19:32:59Z,2026-07-07T19:32:59Z,0,10,0,1784628692.88389
sub_914ddd66e2994d0dbdefdf327c89fe41,2026-07-07T19:33:11Z,2026-07-07T19:33:11Z,0,10,0,1784628692.803715
sub_8aeb26b19b4949de83ccc4b518bbdb87,2026-07-07T19:33:12Z,2026-07-07T19:33:12Z,0,10,0,1784628692.762343
sub_238af02f9d604eadb2738470beac1196,2026-07-07T19:33:19Z,2026-07-07T19:33:19Z,0,10,0,1784628692.609071
sub_38bcba484b224924967bb3f22aec92e8,2026-07-07T19:33:21Z,2026-07-07T19:33:21Z,0,10,0,1784628692.3560839
sub_319f9d319e8746e2adcd51bcd8b4e55b,2026-07-07T19:33:36Z,2026-07-07T19:33:36Z,0,10,0,1784628692.320885
sub_bdfed337e5314fc3a1c5e98411c12cf8,2026-07-07T19:33:40Z,2026-07-07T19:33:40Z,0,10,0,1784628691.966114
sub_b44f79c81bcd45118aedb23de5f65c8e,2026-07-07T19:33:55Z,2026-07-07T19:33:55Z,0,10,0,1784628691.9214709
sub_01c377c9f8ad49af88cbe2a0fa0a4596,2026-07-07T19:34:02Z,2026-07-07T19:34:02Z,0,10,0,1784628691.922706
sub_0019df7809384749b6cbd4e69744d8fe,2026-07-07T19:34:07Z,2026-07-07T19:34:07Z,0,10,0,1784628691.369281
sub_407765e167d94788a0e91a68d5c0f97a,2026-07-07T19:34:16Z,2026-07-07T19:34:16Z,0,10,0,1784628691.01997
sub_bf54ffa83ce946e08f273a25fdb7711f,2026-07-07T19:34:23Z,2026-07-07T19:34:23Z,0,10,0,1784628690.9816582
sub_afdacff20b654bd69552e20309816c90,2026-07-07T20:00:33Z,2026-07-07T20:00:33Z,0,1000,0,1784628691.73453
sub_ed2f490a79a94d57b5ef6b4ba8d2585e,2026-07-07T20:40:44Z,2026-07-07T20:40:44Z,0,1000,0,1784628691.447546
sub_02187c7306f94bdcbc2fc25beabb6e34,2026-07-07T21:24:29Z,2026-07-07T21:24:29Z,0,1000,0,1784628690.537761
sub_35270d6108d74447a449aad56af591cf,2026-07-07T22:13:20Z,2026-07-07T22:13:20Z,0,1000,0,1784628689.904844
sub_4d26aaf068a94e5fbedefacfee5ff1e0,2026-07-07T23:18:39Z,2026-07-07T23:18:39Z,0,1000,0,1784628690.343029
sub_31af0496535b41c7a1a40a0c4894bbd8,2026-07-08T00:03:27Z,2026-07-08T00:03:27Z,0,1000,0,1784628690.080704
sub_0e0bb2e5c3c94e5986d498d44dea0667,2026-07-08T00:42:46Z,2026-07-08T00:42:46Z,0,1000,0,1784628689.9964101
sub_909834279e2e48ebb2d91042e30f2238,2026-07-08T01:25:34Z,2026-07-08T01:25:34Z,0,1000,0,1784628689.299875
sub_6b01914bc88a412eb8465ecda6d4886a,2026-07-08T02:04:15Z,2026-07-08T02:04:15Z,0,1000,0,1784628687.583935
sub_40209b2e053846798962381c63259396,2026-07-08T12:16:24Z,2026-07-08T12:16:24Z,0,1000,0,1784628687.633697
sub_ab12266040e5432583843325283fed82,2026-07-08T13:18:05Z,2026-07-08T13:18:05Z,0,1000,0,1784628687.182225
sub_0741aba545b240288ba1a8c5d152de6f,2026-07-08T14:31:42Z,2026-07-08T14:31:42Z,0,1000,0,1784628688.093209
sub_9a52765d3bb2485e8f2a210e334f3256,2026-07-08T16:53:58Z,2026-07-08T16:53:58Z,0,1000,0,1784628687.850462
sub_5f79ded8609a435d86dcf0fbc8c16d29,2026-07-08T17:53:28Z,2026-07-08T17:53:28Z,0,1000,0,1784628687.3581362
sub_4ee6684ad95249ad96116459196c577c,2026-07-08T18:36:23Z,2026-07-08T18:36:23Z,0,1000,0,1784628685.263526
sub_a2b7625701c34679853f489aa155b30a,2026-07-08T19:28:46Z,2026-07-08T19:28:46Z,0,1000,0,1784628685.001348
sub_0f672b5c95224167b7051b93a22c1e16,2026-07-08T20:10:06Z,2026-07-08T20:10:06Z,0,1000,0,1784628685.049315
sub_67b0bc9fb67f4880958daac16a4bf9d3,2026-07-08T20:51:28Z,2026-07-08T20:51:28Z,0,1000,0,1784628684.822207
sub_09d4504cb0364c788d1a10a78271e96c,2026-07-08T21:32:09Z,2026-07-08T21:32:09Z,0,1000,0,1784628685.095606
sub_ef4d795f1f4d40d4a402150a3e4f30db,2026-07-08T22:16:39Z,2026-07-08T22:16:39Z,0,1000,0,1784628684.904129
sub_9f9a94dbdd7d43c49978377bc77d9b23,2026-07-08T23:00:06Z,2026-07-08T23:00:06Z,0,1000,0,1784628675.413284
sub_c6fc4b461be8448aae70bda228e2cd12,2026-07-08T23:41:39Z,2026-07-08T23:41:39Z,0,1000,0,1784628675.235583
sub_b5b3fc77decc406b8cf14ed537d3ec87,2026-07-09T00:15:16Z,2026-07-09T00:15:16Z,0,1000,0,1784628674.944366
sub_2f4a820431844917aa3a9b8cc81f8c3e,2026-07-09T01:25:39Z,2026-07-09T01:25:39Z,0,1000,0,1784628674.53138
sub_769a1f26a42a4dd4a37fcf76423ff8b4,2026-07-09T03:44:00Z,2026-07-09T03:44:00Z,0,1000,0,1784628674.387993
sub_74495f2d017d4fd9822c7c86f82b4fb7,2026-07-09T04:30:15Z,2026-07-09T04:30:15Z,0,1000,0,1784628673.3871732
sub_0f837a6f755f432bb22bc396415e7431,2026-07-09T05:18:05Z,2026-07-09T05:18:05Z,0,1000,0,1784628673.81726
sub_f98731ad0c6d4b0daf0cba1714fc899c,2026-07-09T05:25:26Z,2026-07-09T05:25:26Z,0,1000,0,1784628673.472846
sub_68418612290d4504b2d2a81c21ce97d3,2026-07-09T05:32:38Z,2026-07-09T05:32:38Z,0,1000,0,1784628673.192239
sub_d73e2097458649a9973f61c5094119d3,2026-07-09T05:42:18Z,2026-07-09T05:42:18Z,0,1000,0,1784628673.0194612
sub_57471996af9b4d159bc5fd74999c7d32,2026-07-09T05:49:47Z,2026-07-09T05:49:47Z,0,1000,0,1784628672.3426619
sub_9e8f6964013a45e68ffa67377397e110,2026-07-09T05:58:04Z,2026-07-09T05:58:04Z,0,1000,0,1784628671.676065
sub_deb7a2fa8d5049ff81cfb66649d1bae1,2026-07-09T06:48:50Z,2026-07-09T06:48:50Z,0,1000,0,1784628670.58991
sub_00124f0f8b8c48afa943997fd90f6b82,2026-07-09T07:11:35Z,2026-07-09T07:11:35Z,0,1000,0,1784628670.965344
sub_b8a60d0e333342b39af4d9a25083b18e,2026-07-09T09:15:58Z,2026-07-09T09:15:58Z,0,1000,0,1784628671.097294
sub_014699935df042c6a954d585fcafea25,2026-07-09T11:10:26Z,2026-07-09T11:10:26Z,0,1000,0,1784628670.8764522
sub_a6535cf97fac426a83544091755af23b,2026-07-09T12:23:00Z,2026-07-09T12:23:00Z,0,1000,0,1784628669.908631
sub_00ee51d043e24dd0849983cf6445fe44,2026-07-09T12:30:32Z,2026-07-09T12:30:32Z,0,1000,0,1784628669.214001
sub_5e0ce37d22df4b1185e468bda80548b7,2026-07-09T12:43:50Z,2026-07-09T12:43:50Z,0,1000,0,1784628668.315569
sub_cec1ea19685b4558a6d720dc39ecddf1,2026-07-09T14:18:25Z,2026-07-09T14:18:25Z,0,1000,0,1784628668.0509608
sub_80980aa5d8144ad79d9d41c3648d9000,2026-07-09T14:42:01Z,2026-07-09T14:42:01Z,0,1000,0,1784628668.220948
sub_6ce0debd08ba422d8ecd17577a45994d,2026-07-09T14:48:20Z,2026-07-09T14:48:20Z,0,1000,0,1784628667.862148
sub_94d6a49404b3461ba9a7413cc75e77b9,2026-07-09T14:54:46Z,2026-07-09T14:54:46Z,0,1000,0,1784628668.136665
sub_c942a2f5ae8149479ed6ed46202d491a,2026-07-09T15:01:20Z,2026-07-09T15:01:20Z,0,1000,0,1784628666.7632818
sub_c5559273552546b0be4a0f7b33ecdaa6,2026-07-09T15:07:42Z,2026-07-09T15:07:42Z,0,1000,0,1784628666.0396612
sub_7943e463eff14b01bd27ce6e22807281,2026-07-09T15:14:04Z,2026-07-09T15:14:04Z,0,1000,0,1784628666.683529
sub_815f72077b3845c9a65257bf3805e361,2026-07-09T15:21:05Z,2026-07-09T15:21:05Z,0,1000,0,1784628666.356191
sub_8a52b1947f4e47b7bf6467c8ccb7691d,2026-07-09T15:27:29Z,2026-07-09T15:27:29Z,0,1000,0,1784628665.859906
sub_a3e26ffd55c642e09f175d07e2550c90,2026-07-09T15:33:48Z,2026-07-09T15:33:48Z,0,1000,0,1784628666.2763069
sub_1ada1876061d40adbcc9d410c13169c9,2026-07-09T15:40:07Z,2026-07-09T15:40:07Z,0,1000,0,1784628665.0462332
sub_6c0fca8664634663857688533bc77371,2026-07-09T15:46:26Z,2026-07-09T15:46:26Z,0,1000,0,1784628664.466592
sub_29fe12eaebcd4b10843dc88a19cf845a,2026-07-09T15:52:45Z,2026-07-09T15:52:45Z,0,1000,0,1784628664.383531
sub_a11c3cd7a35244079b5a6dd0aafd13aa,2026-07-09T15:59:05Z,2026-07-09T15:59:05Z,0,1000,0,1784628664.6842802
sub_8d9d1f4d522c4b4d96bd1e5dfe891366,2026-07-09T16:05:24Z,2026-07-09T16:05:24Z,0,1000,0,1784628664.180063
sub_712099c056eb4a7380941003e0356096,2026-07-09T16:12:38Z,2026-07-09T16:12:38Z,0,1000,0,1784628664.098488
sub_1bee6f3dc0984e4089a0d05c47a8960e,2026-07-09T16:18:57Z,2026-07-09T16:18:57Z,0,1000,0,1784628663.306315
sub_6385efeaf14f4d18b1ae2c65ccd788c6,2026-07-09T16:25:15Z,2026-07-09T16:25:15Z,0,1000,0,1784628662.7939022
sub_7e71d36db151442aa36d3c3613d87835,2026-07-09T16:31:34Z,2026-07-09T16:31:34Z,0,1000,0,1784628662.694087
sub_9619befb269746dabf741fb1dfff830a,2026-07-09T16:37:56Z,2026-07-09T16:37:56Z,0,1000,0,1784628662.610118
sub_a09b3a3f374749c48aad45b25cbefbb4,2026-07-09T16:44:16Z,2026-07-09T16:44:16Z,0,1000,0,1784628662.1697311
sub_f79e9dcfccb64cb991c5e42089bf0c6e,2026-07-09T16:50:36Z,2026-07-09T16:50:36Z,0,1000,0,1784628662.3945432
sub_44e0ea0b7a0b4977bb1c50bbbb2e98a3,2026-07-09T16:56:55Z,2026-07-09T16:56:55Z,0,1000,0,1784628661.630549
sub_439f8fd0c71248369399c120c7b64e9f,2026-07-09T17:03:15Z,2026-07-09T17:03:15Z,0,1000,0,1784628661.1060889
sub_ef5808a6f1fc4295b202ce96e4bbf337,2026-07-09T17:09:38Z,2026-07-09T17:09:38Z,0,1000,0,1784628661.024917
sub_9f3f5138fa1c41c69e375ecc0e1b4cd1,2026-07-09T17:15:59Z,2026-07-09T17:15:59Z,0,1000,0,1784628660.729516
sub_77af7db5606249339f6dd0ddeecc125b,2026-07-09T17:22:22Z,2026-07-09T17:22:22Z,0,1000,0,1784628660.228041
sub_36008ce16f244f499d5e834b1e7778b2,2026-07-09T17:28:41Z,2026-07-09T17:28:41Z,0,1000,0,1784628660.557806
sub_b2a0772f53334c8cad18e7372117927e,2026-07-09T17:35:05Z,2026-07-09T17:35:05Z,0,1000,0,1784628659.649236
sub_40c699eeff54488fa1aad6232e5560d6,2026-07-09T17:41:26Z,2026-07-09T17:41:26Z,0,1000,0,1784628659.294016
sub_873111762350452184e8055b6d607492,2026-07-09T17:47:45Z,2026-07-09T17:47:45Z,0,1000,0,1784628659.210756
sub_ede44c65d67e4e6bb924c865362d670a,2026-07-09T17:54:07Z,2026-07-09T17:54:07Z,0,1000,0,1784628659.127703
sub_4598e24353e84da0bf738ab16b96bdc5,2026-07-09T18:00:27Z,2026-07-09T18:00:27Z,0,1000,0,1784628658.254616
sub_16295f6b5b4147c5a1c12078f8019549,2026-07-09T18:06:47Z,2026-07-09T18:06:47Z,0,1000,0,1784628658.3384058
sub_9dfa7d94ad13479a82fe0b0020dd5984,2026-07-09T18:13:07Z,2026-07-09T18:13:07Z,0,1000,0,1784628657.9420211
sub_ec8ec5d50bda4c13ae297acd0ce80b4a,2026-07-09T18:19:30Z,2026-07-09T18:19:30Z,0,1000,0,1784628657.7230341
sub_0b01b7a4b4a645c58d2efd134b351f2d,2026-07-09T18:25:56Z,2026-07-09T18:25:56Z,0,1000,0,1784628657.4241788
sub_d84c644570d8430e8c23e4c56a2a1316,2026-07-09T18:32:21Z,2026-07-09T18:32:21Z,0,1000,0,1784628657.340061
sub_7681435bc7fc4deda57183e4aaf9808e,2026-07-09T18:38:40Z,2026-07-09T18:38:40Z,0,1000,0,1784628656.465641
sub_552a45ee0a624f36aa21b38d99030d5d,2026-07-09T18:45:00Z,2026-07-09T18:45:00Z,0,1000,0,1784628656.139201
sub_1c4069b8d2a4480b98288262246107db,2026-07-09T18:51:22Z,2026-07-09T18:51:22Z,0,1000,0,1784628656.551035
sub_fe6a5d661253489ebde96a7bb3f409b1,2026-07-09T18:57:41Z,2026-07-09T18:57:41Z,0,1000,0,1784628655.708976
sub_024a513a17704db5ae9b66ad65690407,2026-07-09T19:04:02Z,2026-07-09T19:04:02Z,0,1000,0,1784628656.016921
sub_111599ee7f72433b906402b079a465d3,2026-07-09T19:10:22Z,2026-07-09T19:10:22Z,0,1000,0,1784628655.627121
sub_7acc519b1f3a43839b61a5b74fd8a18f,2026-07-09T19:16:42Z,2026-07-09T19:16:42Z,0,1000,0,1784628654.649405
sub_588c471426594c57a1e295a6adf204a3,2026-07-09T19:23:02Z,2026-07-09T19:23:02Z,0,1000,0,1784628654.385233
sub_2b46a8b41e0f4106aab553bb71d31fbc,2026-07-09T19:29:20Z,2026-07-09T19:29:20Z,0,1000,0,1784628654.468286
sub_8864d22b14e74138970245eff913845e,2026-07-09T19:35:42Z,2026-07-09T19:35:42Z,0,1000,0,1784628653.983083
sub_98a3a3a050e8425db922ddba5e1ef7b8,2026-07-09T19:42:04Z,2026-07-09T19:42:04Z,0,1000,0,1784628654.127433
sub_c9d51a80fc5a4930b0f6081875777769,2026-07-09T19:48:26Z,2026-07-09T19:48:26Z,0,1000,0,1784628654.21051
sub_a7516fbf453049bb97a0e030b3488037,2026-07-09T19:54:46Z,2026-07-09T19:54:46Z,0,1000,0,1784628652.941786
sub_d663d307646a40538ba8e270e5e29f90,2026-07-09T20:01:14Z,2026-07-09T20:01:14Z,0,1000,0,1784628653.026172
sub_50508e3b444d4fe5b6a60294ee1a359b,2026-07-09T20:07:38Z,2026-07-09T20:07:38Z,0,1000,0,1784628652.558687
sub_f6d3e22f6527492aaff24376ac97b48e,2026-07-09T20:13:59Z,2026-07-09T20:13:59Z,0,1000,0,1784628652.658697
sub_d289cbb6d15e4ab39454ed101e920f1e,2026-07-09T20:20:18Z,2026-07-09T20:20:18Z,0,1000,0,1784628652.321889
sub_b8ea08ce8d084ab1bf5116bb94ceddb8,2026-07-09T20:28:09Z,2026-07-09T20:28:09Z,0,1000,0,1784628652.410845
sub_7b9ad66612854b87bae982b08aacc639,2026-07-09T20:34:27Z,2026-07-09T20:34:27Z,0,1000,0,1784628651.367987
sub_22d2aad0c2f249a8b3c83fe31699e4e2,2026-07-09T20:40:46Z,2026-07-09T20:40:46Z,0,1000,0,1784628650.984092
sub_ad3ddba06a6047df802eb09ec05fcb02,2026-07-09T20:47:52Z,2026-07-09T20:47:52Z,0,1000,0,1784628650.432744
sub_3c51f3524ab249e098b5d7d212c29a89,2026-07-09T20:54:19Z,2026-07-09T20:54:19Z,0,1000,0,1784628650.5133529
sub_7a183281fe9748409b27d6fefe9aa71f,2026-07-09T21:00:44Z,2026-07-09T21:00:44Z,0,1000,0,1784628650.606903
sub_4ec1869606ed4de4a9c38beee986c0a7,2026-07-09T21:07:03Z,2026-07-09T21:07:03Z,0,1000,0,1784628650.206773
sub_34469959b4d6402ab9f8da7784b16bf2,2026-07-09T21:13:22Z,2026-07-09T21:13:22Z,0,1000,0,1784628649.5493279
sub_ea2c18b852b14fce863abd46af0aff7c,2026-07-09T21:19:40Z,2026-07-09T21:19:40Z,0,1000,0,1784628649.329959
sub_a90caccc698e4067bb10e498ad8a9df9,2026-07-09T21:26:42Z,2026-07-09T21:26:42Z,0,1000,0,1784628648.9071941
sub_2a00d577ff1a47e58a9f5b53aeae3fa3,2026-07-09T21:33:01Z,2026-07-09T21:33:01Z,0,1000,0,1784628648.457259
sub_182befea654441de810a903a443cd641,2026-07-09T21:39:19Z,2026-07-09T21:39:19Z,0,1000,0,1784628648.258962
sub_2e082dca115347b5ad410a85d0a62565,2026-07-09T21:45:39Z,2026-07-09T21:45:39Z,0,1000,0,1784628648.0224152
sub_ca8505f0ce55442dbb2d4ef191b05314,2026-07-09T21:51:58Z,2026-07-09T21:51:58Z,0,1000,0,1784628647.705015
sub_aace4995b21c4ff4accd924ed0a53f06,2026-07-09T21:58:23Z,2026-07-09T21:58:23Z,0,1000,0,1784628647.932377
sub_551c90422bfc47a3a3b9623993c2ffad,2026-07-09T22:04:42Z,2026-07-09T22:04:42Z,0,1000,0,1784628647.2402182
sub_0734ae46d35e49279d31273b76fa6f0a,2026-07-09T22:11:01Z,2026-07-09T22:11:01Z,0,1000,0,1784628645.8876538
sub_b78bcbe31bc54f46aeaa8e339593748c,2026-07-09T22:17:22Z,2026-07-09T22:17:22Z,0,1000,0,1784628646.5940008
sub_0935df95f95f46a7ab38d49cc4caff4d,2026-07-09T22:23:41Z,2026-07-09T22:23:41Z,0,1000,0,1784628646.8032598
sub_3e8cde68b31d44ea9fd0671fcfb7b78c,2026-07-09T22:30:02Z,2026-07-09T22:30:02Z,0,1000,0,1784628645.648431
sub_eae70b8a1b4c44e89c4cdb864bc233a4,2026-07-09T22:36:21Z,2026-07-09T22:36:21Z,0,1000,0,1784628646.720768
sub_0552d20782f64a838f457216ae53ed4d,2026-07-09T22:42:40Z,2026-07-09T22:42:40Z,0,1000,0,1784628646.052814
sub_68fe66562e6f4d6980a72d2051cd40ef,2026-07-09T22:49:02Z,2026-07-09T22:49:02Z,0,1000,0,1784508430.1586409
sub_781becab263646f2a0e9b4e4327ff9a1,2026-07-09T22:55:23Z,2026-07-09T22:55:23Z,0,1000,0,1784508428.242274
sub_6f13b18f796d4601b3321afb2eb310b8,2026-07-09T23:01:45Z,2026-07-09T23:01:45Z,0,1000,0,1784508426.1950011
sub_0d5509a9642a48909aeb72225b0687cb,2026-07-09T23:08:05Z,2026-07-09T23:08:05Z,0,1000,0,1784508422.664958
sub_0e6c7c4ab65947db9a7593cd459cf221,2026-07-10T02:50:51Z,2026-07-10T02:50:51Z,0,1000,0,1784508420.816019
sub_11002718caf84bf280b0872fda263481,2026-07-10T02:57:17Z,2026-07-10T02:57:17Z,0,1000,0,1784508416.083882
sub_d4fc1d09140142f8979dfdfa22dc59cc,2026-07-10T03:03:36Z,2026-07-10T03:03:36Z,0,1000,0,1784508413.5379279
sub_36597519b78d42f6b5c0b01187248d4b,2026-07-10T03:09:55Z,2026-07-10T03:09:55Z,0,1000,0,1784508411.155465
sub_46726010902b4f8e937121113e157621,2026-07-10T03:18:39Z,2026-07-10T03:18:39Z,0,1000,0,1784508409.0312629
sub_567ced3358234e0ea8b41b338d551305,2026-07-10T03:24:59Z,2026-07-10T03:24:59Z,0,1000,0,1784508406.570706
sub_c4a405f06c9d448c96657cd5d0efb6ca,2026-07-10T03:32:02Z,2026-07-10T03:32:02Z,0,1000,0,1784508401.9371939
sub_e455e109a38a43eb92b71e070f3f955e,2026-07-10T03:38:26Z,2026-07-10T03:38:26Z,0,1000,0,1784508399.7636402
sub_f880e71c1550472db5465c36f5deac03,2026-07-10T03:44:45Z,2026-07-10T03:44:45Z,0,1000,0,1784508396.787509
sub_14d59d9b84cb437a8a329b3ca37cfea5,2026-07-10T03:51:04Z,2026-07-10T03:51:04Z,0,1000,0,1784508394.326729
sub_bc3cb6f799ed4281beb7edaf93aee904,2026-07-10T03:57:27Z,2026-07-10T03:57:27Z,0,1000,0,1784508392.4034948
sub_0b1884ffa13945f0ba6bb86c5cfb5885,2026-07-10T04:03:50Z,2026-07-10T04:03:50Z,0,1000,0,1784508387.421827
sub_d460230ef44c4f50b6cb9885344abce2,2026-07-10T04:10:09Z,2026-07-10T04:10:09Z,0,1000,0,1784508385.689526
sub_827910290add4c30bc3dc217a756f698,2026-07-10T04:16:33Z,2026-07-10T04:16:33Z,0,1000,0,1784508382.1872818
sub_2969dc2ff66242f5a57fe0b6078ee5d7,2026-07-10T04:23:48Z,2026-07-10T04:23:48Z,0,1000,0,1784508379.53888
sub_c198ce193063499480fcefc54142ca1a,2026-07-10T04:30:07Z,2026-07-10T04:30:07Z,0,1000,0,1784508377.35535
sub_b81db9fca05f4f79bf0706ff82dca60b,2026-07-10T04:36:28Z,2026-07-10T04:36:28Z,0,1000,0,1784508371.636598
sub_307f98c49601443083f2c4992f1c383c,2026-07-10T04:42:50Z,2026-07-10T04:42:50Z,0,1000,0,1784508369.681406
sub_07c6beca4e2d46c18d9a934c5aa5f967,2026-07-10T04:49:55Z,2026-07-10T04:49:55Z,0,1000,0,1784508367.356977
sub_95aa3bc867f44cbdad9ca76b797d0399,2026-07-10T04:56:19Z,2026-07-10T04:56:19Z,0,1000,0,1784508364.5536482
sub_b2fa6162afb44017977b031cdf82bce2,2026-07-10T05:02:41Z,2026-07-10T05:02:41Z,0,1000,0,1784508361.65456
sub_5a617935b6404e07a9571533d3cc0cec,2026-07-10T05:09:03Z,2026-07-10T05:09:03Z,0,1000,0,1784508355.191529
sub_6f3763ce28fa4b2bbd498b62c2d4a299,2026-07-10T05:16:20Z,2026-07-10T05:16:20Z,0,1000,0,1784508352.9455822
sub_ad61806d758344c9829ba96698c270fc,2026-07-10T05:22:42Z,2026-07-10T05:22:42Z,0,1000,0,1784508350.7587142
sub_d1c2a2729865482a9595e052e6144590,2026-07-10T05:29:01Z,2026-07-10T05:29:01Z,0,1000,0,1784508348.7630851
sub_308d7599d221440a85c7e5e83c1432c7,2026-07-10T05:35:21Z,2026-07-10T05:35:21Z,0,1000,0,1784508346.801069
sub_a67e765f1d554823959b90338c924590,2026-07-10T05:40:15Z,2026-07-10T05:40:15Z,0,1000,0,1784508341.82388
sub_aff991a504b4442d98adcb5a4c11278d,2026-07-10T05:41:00Z,2026-07-10T05:41:00Z,0,1000,0,1784508340.07666
sub_0c1b754becdc4344b13ee7356c7daeec,2026-07-10T05:41:40Z,2026-07-10T05:41:40Z,0,1000,0,1784508337.940228
sub_36b2ee5e90ae4e1db323879e97e9c8f8,2026-07-10T05:41:47Z,2026-07-10T05:41:47Z,0,1000,0,1784508335.2903948
sub_26d89107b0444e549243d83df53d5407,2026-07-10T05:42:37Z,2026-07-10T05:42:37Z,0,1000,0,1784508333.462956
sub_0373cff35fe54614a365622780d6fc28,2026-07-10T05:43:27Z,2026-07-10T05:43:27Z,0,1000,0,1784508327.2660081
sub_6f00590eda9c4816a63e01396096e084,2026-07-10T05:44:08Z,2026-07-10T05:44:08Z,0,1000,0,1784508323.905024
sub_07efb9c53bf54f67ad9c028b6f75adc9,2026-07-10T05:44:55Z,2026-07-10T05:44:55Z,0,1000,0,1784508321.2452989
sub_ead0973cec7247b88cb36f9697ba3557,2026-07-10T05:45:43Z,2026-07-10T05:45:43Z,0,1000,0,1784508319.301894
sub_5bd8287e891440f49503ae1e714acad8,2026-07-10T05:46:26Z,2026-07-10T05:46:26Z,0,1000,0,1784508316.5564559
sub_0200d7b861aa460a9f4bde9a2d8c28c7,2026-07-10T05:47:10Z,2026-07-10T05:47:10Z,0,1000,0,1784508310.4149098
sub_e1f3e64fabad405498405908e328f663,2026-07-10T05:47:58Z,2026-07-10T05:47:58Z,0,1000,0,1784508307.27379
sub_81efcb423f50435b87835bfbbe700892,2026-07-10T05:48:00Z,2026-07-10T05:48:00Z,0,1000,0,1784508304.02051
sub_0a20c91f2b104ee5ac28625127f2920f,2026-07-10T05:49:40Z,2026-07-10T05:49:40Z,0,1000,0,1784508299.573202
sub_99869685c8d6464cbfd97401d094c39e,2026-07-10T05:50:24Z,2026-07-10T05:50:24Z,0,1000,0,1784508296.3675451
sub_e7f78a6d940c4c12b50d54f7fc82b0ff,2026-07-10T05:51:10Z,2026-07-10T05:51:10Z,0,1000,0,1784508290.880339
sub_7b36dabaf2b4430b85285ebfedfb09d4,2026-07-10T05:54:18Z,2026-07-10T05:54:18Z,0,1000,0,1784508288.434474
sub_5437f858b2fc4bee8b13d633e5d81ee7,2026-07-10T06:00:40Z,2026-07-10T06:00:40Z,0,1000,0,1784508285.1997209
sub_9190ddad1e4642699af755ae27d87780,2026-07-10T06:07:03Z,2026-07-10T06:07:03Z,0,1000,0,1784508283.102284
sub_81953b092aeb46798a27a8652e086f33,2026-07-10T06:13:22Z,2026-07-10T06:13:22Z,0,1000,0,1784508280.649665
sub_1bd33a653a5c4d0b936cc8b526071be7,2026-07-10T06:19:41Z,2026-07-10T06:19:41Z,0,1000,0,1784508276.280778
sub_5bc2301cadb2459d8a9e40ce9be9d137,2026-07-10T06:28:18Z,2026-07-10T06:28:18Z,0,1000,0,1784508272.921095
sub_9e5adc563d4542618a7ec762522aaddd,2026-07-10T06:34:37Z,2026-07-10T06:34:37Z,0,1000,0,1784508271.044953
sub_8a34d36940fa4f919faeb5d45953d0eb,2026-07-10T06:40:57Z,2026-07-10T06:40:57Z,0,1000,0,1784508268.558253
sub_b2923c46830444aaa4b606968850f5f0,2026-07-10T06:47:19Z,2026-07-10T06:47:19Z,0,1000,0,1784508265.6198862
sub_c1ec656a0ba74da98c0377e276b30da8,2026-07-10T06:54:35Z,2026-07-10T06:54:35Z,0,1000,0,1784508258.4546099
sub_da3f9d558e634ea2b81f67db0180621a,2026-07-10T06:55:19Z,2026-07-10T06:55:19Z,0,1000,0,1784508256.3109708
sub_2e871a1c50da4c298002a37eaf056978,2026-07-10T06:56:13Z,2026-07-10T06:56:13Z,0,1000,0,1784508251.913228
sub_2917dd2ca41745d6a75764f6c8d8064f,2026-07-10T06:57:04Z,2026-07-10T06:57:04Z,0,1000,0,1784508247.939311
sub_0cb71be39ab14a4d974f829a3c9a9bba,2026-07-10T06:57:54Z,2026-07-10T06:57:54Z,0,1000,0,1784508246.164823
sub_d8ea2e97c5094190a312a2d1d582a687,2026-07-10T06:58:41Z,2026-07-10T06:58:41Z,0,1000,0,1784508240.4069161
sub_d64d4bb760184142b17b30056b147c57,2026-07-10T06:59:28Z,2026-07-10T06:59:28Z,0,1000,0,1784508238.65556
sub_a480698a0b4344d1aab28366676d5cec,2026-07-10T07:01:16Z,2026-07-10T07:01:16Z,0,1000,0,1784508236.909222
sub_9854533fb5004f119d0984b48efa8c0b,2026-07-10T07:02:01Z,2026-07-10T07:02:01Z,0,1000,0,1784508234.8284302
sub_c6daebdf3d9b4d76a6ceece9a1f3ae66,2026-07-10T07:02:49Z,2026-07-10T07:02:49Z,0,1000,0,1784508232.412378
sub_523a4809406a49a0a146dae429e80a71,2026-07-10T07:03:34Z,2026-07-10T07:03:34Z,0,1000,0,1784508227.6816761
sub_2ad2d8a5dfc241468d2cd98116e19f14,2026-07-10T07:04:23Z,2026-07-10T07:04:23Z,0,1000,0,1784508225.085244
sub_243a1762a26440de9c95ab088e074d12,2026-07-10T07:05:05Z,2026-07-10T07:05:05Z,0,1000,0,1784508222.5431292
sub_b007159f605d4c7582b3efd7a9ead18e,2026-07-10T07:05:51Z,2026-07-10T07:05:51Z,0,1000,0,1784508219.958852
sub_166b49d171624cdcb5bffe6dbe199528,2026-07-10T07:09:38Z,2026-07-10T07:09:38Z,0,1000,0,1784508217.519007
sub_4ac37b02c9874f988479f77c75c2b34f,2026-07-10T07:15:14Z,2026-07-10T07:15:14Z,0,1000,0,1784508212.685819
sub_0a881072d7274ad18c8df3608fbc638a,2026-07-10T07:16:02Z,2026-07-10T07:16:02Z,0,1000,0,1784508210.326035
sub_af32571d6324427d9e3fee721aa2a205,2026-07-10T07:16:50Z,2026-07-10T07:16:50Z,0,1000,0,1784508208.1369128
sub_88cec082e24e43509bb762608d325511,2026-07-10T07:19:36Z,2026-07-10T07:19:36Z,0,1000,0,1784508206.373507
sub_80db116628e24dabaa55766c87cfff33,2026-07-10T07:20:24Z,2026-07-10T07:20:24Z,0,1000,0,1784508203.911094
sub_9872506934a846e4a7b26a5cac92b5ee,2026-07-10T07:21:10Z,2026-07-10T07:21:10Z,0,1000,0,1784508199.079521
sub_155d330eed73499fa057fe0f433f50af,2026-07-10T07:27:32Z,2026-07-10T07:27:32Z,0,1000,0,1784508196.517768
sub_e2b0bc4c49254ae6b4a2922a70b9912b,2026-07-10T07:28:27Z,2026-07-10T07:28:27Z,0,1000,0,1784508194.1223192
sub_d0915cd1f1bc42bc9be8692e5ff8cb62,2026-07-10T07:30:12Z,2026-07-10T07:30:12Z,0,1000,0,1784508190.0878432
sub_f281dbd36c7f4836861653dcbb420f19,2026-07-10T07:34:10Z,2026-07-10T07:34:10Z,0,1000,0,1784508046.830616
sub_a15546233a924beabbc92ebddb6f021d,2026-07-10T07:34:50Z,2026-07-10T07:34:50Z,0,1000,0,1784508041.516119
sub_818bfbf1e0d0470ebf93df1b2fa7880c,2026-07-10T07:35:33Z,2026-07-10T07:35:33Z,0,1000,0,1784508039.742214
sub_8eade4e997a64b11a4e9e2bbdea95ba8,2026-07-10T07:36:19Z,2026-07-10T07:36:19Z,0,1000,0,1784508037.854443
sub_29ce845ae61b471b8fa379959acc67cb,2026-07-10T07:37:06Z,2026-07-10T07:37:06Z,0,1000,0,1784508035.7793322
sub_097a720e671f433bb62127fb71996084,2026-07-10T07:37:53Z,2026-07-10T07:37:53Z,0,1000,0,1784508033.745596
sub_452ba0dbb2e44e49941fd500bbdb6946,2026-07-10T07:38:41Z,2026-07-10T07:38:41Z,0,1000,0,1784508029.0771399
sub_23ba02ad68ee4ffc8706edb0abb96725,2026-07-10T07:39:54Z,2026-07-10T07:39:54Z,0,1000,0,1784508026.788008
sub_41a54123ecec4d72a01f7bf2d423b30f,2026-07-10T07:48:13Z,2026-07-10T07:48:13Z,0,1000,0,1784508024.000663
sub_46306526bb30420fb5cb441691654795,2026-07-10T11:23:11Z,2026-07-10T11:23:11Z,0,1000,0,1784508021.799016
sub_2096537852e641669fca812c5e5cfd85,2026-07-10T11:24:01Z,2026-07-10T11:24:01Z,0,1000,0,1784508019.744245
sub_fe933bf0ce954942a4595861477116a9,2026-07-10T11:24:51Z,2026-07-10T11:24:51Z,0,1000,0,1784508014.6826591
sub_378a61749fe241aeae9256d8b0579f44,2026-07-10T11:25:52Z,2026-07-10T11:25:52Z,0,1000,0,1784508012.568116
sub_ac64cc71569b49a2922628f3a7a8c268,2026-07-10T11:26:43Z,2026-07-10T11:26:43Z,0,1000,0,1784508010.53567
sub_122d8c53eee14c95930db9e4905d23f5,2026-07-10T11:27:29Z,2026-07-10T11:27:29Z,0,1000,0,1784508008.155377
sub_19f15869b02f478cb741223105fe9dae,2026-07-10T11:28:16Z,2026-07-10T11:28:16Z,0,1000,0,1784508006.5753129
sub_57209567fde34003825cc1becdf928d2,2026-07-10T11:30:16Z,2026-07-10T11:30:16Z,0,1000,0,1784508002.474705
sub_862e624a83044eeaa0350ce4231966ba,2026-07-10T11:31:04Z,2026-07-10T11:31:04Z,0,1000,0,1784507999.4852438
sub_fa184e891fa94a138c31f150d5148fee,2026-07-10T11:31:54Z,2026-07-10T11:31:54Z,0,1000,0,1784507997.469432
sub_60d84b2d204d451cbf3c95d7003f6e4e,2026-07-10T11:32:39Z,2026-07-10T11:32:39Z,0,1000,0,1784507995.427297
sub_5448f1281efd438d9e5a41d905c2e099,2026-07-10T11:33:42Z,2026-07-10T11:33:42Z,0,1000,0,1784507993.389248
sub_698355a11a894a44bbdd305d2c5d1522,2026-07-10T11:35:06Z,2026-07-10T11:35:06Z,0,1000,0,1784507988.725277
sub_f21d4d0f866041e89a89f31150f05212,2026-07-10T11:35:54Z,2026-07-10T11:35:54Z,0,1000,0,1784507985.5132449
sub_76bcabb467b94e5d9d5712d72aa0c89e,2026-07-10T11:36:41Z,2026-07-10T11:36:41Z,0,1000,0,1784507983.598855
sub_cea9209e048a453f8f36618ae6a1f4f8,2026-07-10T11:37:30Z,2026-07-10T11:37:30Z,0,1000,0,1784507980.612213
sub_333a0651340f4d39a78789676ad347d9,2026-07-10T11:38:24Z,2026-07-10T11:38:24Z,0,1000,0,1784507978.478674
sub_95a0d544a48d4aa49bab1b16b103bfd6,2026-07-10T11:39:11Z,2026-07-10T11:39:11Z,0,1000,0,1784507974.131702
sub_cac279c72e18416d8f04a18163b7ceee,2026-07-10T11:40:02Z,2026-07-10T11:40:02Z,0,1000,0,1784507970.8539908
sub_855fab914b8f476eaf740febd26da404,2026-07-10T11:40:54Z,2026-07-10T11:40:54Z,0,1000,0,1784507968.874223
sub_3e252b41f6dc41f9a83c9d5f6b2c4574,2026-07-10T11:41:43Z,2026-07-10T11:41:43Z,0,1000,0,1784507966.910047
sub_40e131b57478464fa53b5fadffdaffe5,2026-07-10T11:42:27Z,2026-07-10T11:42:27Z,0,1000,0,1784507964.930496
sub_9fd036e278dd4e0ebfb9ca261a623352,2026-07-10T11:43:10Z,2026-07-10T11:43:10Z,0,1000,0,1784507960.631086
sub_dca4c74c644244adabd268fd457608d8,2026-07-10T11:43:55Z,2026-07-10T11:43:55Z,0,1000,0,1784507958.606753
sub_8b30f5d4ff6844ea97ab0a6df5d65e0b,2026-07-10T11:46:36Z,2026-07-10T11:46:36Z,0,1000,0,1784507956.5550349
sub_bcb2f04f74d048f9a47a7484c0298094,2026-07-10T11:47:29Z,2026-07-10T11:47:29Z,0,1000,0,1784507954.0363781
sub_04271bfa6ad44865a625190f7312aabd,2026-07-10T11:48:14Z,2026-07-10T11:48:14Z,0,1000,0,1784507952.252788
sub_8e8a38a0120e494b862ac2085aab8ec9,2026-07-10T11:48:59Z,2026-07-10T11:48:59Z,0,1000,0,1784507948.051838
sub_0e4abdc44d9242b6b53d3cc75f838bd5,2026-07-10T11:49:49Z,2026-07-10T11:49:49Z,0,1000,0,1784507946.287843
sub_20e5006c6c8649f7b737dec5dd184861,2026-07-10T11:50:35Z,2026-07-10T11:50:35Z,0,1000,0,1784507943.4712708
sub_f5d0c2121c4349c2904e184195965f13,2026-07-10T11:51:24Z,2026-07-10T11:51:24Z,0,1000,0,1784507941.486429
sub_5d2301aad4134603934993e8015feb91,2026-07-10T11:52:11Z,2026-07-10T11:52:11Z,0,1000,0,1784507939.60886
sub_caf873510be940da81b99b6e3b72214e,2026-07-10T11:54:44Z,2026-07-10T11:54:44Z,0,1000,0,1784507935.427896
sub_e6191bba20b44978beee82990577f59f,2026-07-10T11:55:32Z,2026-07-10T11:55:32Z,0,1000,0,1784507932.593706
sub_24ee4cecaa8143cbbf74f0ad95ecd417,2026-07-10T11:56:19Z,2026-07-10T11:56:19Z,0,1000,0,1784507930.774752
sub_1a69ca4b28df44b88910bb6dc7dc793a,2026-07-10T11:57:08Z,2026-07-10T11:57:08Z,0,1000,0,1784507929.055551
sub_4a0c5838c36a4cf782070fc9a28f27b1,2026-07-10T11:57:52Z,2026-07-10T11:57:52Z,0,1000,0,1784507927.0913842
sub_a89819bfdc9448ba8bda81de9e31f517,2026-07-10T11:58:41Z,2026-07-10T11:58:41Z,0,1000,0,1784507921.842795
sub_96f918c001eb45e99e28cf67a2183526,2026-07-10T11:59:31Z,2026-07-10T11:59:31Z,0,1000,0,1784507919.950428
sub_88944e977b2f41e18733303ae2226434,2026-07-10T12:00:18Z,2026-07-10T12:00:18Z,0,1000,0,1784507918.107327
sub_f37f1365def740fa9a4ec502c50b97e7,2026-07-10T12:01:05Z,2026-07-10T12:01:05Z,0,1000,0,1784507916.141846
sub_e67cf2605e8448b79bf459e57d4f6f81,2026-07-10T12:02:00Z,2026-07-10T12:02:00Z,0,1000,0,1784507914.348789
sub_82f9111be195416b9dddf99c4229dcfa,2026-07-10T12:02:47Z,2026-07-10T12:02:47Z,0,1000,0,1784507908.713761
sub_95e26b6490d94aff8fd492e8f999ca45,2026-07-10T12:03:33Z,2026-07-10T12:03:33Z,0,1000,0,1784507906.8799338
sub_98fd7f785a264510a70e9220cc070592,2026-07-10T12:04:14Z,2026-07-10T12:04:14Z,0,1000,0,1784507903.5940878
sub_6e9d01b182f74954b76eda8d9fa36d4d,2026-07-10T12:05:02Z,2026-07-10T12:05:02Z,0,1000,0,1784507899.717361
sub_4d7e582cdb994e7f92f43352628ee0fc,2026-07-10T12:05:51Z,2026-07-10T12:05:51Z,0,1000,0,1784507896.719533
sub_2619f3ff664945bcbf40c64d2de2499c,2026-07-10T12:06:38Z,2026-07-10T12:06:38Z,0,1000,0,1784507892.3442712
sub_2e23a5ebb8df4f2580afe03f0a5f0249,2026-07-10T12:08:18Z,2026-07-10T12:08:18Z,0,1000,0,1784507888.942754
sub_b964591dd4b14fdd974167be75dbfc53,2026-07-10T12:09:01Z,2026-07-10T12:09:01Z,0,1000,0,1784507885.638352
sub_21ca224683f740318d23c8c9b79f2bf7,2026-07-10T12:09:45Z,2026-07-10T12:09:45Z,0,1000,0,1784507883.953228
sub_9206e643b0274371be54752b1fb3ee92,2026-07-10T12:10:30Z,2026-07-10T12:10:30Z,0,1000,0,1784507882.283124
sub_8888911aa18543b48cd3f51306fa7ca1,2026-07-10T12:11:15Z,2026-07-10T12:11:15Z,0,1000,0,1784507877.852152
sub_dddc5964b57241049b7659aa26284e22,2026-07-10T12:11:58Z,2026-07-10T12:11:58Z,0,1000,0,1784507875.268446
sub_c4280489397b42f293580106508bdeb1,2026-07-10T12:12:41Z,2026-07-10T12:12:41Z,0,1000,0,1784507873.6182551
sub_6b585814e0d644b3b7cd9146a70e51a2,2026-07-10T12:13:33Z,2026-07-10T12:13:33Z,0,1000,0,1784507871.627508
sub_ef28db6ecc204f49affcb38e9ff66db2,2026-07-10T12:17:04Z,2026-07-10T12:17:04Z,0,1000,0,1784507869.879274
sub_338240aefe474c9b9c3e9cbe14aa124b,2026-07-10T12:19:13Z,2026-07-10T12:19:13Z,0,1000,0,1784507865.137255
sub_73ccb17c09db442a8e67b03bc6ffd235,2026-07-10T12:20:10Z,2026-07-10T12:20:10Z,0,1000,0,1784507863.106723
sub_85facd62124b4548a9892067ca5d794d,2026-07-10T12:21:00Z,2026-07-10T12:21:00Z,0,1000,0,1784507861.106106
sub_252ed9d72b6e457daeb9ff65a419cba5,2026-07-10T12:21:48Z,2026-07-10T12:21:48Z,0,1000,0,1784507858.9433331
sub_6d33a9f1ef6b4cf6b80eceef478fc6ac,2026-07-10T12:22:31Z,2026-07-10T12:22:31Z,0,1000,0,1784507857.13954
sub_14449c65816546ad889fdc184817e646,2026-07-10T12:24:13Z,2026-07-10T12:24:13Z,0,1000,0,1784507852.836278
sub_757f3f10e5664de6bef9b639a1058b09,2026-07-10T12:24:58Z,2026-07-10T12:24:58Z,0,1000,0,1784507850.8795362
sub_187a6d26dd9541c885167cad04566d1f,2026-07-10T12:25:42Z,2026-07-10T12:25:42Z,0,1000,0,1784507849.1101491
sub_53fc479a5c224b7c87c1708283cf0634,2026-07-10T12:26:25Z,2026-07-10T12:26:25Z,0,1000,0,1784507847.442636
sub_00ce3f55d5d043ecbe65de76abb4d21b,2026-07-10T12:27:07Z,2026-07-10T12:27:07Z,0,1000,0,1784507845.72003
sub_8440fb9c696b475dbcdeab67871fb11e,2026-07-10T12:27:52Z,2026-07-10T12:27:52Z,0,1000,0,1784507840.817803
sub_fdb83c709a754edb973feb7e5b94fed5,2026-07-10T12:28:38Z,2026-07-10T12:28:38Z,0,1000,0,1784507839.122658
sub_e816c70861c145d3b07bab90bab86d40,2026-07-10T12:29:20Z,2026-07-10T12:29:20Z,0,1000,0,1784507837.480045
sub_9fd9d238489644f597443b7e0e38ecfd,2026-07-10T12:30:01Z,2026-07-10T12:30:01Z,0,1000,0,1784507835.392284
sub_78a1d9a6222948d08b9ee3679590e203,2026-07-10T12:30:45Z,2026-07-10T12:30:45Z,0,1000,0,1784507833.7130508
sub_460b03f3680244138067fa8d8b5d0de1,2026-07-10T12:31:37Z,2026-07-10T12:31:37Z,0,1000,0,1784507828.688193
sub_511eca67180a42d88feeabbc095c1817,2026-07-10T12:32:20Z,2026-07-10T12:32:20Z,0,1000,0,1784507826.451066
sub_e0f184c320544bac92a67b2039bec644,2026-07-10T12:33:15Z,2026-07-10T12:33:15Z,0,1000,0,1784507824.820756
sub_6692fca39b20497498484fa896607cd3,2026-07-10T12:34:00Z,2026-07-10T12:34:00Z,0,1000,0,1784507823.1433861
sub_34319d49f1964d0bbec5477b80a1c630,2026-07-10T12:34:43Z,2026-07-10T12:34:43Z,0,1000,0,1784507821.5107331
sub_3c47e20ffcae445e9dd8af1da8ed1175,2026-07-10T12:35:27Z,2026-07-10T12:35:27Z,0,1000,0,1784507817.3778079
sub_02b5e0b204d74852beb4ec5a7f870805,2026-07-10T12:36:15Z,2026-07-10T12:36:15Z,0,1000,0,1784507815.663459
sub_8f39fad0c3c9438f979dba29a6736129,2026-07-10T12:37:06Z,2026-07-10T12:37:06Z,0,1000,0,1784507813.4815638
sub_e94663f85be644829dc38313be071c77,2026-07-10T12:37:55Z,2026-07-10T12:37:55Z,0,1000,0,1784507811.865642
sub_15a33614a43e4b9fabca781c5c65e082,2026-07-10T12:38:37Z,2026-07-10T12:38:37Z,0,1000,0,1784507810.1264472
sub_77abdd8da43f4d01bbb88f84b8fe55f4,2026-07-10T12:39:20Z,2026-07-10T12:39:20Z,0,1000,0,1784507805.445317
sub_0c06c7d16a00410380e3c61892fc0901,2026-07-10T12:40:09Z,2026-07-10T12:40:09Z,0,1000,0,1784507803.703748
sub_fec95c62f43c4beba811d7839c32c52c,2026-07-10T12:40:55Z,2026-07-10T12:40:55Z,0,1000,0,1784507801.12949
sub_d9acb64491aa4c4c8736bf99e6582d9c,2026-07-10T12:41:44Z,2026-07-10T12:41:44Z,0,1000,0,1784507798.61712
sub_3940398edb0e471fab56e92ecf1d28d5,2026-07-10T12:42:28Z,2026-07-10T12:42:28Z,0,1000,0,1784507796.061857
sub_26d3b1c3847042c68ecd9d971b285ab6,2026-07-10T12:43:11Z,2026-07-10T12:43:11Z,0,1000,0,1784507790.6239529
sub_9429c8402b5e41d4a18ef119f26ff952,2026-07-10T12:43:54Z,2026-07-10T12:43:54Z,0,1000,0,1784507788.262698
sub_4027938991d64a868b96aa380bba914f,2026-07-10T12:44:38Z,2026-07-10T12:44:38Z,0,1000,0,1784507786.469245
sub_8dd689d1b17942468f9fa669248487c9,2026-07-10T12:45:19Z,2026-07-10T12:45:19Z,0,1000,0,1784507784.8076851
sub_1e1e1bee56794c5099fcfb1402e6705d,2026-07-10T12:46:06Z,2026-07-10T12:46:06Z,0,1000,0,1784507783.050706
sub_912686468de9488ca43b90afafe8b9a3,2026-07-10T12:46:55Z,2026-07-10T12:46:55Z,0,1000,0,1784507778.7812989
sub_ebab7e43520c44c2b1ac4052f70a360a,2026-07-10T12:47:44Z,2026-07-10T12:47:44Z,0,1000,0,1784507777.082846
sub_f51e1aebda7a4c4ba755c6747ef2636c,2026-07-10T12:48:30Z,2026-07-10T12:48:30Z,0,1000,0,1784507775.390676
sub_ab0f90f2aeb345408aa05a7d217204a1,2026-07-10T12:49:17Z,2026-07-10T12:49:17Z,0,1000,0,1784507773.704384
sub_dee83be955094fce9dd8ddf26ee1a32a,2026-07-10T12:50:00Z,2026-07-10T12:50:00Z,0,1000,0,1784507772.014775
sub_ed52f8c77d3949799ccd14ce0d2caf69,2026-07-10T12:50:41Z,2026-07-10T12:50:41Z,0,1000,0,1784507767.7926478
sub_133ba2cbee2c4ece9e57784b7bf4ce01,2026-07-10T12:51:27Z,2026-07-10T12:51:27Z,0,1000,0,1784507766.064398
sub_3ae089f0ad924a78b4b6c7535b14b7b0,2026-07-10T12:52:11Z,2026-07-10T12:52:11Z,0,1000,0,1784507763.67614
sub_0cd15c8de192455a8ada275a15cfc49a,2026-07-10T12:52:57Z,2026-07-10T12:52:57Z,0,1000,0,1784507761.668295
sub_e1fcfb8eed8d45cc9f731ca1386cda09,2026-07-10T12:53:40Z,2026-07-10T12:53:40Z,0,1000,0,1784507759.5333838
sub_a23016672ae8488c943c93e358249839,2026-07-10T14:19:42Z,2026-07-10T14:19:42Z,0,1000,0,1784507755.357881
sub_52b9b3d2662e44c488213570971c5460,2026-07-10T14:26:07Z,2026-07-10T14:26:07Z,0,1000,0,1784507753.6004028
sub_9f09a12d46a2445393a6eb1111477c6b,2026-07-10T14:32:28Z,2026-07-10T14:32:28Z,0,1000,0,1784507751.824425
sub_15b64fba85f7449f8a5c34c082fb29b2,2026-07-10T14:38:49Z,2026-07-10T14:38:49Z,0,1000,0,1784507750.043754
sub_3067f72df2f24774b0e0610315ef36e5,2026-07-10T14:45:54Z,2026-07-10T14:45:54Z,0,1000,0,1784507748.2996109
sub_e23098dfd3ce419ebc77f0318504b180,2026-07-10T14:53:00Z,2026-07-10T14:53:00Z,0,1000,0,1784507743.9102578
sub_52f4f6c690134c53884050f05649efd7,2026-07-10T14:59:24Z,2026-07-10T14:59:24Z,0,1000,0,1784507741.4464588
sub_0cf9b04d08cb478199bd5646a9209268,2026-07-10T15:05:45Z,2026-07-10T15:05:45Z,0,1000,0,1784507738.8194208
sub_a2a253376c794ce8ab495d89034ea16f,2026-07-10T15:12:13Z,2026-07-10T15:12:13Z,0,1000,0,1784507735.732012
sub_7b61eb1c651e4cab9d05480134007dac,2026-07-10T15:18:37Z,2026-07-10T15:18:37Z,0,1000,0,1784507733.0554612
sub_c66db0858777483e8f5d9b765b1ca317,2026-07-10T15:24:57Z,2026-07-10T15:24:57Z,0,1000,0,1784507726.52059
sub_63cb19d41ea842fd8532bdfc1ac22053,2026-07-10T15:31:22Z,2026-07-10T15:31:22Z,0,1000,0,1784507724.071729
sub_6ea9eb435bd040e89b5f34331a409b25,2026-07-10T15:37:44Z,2026-07-10T15:37:44Z,0,1000,0,1784507721.466122
sub_4e368dd1bb494306afe086b80466a798,2026-07-10T15:44:03Z,2026-07-10T15:44:03Z,0,1000,0,1784507719.4620721
sub_811bc7bd91d2492db32b50c4f2a736ae,2026-07-10T15:50:23Z,2026-07-10T15:50:23Z,0,1000,0,1784507717.447989
sub_952a074d128249f2838536906b81761a,2026-07-10T15:56:43Z,2026-07-10T15:56:43Z,0,1000,0,1784507712.21932
sub_f7e37c644eae46aaa75ecaf9c9e431b8,2026-07-10T16:03:49Z,2026-07-10T16:03:49Z,0,1000,0,1784507710.202514
sub_08d86c28c8514f509456019e8780f2b9,2026-07-10T16:10:08Z,2026-07-10T16:10:08Z,0,1000,0,1784507708.013937
sub_f7d58dbc7fa44fc4b04d88a4cc9aed29,2026-07-10T16:17:23Z,2026-07-10T16:17:23Z,0,1000,0,1784507705.726296
sub_5844a749f0974be493cf25d3ff6371e5,2026-07-10T16:23:43Z,2026-07-10T16:23:43Z,0,1000,0,1784507703.277911
sub_5268986bb9a648ba82608e54a0ecc936,2026-07-10T16:30:02Z,2026-07-10T16:30:02Z,0,1000,0,1784507696.352591
sub_db007695a3144fd8867498c8b52d2f54,2026-07-10T16:36:24Z,2026-07-10T16:36:24Z,0,1000,0,1784507692.753279
sub_09b369632e7d469c99802cc883bbd05c,2026-07-10T16:42:48Z,2026-07-10T16:42:48Z,0,1000,0,1784507689.24943
sub_c1901770d9cf48eebf2fbea28b494e81,2026-07-10T16:49:09Z,2026-07-10T16:49:09Z,0,1000,0,1784507686.809624
sub_512f7beff1e840b9bbaad43784d474b8,2026-07-10T16:58:08Z,2026-07-10T16:58:08Z,0,1000,0,1784507684.472157
sub_311f6e6a560e4026bacfad5ce05e2fda,2026-07-10T17:04:31Z,2026-07-10T17:04:31Z,0,1000,0,1784507679.9853709
sub_8512834445b64ffa9c913dd10833faaa,2026-07-10T17:10:50Z,2026-07-10T17:10:50Z,0,1000,0,1784507677.872763
sub_52661e09c56445018d13f46ee21543e3,2026-07-10T17:17:15Z,2026-07-10T17:17:15Z,0,1000,0,1784507675.84152
sub_ed69edd7e88744c7b3ab09758f0fb3f8,2026-07-10T17:23:38Z,2026-07-10T17:23:38Z,0,1000,0,1784507673.4684522
sub_1bf9ce89a6c8405484f3b28b5990feb2,2026-07-10T17:30:06Z,2026-07-10T17:30:06Z,0,1000,0,1784507669.99996
sub_90629beaf25e4898a4c3a140310084e1,2026-07-10T17:36:27Z,2026-07-10T17:36:27Z,0,1000,0,1784507662.785223
sub_797edcbecbbb4d65abad524c2875ce71,2026-07-10T17:42:46Z,2026-07-10T17:42:46Z,0,1000,0,1784507660.51045
sub_d0092c0f9d02465fb4363e84fcd7f6f9,2026-07-10T17:49:10Z,2026-07-10T17:49:10Z,0,1000,0,1784507658.4268968
sub_9aaee67bbbb84d0d8de73b925179fb84,2026-07-10T17:55:30Z,2026-07-10T17:55:30Z,0,1000,0,1784507656.281263
sub_89d062fef4d542b2a3bebd43bb41d40d,2026-07-10T18:01:53Z,2026-07-10T18:01:53Z,0,1000,0,1784507652.880078
sub_1a827a9fa1fd4caf8c5223429263cc3a,2026-07-10T18:08:14Z,2026-07-10T18:08:14Z,0,1000,0,1784507648.867369
sub_82d0de30f24a44ac988198e721cfdec0,2026-07-10T18:15:23Z,2026-07-10T18:15:23Z,0,1000,0,1784507647.195636
sub_a0a82b5b50ca4eb4a9bf153aa7259816,2026-07-10T18:21:44Z,2026-07-10T18:21:44Z,0,1000,0,1784507645.086497
sub_bbdd5f593adf48eeab1ba56141b6646f,2026-07-10T18:28:11Z,2026-07-10T18:28:11Z,0,1000,0,1784507643.4070022
sub_96670307b4cf4150843f7a96a80b5057,2026-07-10T18:34:34Z,2026-07-10T18:34:34Z,0,1000,0,1784507641.7319329
sub_5b5a314bcf214d479c6725f4ad3fa2cd,2026-07-10T18:40:57Z,2026-07-10T18:40:57Z,0,1000,0,1784507636.904611
sub_1dc6ce9296404aefa2538d454465ae66,2026-07-10T18:47:19Z,2026-07-10T18:47:19Z,0,1000,0,1784507634.968631
sub_ab0ebecb67a547dbb83d42e08f6e35bf,2026-07-10T18:53:39Z,2026-07-10T18:53:39Z,0,1000,0,1784507633.388067
sub_9e8393df94f14175907d62a9a3fc4dd3,2026-07-10T18:59:59Z,2026-07-10T18:59:59Z,0,1000,0,1784507631.5974998
sub_a146b75ee7c1481781ba215ceb95f1c4,2026-07-10T19:06:18Z,2026-07-10T19:06:18Z,0,1000,0,1784507629.928287
sub_5c7f89a3092442f4a7d8e182fa9ebb56,2026-07-10T19:12:46Z,2026-07-10T19:12:46Z,0,1000,0,1784507625.5058508
sub_1b4505cf019248d5bab11e37141c71e8,2026-07-10T19:23:55Z,2026-07-10T19:23:55Z,0,1000,0,1784507623.872551
sub_956f845cc50b4f8ca10f5a2ff7dd1c70,2026-07-10T19:31:09Z,2026-07-10T19:31:09Z,0,1000,0,1784507620.947382
sub_de72055f65a047e681bd854c16a8627d,2026-07-10T19:37:31Z,2026-07-10T19:37:31Z,0,1000,0,1784507618.908968
sub_94b9dc3800284d7ba7bcd679715c20c4,2026-07-10T19:49:20Z,2026-07-10T19:49:20Z,0,1000,0,1784507617.064161
sub_9225e10b787f46a59816a00df12c061d,2026-07-10T20:05:00Z,2026-07-10T20:05:00Z,0,1000,0,1784507611.561779
sub_ab94997520e1468eb2bd9d4988a45df6,2026-07-10T20:11:29Z,2026-07-10T20:11:29Z,0,1000,0,1784507608.887939
sub_60ff273f1b8b431a9928a53c0962e25f,2026-07-10T20:17:57Z,2026-07-10T20:17:57Z,0,1000,0,1784507607.222108
sub_c0a24d5c1f9a4a9bbd6a0c2d52118a46,2026-07-10T20:30:31Z,2026-07-10T20:30:31Z,0,1000,0,1784507605.458926
sub_5ab075893791499993025fadb84faa78,2026-07-10T21:05:24Z,2026-07-10T21:05:24Z,0,1000,0,1784507603.87026
sub_00280253f6834ffea313581a90bafeba,2026-07-10T21:13:18Z,2026-07-10T21:13:18Z,0,1000,0,1784507599.000292
sub_40af808e520b40a0a9eab4e7763a740a,2026-07-10T21:19:37Z,2026-07-10T21:19:37Z,0,1000,0,1784507597.101834
sub_bfe2c60961b449e2b624eed8488b8a75,2026-07-10T21:25:59Z,2026-07-10T21:25:59Z,0,1000,0,1784507595.487824
sub_f1c864f0acb843aa9d29fd1a60237632,2026-07-10T21:34:01Z,2026-07-10T21:34:01Z,0,1000,0,1784507593.8275409
sub_d65e15f54c9c4f39867cc8aea711c2a2,2026-07-10T21:40:24Z,2026-07-10T21:40:24Z,0,1000,0,1784507592.1701472
sub_973683d1d26647c798321cedfbf6bc02,2026-07-10T21:46:45Z,2026-07-10T21:46:45Z,0,1000,0,1784507588.058746
sub_d861b7eb6d214794b3a0b6b10fd2b778,2026-07-10T21:53:56Z,2026-07-10T21:53:56Z,0,1000,0,1784507586.4481862
sub_e0c85f121be7482381c09723a118676a,2026-07-10T22:00:20Z,2026-07-10T22:00:20Z,0,1000,0,1784507584.787103
sub_232715efbeb14718b4c7c0b70cebe63d,2026-07-10T22:06:42Z,2026-07-10T22:06:42Z,0,1000,0,1784507583.188888
sub_1394721787734d5eae53ed11ef81ed68,2026-07-10T22:13:05Z,2026-07-10T22:13:05Z,0,1000,0,1784507581.652568
sub_d1a8fe637ce44138976e7751a72acc2a,2026-07-10T22:19:34Z,2026-07-10T22:19:34Z,0,1000,0,1784507577.4092228
sub_712d63b71ed74c0fb187d746c99258d2,2026-07-10T22:25:55Z,2026-07-10T22:25:55Z,0,1000,0,1784507574.868713
sub_fbbab7aeb07d406aaff5e9a5d72ee2ca,2026-07-10T22:32:19Z,2026-07-10T22:32:19Z,0,1000,0,1784507572.923115
sub_c7475f3d11a441bdb472b48923cd3b7c,2026-07-10T22:38:38Z,2026-07-10T22:38:38Z,0,1000,0,1784507571.097591
sub_a51a62783bcc459b8eb26a229b279f9f,2026-07-10T22:45:02Z,2026-07-10T22:45:02Z,0,1000,0,1784507568.738362
sub_3614d344d6fa4fb281abfdd37982d78b,2026-07-10T22:51:29Z,2026-07-10T22:51:29Z,0,1000,0,1784507563.9313762
sub_948dd834c6114ba18d7883353ea8d854,2026-07-10T22:59:24Z,2026-07-10T22:59:24Z,0,1000,0,1784507561.99282
sub_589dce045f4e4050ac1a8b527fbe1516,2026-07-10T23:05:51Z,2026-07-10T23:05:51Z,0,1000,0,1784507560.0454059
sub_fabe42c66f3742dcb406b646af0f47e6,2026-07-10T23:12:59Z,2026-07-10T23:12:59Z,0,1000,0,1784507557.873612
sub_fe93a77b7ac3449caa2abb7215d1ce4b,2026-07-10T23:21:46Z,2026-07-10T23:21:46Z,0,1000,0,1784507555.00112
sub_db2fd362a28e41c5a132077ddd00c64d,2026-07-10T23:31:13Z,2026-07-10T23:31:13Z,0,1000,0,1784507549.9174662
sub_a893779dc339471bad8dcd7678359536,2026-07-10T23:38:23Z,2026-07-10T23:38:23Z,0,1000,0,1784507547.636822
sub_5b424e75ee8f444b94ce81dd8b9c0271,2026-07-10T23:44:48Z,2026-07-10T23:44:48Z,0,1000,0,1784507545.566178
sub_975aece00e4a46528acc6865e425d081,2026-07-10T23:51:08Z,2026-07-10T23:51:08Z,0,1000,0,1784507542.2435489
sub_f76bab9bedd146fda21c5b486ff9dc4b,2026-07-10T23:57:36Z,2026-07-10T23:57:36Z,0,1000,0,1784507540.263571
sub_eb9b7a0c438841569f031d975a367c7c,2026-07-11T00:04:42Z,2026-07-11T00:04:42Z,0,1000,0,1784507535.161559
sub_8840c527c33947ef8df0cf7a26546696,2026-07-11T00:11:02Z,2026-07-11T00:11:02Z,0,1000,0,1784507532.98431
sub_0ecb39a95ad340a3946b6099ee7a6e88,2026-07-11T00:17:26Z,2026-07-11T00:17:26Z,0,1000,0,1784507530.493954
sub_b46a38d8f493493f8d788aad24c415f7,2026-07-11T00:23:45Z,2026-07-11T00:23:45Z,0,1000,0,1784507528.205374
sub_2ff565c1e8e8477c918d8a0cd1f38b23,2026-07-11T00:30:09Z,2026-07-11T00:30:09Z,0,1000,0,1784507526.1825979
sub_d5c9d3483e0945b6832887203d03afba,2026-07-11T00:36:31Z,2026-07-11T00:36:31Z,0,1000,0,1784507519.3054059
sub_edafc5c35f3e4000b2a75b3831bcd98a,2026-07-11T00:53:27Z,2026-07-11T00:53:27Z,0,1000,0,1784507517.483862
sub_fedb75522bb94ccd87b5fa3e3dc9af83,2026-07-11T00:59:46Z,2026-07-11T00:59:46Z,0,1000,0,1784507515.5983748
sub_ae3eb9b886a94db0bf0e82fe0e53a93f,2026-07-11T01:06:07Z,2026-07-11T01:06:07Z,0,1000,0,1784507513.810505
sub_a3c746244b9c464fa69cc5a5cb9e8778,2026-07-11T01:13:13Z,2026-07-11T01:13:13Z,0,1000,0,1784507512.1657119
sub_6e74ed43328f4a7f9cdf85597fe46ea5,2026-07-11T01:19:40Z,2026-07-11T01:19:40Z,0,1000,0,1784507502.078953
sub_c300ae0c880e47868fcdcb2bf1be0cd1,2026-07-11T01:26:03Z,2026-07-11T01:26:03Z,0,1000,0,1784507498.267272
sub_cfe898199e3f45cfba5ca97ebe9426d0,2026-07-11T01:33:09Z,2026-07-11T01:33:09Z,0,1000,0,1784507495.0974898
sub_103fddd2420e4806b06bb6cd0816c7da,2026-07-11T01:39:30Z,2026-07-11T01:39:30Z,0,1000,0,1784507491.886112
sub_41dd893246a147829bf90aa4d366b2fa,2026-07-11T01:45:57Z,2026-07-11T01:45:57Z,0,1000,0,1784507488.582274
sub_9177da1aa1b9433a9cc1fb622be4100c,2026-07-11T02:11:28Z,2026-07-11T02:11:28Z,0,1000,0,1784507476.033581
sub_9f4015cb0421427aa817cee5812affd2,2026-07-11T02:18:38Z,2026-07-11T02:18:38Z,0,1000,0,1784507469.293768
sub_b807acb566924269a2e6eb44defd3a32,2026-07-11T02:25:03Z,2026-07-11T02:25:03Z,0,1000,0,1784507464.011282
sub_ad3972337ebc4682a41dfe1dacc33111,2026-07-11T02:32:19Z,2026-07-11T02:32:19Z,0,1000,0,1784507458.212411
sub_4abae7f187934340a46b6c991b20820f,2026-07-11T02:42:48Z,2026-07-11T02:42:48Z,0,1000,0,1784507455.198447
sub_364cdedf98644503b64a191e9fa5fb23,2026-07-11T02:49:15Z,2026-07-11T02:49:15Z,0,1000,0,1784507451.213537
sub_3428124923534c0d8718f5488d84aa2c,2026-07-11T02:55:38Z,2026-07-11T02:55:38Z,0,1000,0,1784507449.428135
sub_cfd9b0603e5046e5baa4ce47e7d0a6d7,2026-07-11T03:01:57Z,2026-07-11T03:01:57Z,0,1000,0,1784507447.4248471
sub_e69c334d9aef4980af642d6d42b8d7a3,2026-07-11T03:08:16Z,2026-07-11T03:08:16Z,0,1000,0,1784507445.6665442
sub_9b04e336c69a463988e3ca27ba6d02e2,2026-07-11T03:15:26Z,2026-07-11T03:15:26Z,0,1000,0,1784507443.928818
sub_48ced2ec10634b958d9db1afbf9bc47c,2026-07-11T03:22:32Z,2026-07-11T03:22:32Z,0,1000,0,1784507439.663767
sub_eb356c156bf8448f8cb12d0c413d8bbe,2026-07-11T03:28:53Z,2026-07-11T03:28:53Z,0,1000,0,1784507437.503594
sub_98d1dcc1908a45168b57423c9a0738b0,2026-07-11T03:37:57Z,2026-07-11T03:37:57Z,0,1000,0,1784507435.092829
sub_1127ce12853d4f27ac7522ce013306d4,2026-07-11T03:44:20Z,2026-07-11T03:44:20Z,0,1000,0,1784507433.001131
sub_4dd7492532044d47a204fc959f5119b8,2026-07-11T03:51:31Z,2026-07-11T03:51:31Z,0,1000,0,1784507430.573588
sub_04e3839c37c94036a02c0bc39337e32e,2026-07-11T03:57:53Z,2026-07-11T03:57:53Z,0,1000,0,1784507426.449386
sub_29fe0be2ee164863a5bb3385fa4c3fa8,2026-07-11T04:05:14Z,2026-07-11T04:05:14Z,0,1000,0,1784507424.749162
sub_54f07a41ce214b138cf5776a0f4893b9,2026-07-11T04:11:33Z,2026-07-11T04:11:33Z,0,1000,0,1784507423.04025
sub_ef2da0bbaf2740daaa8b0fcbceb506bf,2026-07-11T04:18:54Z,2026-07-11T04:18:54Z,0,1000,0,1784507420.811698
sub_dd0b008de20849de9a96cebefda0b57e,2026-07-11T04:25:19Z,2026-07-11T04:25:19Z,0,1000,0,1784507418.7283032
sub_0f44a8a9c02a46dc994eb6e31eefac9d,2026-07-11T04:31:43Z,2026-07-11T04:31:43Z,0,1000,0,1784507414.539571
sub_4a42c88998ef45ce82ca833ac49a4513,2026-07-11T04:38:03Z,2026-07-11T04:38:03Z,0,1000,0,1784507412.816597
sub_b731f2efde094935b423a502182923f1,2026-07-11T04:44:22Z,2026-07-11T04:44:22Z,0,1000,0,1784507408.263165
sub_d4b8e91eb57b4938989331d1ee857e56,2026-07-11T04:50:44Z,2026-07-11T04:50:44Z,0,1000,0,1784507405.221417
sub_542e0b8f23054cddb3771e7adcb01d94,2026-07-11T04:57:07Z,2026-07-11T04:57:07Z,0,1000,0,1784507402.587061
sub_ba4eea293c2a4db18fe71c0b40f3fd73,2026-07-11T05:03:31Z,2026-07-11T05:03:31Z,0,1000,0,1784507397.59828
sub_fc62f73a54634417b9707022ed7252a2,2026-07-11T05:09:55Z,2026-07-11T05:09:55Z,0,1000,0,1784507395.4461162
sub_7f78d1aad04c4342ae138b04f6f95c07,2026-07-11T05:16:16Z,2026-07-11T05:16:16Z,0,1000,0,1784507393.282895
sub_83d723f1501149948d928f236f1f8516,2026-07-11T05:22:36Z,2026-07-11T05:22:36Z,0,1000,0,1784507391.050671
sub_db4ab8706758412f894961bda5ceace1,2026-07-11T05:31:30Z,2026-07-11T05:31:30Z,0,1000,0,1784507388.764256
sub_6916c479b9cb4a0da57f2e54debe9f59,2026-07-11T06:27:54Z,2026-07-11T06:27:54Z,0,1000,0,1784507384.306717
sub_ac1ab69431b1413384aff6e09bea5cde,2026-07-11T08:15:30Z,2026-07-11T08:15:30Z,0,1000,0,1784507382.71562
sub_c2c2691360774c5f930250be81726602,2026-07-11T09:35:01Z,2026-07-11T09:35:01Z,0,1000,0,1784507380.4975429
sub_51c3d42717fe4c2a8a538e45f97bc2c8,2026-07-11T11:46:00Z,2026-07-11T11:46:00Z,0,1000,0,1784507378.20029
sub_ecf4eab3add840b4af655ada5dba3f1f,2026-07-11T11:52:21Z,2026-07-11T11:52:21Z,0,1000,0,1784507376.0122082
sub_3c585b6d42a245ddbf1088c3f262a901,2026-07-11T11:58:42Z,2026-07-11T11:58:42Z,0,1000,0,1784507370.906879
sub_cb37436bc51d422da56baebe20fef7ec,2026-07-11T12:05:55Z,2026-07-11T12:05:55Z,0,1000,0,1784507368.927397
sub_14a11fca24b04d1489361e7de4128060,2026-07-11T12:12:17Z,2026-07-11T12:12:17Z,0,1000,0,1784507366.764916
sub_334a7447884249e7af9162ad1b8b5c0c,2026-07-11T12:19:32Z,2026-07-11T12:19:32Z,0,1000,0,1784507364.552853
sub_d1c0ed5fe75341b6bbafc960cc6bb543,2026-07-11T12:25:53Z,2026-07-11T12:25:53Z,0,1000,0,1784507362.487753
sub_8fa7033677a64b3988908f963cf3444e,2026-07-11T12:27:39Z,2026-07-11T12:27:39Z,0,1000,0,1784507358.1629498
sub_1cc5dd1f56cb4b9da2f620a3e1bfd632,2026-07-11T12:30:56Z,2026-07-11T12:30:56Z,0,792,0,1784507355.81241
sub_825b296ac4b94469b0fb26b5dc6b6443,2026-07-11T12:37:19Z,2026-07-11T12:37:19Z,0,1000,0,1784507352.969409
sub_9aef9e4620514a899004e4c1a5fe77db,2026-07-11T12:40:06Z,2026-07-11T12:40:06Z,0,1000,0,1784507349.784578
sub_f66dce1c01f843b0b17fc60bbcab0c1b,2026-07-11T12:43:39Z,2026-07-11T12:43:39Z,0,1000,0,1784507346.814875
sub_c525a294a47647efb2774e56f3871779,2026-07-11T12:44:14Z,2026-07-11T12:44:14Z,0,946,0,1784507340.8566642
sub_9c355e3aa042477e840ef8e57248ebbb,2026-07-11T12:50:49Z,2026-07-11T12:50:49Z,0,1000,0,1784507339.264009
sub_54b172e8e06e4cf1a468a96a2fb7fd6d,2026-07-11T12:52:22Z,2026-07-11T12:52:22Z,0,992,0,1784507337.576868
sub_5fe54829f67b49798b7a84fdecb5401c,2026-07-11T12:57:03Z,2026-07-11T12:57:03Z,0,588,0,1784507335.5271418
sub_ba3d9500bd7549b6a00c9afbf9a94a32,2026-07-11T12:57:09Z,2026-07-11T12:57:09Z,0,1000,0,1784507333.955022
sub_6994cb6f987749a998f278007f574816,2026-07-11T13:00:38Z,2026-07-11T13:00:38Z,0,961,0,1784507329.6704068
sub_51673b0128f24db6a9e037f9e1b3e98a,2026-07-11T13:03:12Z,2026-07-11T13:03:12Z,0,980,0,1784507327.9090738
sub_845b69ca3bc94c33ba129a51bf3a7c4d,2026-07-11T13:03:33Z,2026-07-11T13:03:33Z,0,1000,0,1784507325.7111309
sub_97c3d33162dc485790b450907dc5ad98,2026-07-11T13:06:26Z,2026-07-11T13:06:26Z,0,571,0,1784507323.782769
sub_26668c5006fd4ec4af829001d8634a13,2026-07-11T13:09:34Z,2026-07-11T13:09:34Z,0,1000,0,1784507322.281334
sub_2ef54347f6fc49148c4ef23440febf13,2026-07-11T13:10:39Z,2026-07-11T13:10:39Z,0,1000,0,1784507317.6062238
sub_76811dd834a04d7694c1ded7a341b9a5,2026-07-11T13:18:00Z,2026-07-11T13:18:00Z,0,1000,0,1784507314.674939
sub_f7d8e293e1e74f9fad376a0b4446a2e6,2026-07-11T13:25:10Z,2026-07-11T13:25:10Z,0,1000,0,1784507312.968228
sub_f74b75214bf142aebe07b67cb1a112ef,2026-07-11T13:26:33Z,2026-07-11T13:26:33Z,0,672,0,1784507310.8863099
sub_91aa6141e5894e619ad5b02a8e086db7,2026-07-11T13:27:37Z,2026-07-11T13:27:37Z,0,1000,0,1784507308.546274
sub_acdeb875f05346ffb1692822b10c9dda,2026-07-11T13:31:10Z,2026-07-11T13:31:10Z,0,1000,0,1784507303.79096
sub_525fa900bf6c49e88ec8cd028887bc48,2026-07-11T13:31:35Z,2026-07-11T13:31:35Z,0,1000,0,1784507301.21742
sub_956896ef3307422d8ab94e237ce500c7,2026-07-11T13:33:46Z,2026-07-11T13:33:46Z,0,550,0,1784507299.2385101
sub_e6c3425db9534f098345a46dbd26f195,2026-07-11T13:48:31Z,2026-07-11T13:48:31Z,0,1000,0,1784507282.200983
sub_5369c3ea540d4d839c7b878e320f0b14,2026-07-11T13:50:30Z,2026-07-11T13:50:30Z,0,453,0,1784507280.228506
sub_e70938379ace4bffb606939ad2bc0190,2026-07-11T13:52:22Z,2026-07-11T13:52:22Z,0,576,0,1784507276.097235
sub_1f461816a79e4a49b54ed710afd35cc0,2026-07-11T13:56:23Z,2026-07-11T13:56:23Z,0,1000,0,1784507274.365139
sub_f8874988c29a450c80c5fbbbc712cba7,2026-07-11T14:03:35Z,2026-07-11T14:03:35Z,0,874,0,1784507272.302727
sub_9f511a392bd9414ebe6e47c80cf25e80,2026-07-11T14:03:47Z,2026-07-11T14:03:47Z,0,1000,0,1784507269.392973
sub_dee81ca8375c4e599cab821409fba83e,2026-07-11T14:10:52Z,2026-07-11T14:10:52Z,0,1000,0,1784507266.772654
sub_45e0c5e8e6ed48d588f55e3f77684d12,2026-07-11T14:13:19Z,2026-07-11T14:13:19Z,0,672,0,1784507259.535208
sub_37541dbdcccc4e1aa3394b73d8b70238,2026-07-11T14:18:12Z,2026-07-11T14:18:12Z,0,1000,0,1784507255.4815192
sub_3c4bd50bd53c4d6e878fce10e0450a91,2026-07-11T14:23:12Z,2026-07-11T14:23:12Z,0,671,0,1784507252.02472
sub_4f62158d20a147539547cdbbd1ba4085,2026-07-11T14:24:32Z,2026-07-11T14:24:32Z,0,1000,0,1784507249.915107
sub_ed9973e17c9047a2850d56484563ca2b,2026-07-11T14:31:56Z,2026-07-11T14:31:56Z,0,1000,0,1784507247.020575
sub_73ac537c6f8c46f28e66da522494d402,2026-07-11T15:24:27Z,2026-07-11T15:24:27Z,0,894,0,1784507242.480215
sub_c4f4baf5b93f4926988601675378c0cb,2026-07-11T18:50:07Z,2026-07-11T18:50:07Z,0,1000,0,1784507240.544205
sub_9b56d72b62a4460ab26dfdc3e2b85775,2026-07-11T19:42:43Z,2026-07-11T19:42:43Z,0,1000,0,1784507238.094225
sub_faeb870eeddd4ce483647b900b621c69,2026-07-11T19:43:28Z,2026-07-11T19:43:28Z,0,650,0,1784507236.220958
sub_c7bff7853766429380c8a80ffdfb4150,2026-07-11T19:49:11Z,2026-07-11T19:49:11Z,0,1000,0,1784507234.428528
sub_21a94ea2aefc48c684cc4458e29dcfd9,2026-07-11T19:52:53Z,2026-07-11T19:52:53Z,0,659,0,1784507228.406392
sub_4c1d62800be140b59adb6d942a201c75,2026-07-11T19:55:30Z,2026-07-11T19:55:30Z,0,1000,0,1784507225.55558
sub_78e3313cb16f44b3a0d55d9b181fe79c,2026-07-11T20:01:58Z,2026-07-11T20:01:58Z,0,1000,0,1784507222.6958342
sub_a86cd1b68bb74c778b7c65e85e667a02,2026-07-11T20:02:22Z,2026-07-11T20:02:22Z,0,884,0,1784507217.632034
sub_25cccf19fff1429bb93c9533f6304f53,2026-07-11T20:08:17Z,2026-07-11T20:08:17Z,0,1000,0,1784507212.768579
sub_fd647ce0af764073abad823ac131c662,2026-07-11T20:12:33Z,2026-07-11T20:12:33Z,0,625,0,1784507208.193088
sub_724a85b477bb4c82b6ff31d0f4e3aeca,2026-07-11T20:14:40Z,2026-07-11T20:14:40Z,0,1000,0,1784507205.620585
sub_554489e4e59844cf9494b531c3165a2e,2026-07-11T20:21:04Z,2026-07-11T20:21:04Z,0,1000,0,1784507202.14492
sub_1598a1725300420387802f3245557957,2026-07-11T20:21:34Z,2026-07-11T20:21:34Z,0,531,0,1784507199.490394
sub_adf1c930e5ea495c8ebadb29a3dacaeb,2026-07-11T20:27:23Z,2026-07-11T20:27:23Z,0,1000,0,1784507196.525339
sub_4f0c4f5772884b4c8cdaba6939ffe91b,2026-07-11T20:30:22Z,2026-07-11T20:30:22Z,0,889,0,1784507191.250763
sub_829040df05cf48909d9569561bb3d692,2026-07-11T20:33:49Z,2026-07-11T20:33:49Z,0,1000,0,1784507186.747107
sub_96eb9258287f46c1afb868ca502dbcd9,2026-07-11T20:40:09Z,2026-07-11T20:40:09Z,0,1000,0,1784507182.6514251
sub_b5aa77c8c87f4edd9271761a50f15c52,2026-07-11T20:41:28Z,2026-07-11T20:41:28Z,0,585,0,1784507180.3873868
sub_0bc85115973c47919e56219cbc580030,2026-07-11T20:47:25Z,2026-07-11T20:47:25Z,0,1000,0,1784507177.5644102
sub_da4c984c71344c5895494a8d08518116,2026-07-11T20:52:12Z,2026-07-11T20:52:12Z,0,574,0,1784507171.53774
sub_e83d6779a8e64da39b48e3ed37ce186a,2026-07-11T20:54:32Z,2026-07-11T20:54:32Z,0,1000,0,1784507169.232262
sub_12c72dc00bfb474c9c8d47c83194997c,2026-07-11T21:00:59Z,2026-07-11T21:00:59Z,0,1000,0,1784507166.9359202
sub_44b423a72dc345329017c6226e00cf5c,2026-07-11T21:01:54Z,2026-07-11T21:01:54Z,0,873,0,1784507164.126654
sub_ea37a4f33a154881b0010cb1bb4559b0,2026-07-11T21:08:17Z,2026-07-11T21:08:17Z,0,1000,0,1784507161.7825432
sub_f8ca969334e04840aaf276b02434f9d5,2026-07-11T21:12:22Z,2026-07-11T21:12:22Z,0,601,0,1784507157.061996
sub_cef04dc3731949f4b2988ca37fe738f0,2026-07-11T21:15:23Z,2026-07-11T21:15:23Z,0,1000,0,1784507155.269571
sub_13145f9c78474f228bc5417e2e5b01f2,2026-07-11T21:21:45Z,2026-07-11T21:21:45Z,0,1000,0,1784507151.792337
sub_75e128ac38354b658be6c7c14d1e5739,2026-07-11T21:22:03Z,2026-07-11T21:22:03Z,0,578,0,1784507150.037108
sub_86306604db184292b763f8086a7ee9d8,2026-07-11T21:28:13Z,2026-07-11T21:28:13Z,0,1000,0,1784507148.1212428
sub_f60f644bf7974bc1afe8ff79205dd49c,2026-07-11T21:32:31Z,2026-07-11T21:32:31Z,0,869,0,1784507143.902123
sub_2c36e20292c847e9bf1944474cf72227,2026-07-11T21:34:34Z,2026-07-11T21:34:34Z,0,1000,0,1784507140.1518059
sub_d6c79cfe9a774d569442eb09fba8ba49,2026-07-11T21:40:52Z,2026-07-11T21:40:52Z,0,1000,0,1784507138.0738199
sub_b4fed8e254ed446990d2c9e62962c896,2026-07-11T21:42:29Z,2026-07-11T21:42:29Z,0,564,0,1784507136.016056
sub_32066bcc1f454d0e889e11eda0f2f717,2026-07-11T21:47:12Z,2026-07-11T21:47:12Z,0,1000,0,1784507133.487427
sub_43015ed3d2a743e0a8e9dc235c8d9ee0,2026-07-11T21:51:46Z,2026-07-11T21:51:46Z,0,564,0,1784507127.359741
sub_2aed11e761a945ab8216cc8b3101db2b,2026-07-11T21:53:39Z,2026-07-11T21:53:39Z,0,1000,0,1784507125.073193
sub_c86dfb41fced4c7086f46cb105141a69,2026-07-11T22:00:48Z,2026-07-11T22:00:48Z,0,869,0,1784507122.69957
sub_ea72248476534a5f8c21627e1c218d5d,2026-07-11T22:00:56Z,2026-07-11T22:00:56Z,0,1000,0,1784507120.06707
sub_7cf5266d93df4bf5abf36054e22e62a3,2026-07-11T22:08:47Z,2026-07-11T22:08:47Z,0,1000,0,1784507118.124824
sub_cf0f3e5616a246ca98bf673477fbaccb,2026-07-11T22:10:50Z,2026-07-11T22:10:50Z,0,580,0,1784507112.7408152
sub_6507f98ddd7744e8a8da8fca346cd451,2026-07-11T22:11:40Z,2026-07-11T22:11:40Z,0,29,0,1784507110.080389
sub_7ba67630b2aa48db86a38d24c7635f37,2026-07-11T22:15:07Z,2026-07-11T22:15:07Z,0,1000,0,1784507108.809518
sub_1775a8280b60442da80c5e21598c5a2e,2026-07-11T22:21:27Z,2026-07-11T22:21:27Z,0,1000,0,1784507106.665927
sub_c5b5536a8af14a0695e20cd8e2a5d41a,2026-07-11T22:23:21Z,2026-07-11T22:23:21Z,0,45,0,1784507104.416812
sub_b732d4350a1e446e81fc99fe93bf9cc0,2026-07-11T22:26:40Z,2026-07-11T22:26:40Z,0,44,0,1784507100.631365
sub_655f5f852b1a4c0fa48b27d40562b61d,2026-07-11T22:27:47Z,2026-07-11T22:27:47Z,0,1000,0,1784507099.1868942
sub_2fc63a0ec08c4bd09caebba32ce7335c,2026-07-11T22:34:11Z,2026-07-11T22:34:11Z,0,1000,0,1784507096.641671
sub_0e07f6eab28b4cfa8b2d167496b58f49,2026-07-11T22:40:30Z,2026-07-11T22:40:30Z,0,1000,0,1784507094.380191
sub_fd63bcfa00ec491d8c28f1584081de68,2026-07-11T22:45:05Z,2026-07-11T22:45:05Z,0,1000,0,1784507091.9492538
sub_e89d9b49fe1f47ceb12833ba8d3d7777,2026-07-11T22:46:50Z,2026-07-11T22:46:50Z,0,1000,0,1784507087.440619
sub_e5660ae76d824144ab04c96c3a1fc30a,2026-07-11T22:52:36Z,2026-07-11T22:52:36Z,0,724,0,1784507085.200863
sub_f63a00a64ef34f02ac478da2e7de0486,2026-07-11T22:53:10Z,2026-07-11T22:53:10Z,0,1000,0,1784507082.897463
sub_cb4300cc10614800ab8d739802dda38c,2026-07-11T22:59:31Z,2026-07-11T22:59:31Z,0,1000,0,1784507080.858274
sub_602eee1ab5f24d71aee8c452bb702f1c,2026-07-11T23:00:25Z,2026-07-11T23:00:25Z,0,594,0,1784507078.627145
sub_b9d03a99546e46c680073f14eb0ada28,2026-07-11T23:05:53Z,2026-07-11T23:05:53Z,0,1000,0,1784507074.198299
sub_71562c298a15424ea05ae6703fdde0bd,2026-07-11T23:10:58Z,2026-07-11T23:10:58Z,0,627,0,1784507072.265412
sub_624697777ec8467f9539c5e98e02d4fb,2026-07-11T23:12:12Z,2026-07-11T23:12:12Z,0,1000,0,1784507069.937881
sub_0a1c81fa994c43e5858409ad6b807ff5,2026-07-11T23:18:34Z,2026-07-11T23:18:34Z,0,1000,0,1784507067.896002
sub_5655ccc825824354b921579b72bcce09,2026-07-11T23:24:54Z,2026-07-11T23:24:54Z,0,1000,0,1784507065.835347
sub_78995ec4ca414a68ad53e9f0d5db9865,2026-07-11T23:26:50Z,2026-07-11T23:26:50Z,0,835,0,1784507061.5169868
sub_7c827960f3dd4c29ae03a295f5d83665,2026-07-11T23:31:15Z,2026-07-11T23:31:15Z,0,1000,0,1784507058.613781
sub_cce306314614433dbacfd227d5eb295f,2026-07-11T23:34:13Z,2026-07-11T23:34:13Z,0,331,0,1784507055.885807
sub_a96a783e8f554a0fbf535b575f54a57b,2026-07-11T23:37:34Z,2026-07-11T23:37:34Z,0,1000,0,1784507053.754414
sub_9ba990a2001f45caba75fe2d996894de,2026-07-11T23:43:32Z,2026-07-11T23:43:32Z,0,597,0,1784507051.177662
sub_3ebba73f9f354210847c745f65614b46,2026-07-11T23:44:52Z,2026-07-11T23:44:52Z,0,1000,0,1784507046.874537
sub_bc51811d70b9446cba64ebff932a42ef,2026-07-11T23:51:14Z,2026-07-11T23:51:14Z,0,1000,0,1784507044.520433
sub_f69ab9465e4e421d9ad2f67f1bbde3ae,2026-07-11T23:51:29Z,2026-07-11T23:51:29Z,0,325,0,1784507042.71068
sub_a9008a04386d42c385f4e8b5bb0227d1,2026-07-11T23:57:33Z,2026-07-11T23:57:33Z,0,1000,0,1784507040.990398
sub_987a2c259dcd4288b5cbd47a5648f95d,2026-07-12T00:03:22Z,2026-07-12T00:03:22Z,0,591,0,1784507038.478029
sub_a0d128f302394790b3369606100466a1,2026-07-12T00:04:51Z,2026-07-12T00:04:51Z,0,1000,0,1784507033.9798589
sub_192319d780a445b1a21dd4ed1f445f01,2026-07-12T00:10:41Z,2026-07-12T00:10:41Z,0,337,0,1784507030.957433
sub_21af4279b8ec41e7b27e22d632ccca12,2026-07-12T00:11:11Z,2026-07-12T00:11:11Z,0,1000,0,1784507029.239666
sub_c967f266b0f74ce4bba60bebb51bfbc4,2026-07-12T00:17:32Z,2026-07-12T00:17:32Z,0,1000,0,1784507027.243098
sub_d7e91f36f0b9465fa99c89d616e1ca73,2026-07-12T00:18:01Z,2026-07-12T00:18:01Z,0,364,0,1784507025.2647512
sub_e766cd056ccb46e1a74c25131fa0ee13,2026-07-12T00:23:50Z,2026-07-12T00:23:50Z,0,1000,0,1784507022.1697311
sub_591a90957cda4d038d9b7f70a32f2785,2026-07-12T00:27:57Z,2026-07-12T00:27:57Z,0,583,0,1784507020.085313
sub_0051d991b3cf4fa2b0afaa579f494376,2026-07-12T00:30:16Z,2026-07-12T00:30:16Z,0,1000,0,1784507017.8000681
sub_70663fc80bfa4c2a87aade2987cfc3ca,2026-07-12T00:35:08Z,2026-07-12T00:35:08Z,0,381,0,1784507015.927829
sub_a64dd1f9c27f4a718fcce6222a8357c8,2026-07-12T00:36:35Z,2026-07-12T00:36:35Z,0,1000,0,1784507014.0053709
sub_5e817d5341294b6ab2b379d53e963870,2026-07-12T00:40:46Z,2026-07-12T00:40:46Z,0,337,0,1784507010.0673332
sub_54117f391e10489b9b3142e6ac42692d,2026-07-12T00:42:56Z,2026-07-12T00:42:56Z,0,1000,0,1784507008.2971442
sub_5303c347008a4377a45697000d1053a4,2026-07-12T00:49:18Z,2026-07-12T00:49:18Z,0,1000,0,1784507005.588449
sub_bcc91d2f07074047ba15b38ca3d42c8f,2026-07-12T00:50:00Z,2026-07-12T00:50:00Z,0,630,0,1784507002.441099
sub_545f1977d4574bc8a7d6ef74d98ea7e3,2026-07-12T00:55:37Z,2026-07-12T00:55:37Z,0,1000,0,1784507000.0642712
sub_bf337ea4537640bf94a6f89f3fde7eb3,2026-07-12T00:56:39Z,2026-07-12T00:56:39Z,0,346,0,1784506996.66304
sub_ddb31ec542cb4bd396fd57e0c40b0df1,2026-07-12T01:01:56Z,2026-07-12T01:01:56Z,0,1000,0,1784506994.8895528
sub_634a22b80cf04cfcb3ee4f457bf4f027,2026-07-12T01:04:00Z,2026-07-12T01:04:00Z,0,348,0,1784506993.1509929
sub_a65aa0b35ff64ebc900163d559657853,2026-07-12T01:08:18Z,2026-07-12T01:08:18Z,0,1000,0,1784506991.582131
sub_ddaa68b786ba424c91301b494a7db196,2026-07-12T01:12:55Z,2026-07-12T01:12:55Z,0,645,0,1784506989.450714
sub_576447975b92404ebca550b5ab33da4d,2026-07-12T01:14:43Z,2026-07-12T01:14:43Z,0,1000,0,1784506985.5299468
sub_3efb2692cf4346ff8d4f210e6ed98fd9,2026-07-12T01:19:14Z,2026-07-12T01:19:14Z,0,374,0,1784506983.5668402
sub_fec9f084a93c4e4d991f320eb081d453,2026-07-12T01:21:07Z,2026-07-12T01:21:07Z,0,1000,0,1784506981.956625
sub_c994be08720b4a8a8c298c5464f6c79c,2026-07-12T01:26:26Z,2026-07-12T01:26:26Z,0,367,0,1784506980.06528
sub_3b9dd44e141b4f72927e39b804c3ca78,2026-07-12T01:27:30Z,2026-07-12T01:27:30Z,0,1000,0,1784506978.327949
sub_378bcd35eb8a46408ab52d0274860fe8,2026-07-12T01:33:56Z,2026-07-12T01:33:56Z,0,1000,0,1784506974.557151
sub_01ed9787b8ee43319bb265adec2ab244,2026-07-12T01:35:11Z,2026-07-12T01:35:11Z,0,658,0,1784506972.7774599
sub_346e25f286834ec784465f57e1e49977,2026-07-12T01:40:20Z,2026-07-12T01:40:20Z,0,1000,0,1784506970.489627
sub_8867c83c546b43b9a7836b392ec5c67d,2026-07-12T01:42:37Z,2026-07-12T01:42:37Z,0,381,0,1784506968.093461
sub_523288c39c1e493091451e07eee8ed30,2026-07-12T01:47:24Z,2026-07-12T01:47:24Z,0,1000,0,1784506966.306029
sub_35db166ea18a4ddf85f1a7e0b450969c,2026-07-12T01:49:36Z,2026-07-12T01:49:36Z,0,345,0,1784506962.882994
sub_2113490ac190463c8b367dd2a1d80a4f,2026-07-12T01:53:42Z,2026-07-12T01:53:42Z,0,1000,0,1784506961.4710011
sub_3c00158d41614396a97097443440c29e,2026-07-12T01:59:46Z,2026-07-12T01:59:46Z,0,578,0,1784506959.906236
sub_e9445798d74a47329084d063777b282b,2026-07-12T02:00:02Z,2026-07-12T02:00:02Z,0,1000,0,1784506957.7436109
sub_31cb95e1972b4ed0a077f18713321cf5,2026-07-12T02:06:22Z,2026-07-12T02:06:22Z,0,1000,0,1784506955.166589
sub_b00af04d6a8a475482aabe9f23c2d0e4,2026-07-12T02:07:01Z,2026-07-12T02:07:01Z,0,336,0,1784506950.878549
sub_88999b7b857042108ef4634640c89ac2,2026-07-12T02:12:41Z,2026-07-12T02:12:41Z,0,380,0,1784506948.9766889
sub_e742ac0c47774faa9681a04667f0ff59,2026-07-12T02:12:41Z,2026-07-12T02:12:41Z,0,1000,0,1784506946.98858
sub_27ebe3bd15974bcf958c783faf4b04dd,2026-07-12T02:18:59Z,2026-07-12T02:18:59Z,0,1000,0,1784506945.186073
sub_4315ad4e58384923a0d9c5fe3e664852,2026-07-12T02:23:34Z,2026-07-12T02:23:34Z,0,587,0,1784506943.232264
sub_067d9c16903e4bb899444e1c1b8383f8,2026-07-12T02:25:19Z,2026-07-12T02:25:19Z,0,1000,0,1784506939.5451672
sub_7b20026942a3474ebee48867de55a2ed,2026-07-12T02:30:42Z,2026-07-12T02:30:42Z,0,353,0,1784506937.647792
sub_0d3b5344157c43f88fa9a8829c26654f,2026-07-12T02:31:43Z,2026-07-12T02:31:43Z,0,1000,0,1784506935.895502
sub_1b345c44b62f4d769428f0f89839067e,2026-07-12T02:36:40Z,2026-07-12T02:36:40Z,0,367,0,1784506933.9830568
sub_d989d02264ac4c1d84ee107b676eda7f,2026-07-12T02:38:02Z,2026-07-12T02:38:02Z,0,1000,0,1784506932.314178
sub_75efa1b80fb34acca4c4f6137fe4d194,2026-07-12T02:44:26Z,2026-07-12T02:44:26Z,0,1000,0,1784506928.602038
sub_3d97fb5d9886431eaa699f5131f0997d,2026-07-12T02:46:43Z,2026-07-12T02:46:43Z,0,620,0,1784506926.361782
sub_640eb92226a840fd87e55fc6a08301ac,2026-07-12T02:50:46Z,2026-07-12T02:50:46Z,0,1000,0,1784506924.320137
sub_56e520e416014bb5a66fc15109355d08,2026-07-12T02:53:06Z,2026-07-12T02:53:06Z,0,339,0,1784506922.375962
sub_8c16f56ee2c4407f8163e9e54f0c9a55,2026-07-12T02:57:06Z,2026-07-12T02:57:06Z,0,1000,0,1784506920.635398
sub_99caaee9dd124d04ac41576b1ba9afaa,2026-07-12T02:59:08Z,2026-07-12T02:59:08Z,0,328,0,1784506916.6777768
sub_ec5614bd522643439f912223083e44bc,2026-07-12T03:03:24Z,2026-07-12T03:03:24Z,0,1000,0,1784506914.9656708
sub_50f87041d04d4afaafd83219a3d0b50c,2026-07-12T03:09:34Z,2026-07-12T03:09:34Z,0,613,0,1784506913.055872
sub_783c6a3d91cc43039745619e73377f17,2026-07-12T03:09:46Z,2026-07-12T03:09:46Z,0,1000,0,1784506911.336425
sub_2b17974362404d2c97b348d99058d6b8,2026-07-12T03:16:12Z,2026-07-12T03:16:12Z,0,1000,0,1784506909.081436
sub_f064afbd15644a85ad33a2b926955a8d,2026-07-12T03:19:43Z,2026-07-12T03:19:43Z,0,361,0,1784506905.0963788
sub_41cb8ed03d4649fd8cf1f21762af5b83,2026-07-12T03:22:31Z,2026-07-12T03:22:31Z,0,1000,0,1784506903.184824
sub_ca86df210d2d44fdbdaec999ea7504a3,2026-07-12T03:28:49Z,2026-07-12T03:28:49Z,0,1000,0,1784506901.282076
sub_3e7a1ee2373c45858c8963c0e1a84024,2026-07-12T03:35:09Z,2026-07-12T03:35:09Z,0,1000,0,1784506899.260832
sub_8d246ef538674498bf2499a0c2d22e82,2026-07-12T03:35:50Z,2026-07-12T03:35:50Z,0,761,0,1784506897.2387378
sub_907ce58d214c4df190b367677e460d75,2026-07-12T03:41:36Z,2026-07-12T03:41:36Z,0,1000,0,1784506892.993141
sub_85d0fda79dc0405ea8be78607d699c9a,2026-07-12T03:47:43Z,2026-07-12T03:47:43Z,0,523,0,1784506891.133611
sub_8c39af802c614807ab844dc840903dbe,2026-07-12T03:47:56Z,2026-07-12T03:47:56Z,0,1000,0,1784506889.411017
sub_52123a64551c45ccb976753773119955,2026-07-12T03:54:16Z,2026-07-12T03:54:16Z,0,1000,0,1784506887.6402812
sub_313abaa4a9354b28a805e6dfba222a12,2026-07-12T03:57:53Z,2026-07-12T03:57:53Z,0,541,0,1784506886.221204
sub_65a1b7b7e3ea4bed8a0b16b4b1fa5240,2026-07-12T04:00:36Z,2026-07-12T04:00:36Z,0,1000,0,1784506882.483215
sub_c3d49005b2ac44628e06d595c22071ac,2026-07-12T04:06:56Z,2026-07-12T04:06:56Z,0,1000,0,1784506880.1367009
sub_45d6f63d27574be99304993fb9eea01a,2026-07-12T04:09:41Z,2026-07-12T04:09:41Z,0,508,0,1784506877.0439382
sub_da0b2a2eeccd45b7832c9b0a9f4e64ff,2026-07-12T04:13:15Z,2026-07-12T04:13:15Z,0,1000,0,1784506875.181907
sub_5ac631e04b1b4eae80716061c46f2d64,2026-07-12T04:19:38Z,2026-07-12T04:19:38Z,0,1000,0,1784506872.941678
sub_7dbb533acb9b4ff0927df9b5b2d9652b,2026-07-12T04:25:56Z,2026-07-12T04:25:56Z,0,1000,0,1784506868.762062
sub_35047d379f664d99882a350d2f316d71,2026-07-12T04:27:40Z,2026-07-12T04:27:40Z,0,538,0,1784506866.7340438
sub_0a34f21d87c64f3f9a2fa02968701848,2026-07-12T04:32:25Z,2026-07-12T04:32:25Z,0,1000,0,1784506864.698758
sub_aa35f1cc6d8d4376bb74f90271706ba5,2026-07-12T04:33:57Z,2026-07-12T04:33:57Z,0,1000,0,1784506860.873114
sub_b0d08e4c4dc7468aa9c76f9939764f8f,2026-07-12T04:38:44Z,2026-07-12T04:38:44Z,0,1000,0,1784506858.2193532
sub_1213c1900ff8438eacda01ee9b9cb990,2026-07-12T04:41:55Z,2026-07-12T04:41:55Z,0,1000,0,1784506853.591629
sub_965eca39f93d48809063ecafb3578bc3,2026-07-12T04:45:04Z,2026-07-12T04:45:04Z,0,1000,0,1784506850.964384
sub_555ab5ca864a45e89a0966d660197748,2026-07-12T04:51:26Z,2026-07-12T04:51:26Z,0,1000,0,1784506848.478027
sub_193fe042d2d74982a4d738b8da01e594,2026-07-12T04:53:54Z,2026-07-12T04:53:54Z,0,1000,0,1784506846.419887
sub_0605a1059c5241ed8e1cf4cc414bdbb8,2026-07-12T04:58:43Z,2026-07-12T04:58:43Z,0,1000,0,1784506844.183598
sub_8106dc679ea7465596ba77ed7b626644,2026-07-12T05:00:42Z,2026-07-12T05:00:42Z,0,1000,0,1784506839.7822819
sub_6a1c4731938f4d1384fbe00b477171c7,2026-07-12T05:09:16Z,2026-07-12T05:09:16Z,0,1000,0,1784506837.341743
sub_82df6424cfdc4b2382d6b340e1a8ca6c,2026-07-12T05:15:35Z,2026-07-12T05:15:35Z,0,1000,0,1784506832.213909
sub_c2a7f8c43b374cb4ba4dd47992810602,2026-07-12T05:21:55Z,2026-07-12T05:21:55Z,0,1000,0,1784506829.535469
sub_230b8230d6b840c3a0b711bd8121af9e,2026-07-12T05:30:37Z,2026-07-12T05:30:37Z,0,1000,0,1784506826.582813
sub_88c62806dcab49878e8fec50bbec6be6,2026-07-12T05:32:28Z,2026-07-12T05:32:28Z,0,1000,0,1784506818.091708
sub_6dd52fd22f674977b2e90312adb8e68f,2026-07-12T05:39:55Z,2026-07-12T05:39:55Z,0,1000,0,1784506815.737361
sub_a9dd460c322248179a7771f4d67a97b8,2026-07-12T05:52:37Z,2026-07-12T05:52:37Z,0,1000,0,1784506810.92699
sub_17286e85ad6049ac825b689beb3ede6b,2026-07-12T06:01:16Z,2026-07-12T06:01:16Z,0,1000,0,1784506804.395007
sub_e4265ace9bd545ab97b3dfc80b37d3a0,2026-07-12T06:09:13Z,2026-07-12T06:09:13Z,0,1000,0,1784506799.800382
sub_63482e880fc44d26ba0f394dd6982a5e,2026-07-12T06:22:01Z,2026-07-12T06:22:01Z,0,1000,0,1784506790.424631
sub_1cb5c0472a824a3cab7e194cb089ef3d,2026-07-12T06:22:32Z,2026-07-12T06:22:32Z,0,1000,0,1784506787.255518
sub_bc5ef08343ef4cd0a5d1d6432cc5054e,2026-07-12T06:30:37Z,2026-07-12T06:30:37Z,0,1000,0,1784506784.7885828
sub_89fa259d0e68459b80b757b40c63a909,2026-07-12T06:32:02Z,2026-07-12T06:32:02Z,0,1000,0,1784506782.0363798
sub_2d0cc3cf4fdf46c6b1683ceb8e706958,2026-07-12T06:38:20Z,2026-07-12T06:38:20Z,0,1000,0,1784506779.444902
sub_7f6b0bee933e4bd0b9310089414b474e,2026-07-12T06:51:25Z,2026-07-12T06:51:25Z,0,1000,0,1784506773.1244822
sub_a4662086f1e64483966cf71b67498426,2026-07-12T07:00:56Z,2026-07-12T07:00:56Z,0,1000,0,1784506770.96484
sub_6f01de60d0584ef0b45df933a287b3dd,2026-07-12T07:10:05Z,2026-07-12T07:10:05Z,0,1000,0,1784506768.851351
sub_e2afddf2ded045a4840f68746fd601f4,2026-07-12T07:13:55Z,2026-07-12T07:13:55Z,0,1000,0,1784506766.54227
sub_d71943e1ce024acd8fa2a51df2b759f5,2026-07-12T07:14:29Z,2026-07-12T07:14:29Z,0,1000,0,1784506764.316691
sub_58b9195e44464256b39b356ed4e8ef56,2026-07-12T07:14:58Z,2026-07-12T07:14:58Z,0,1000,0,1784506758.247106
sub_cc9647da26f34baaba2c0d7c257fa135,2026-07-12T07:15:31Z,2026-07-12T07:15:31Z,0,1000,0,1784506756.100205
sub_637c27aa3d8b45e5b1fc8ded42d8433e,2026-07-12T07:16:00Z,2026-07-12T07:16:00Z,0,1000,0,1784506753.885289
sub_6d1d9599521448b2848bc945fe219d31,2026-07-12T07:16:29Z,2026-07-12T07:16:29Z,0,1000,0,1784506751.7435079
sub_71958a2a950847a097fb6db39d5e2a53,2026-07-12T07:17:00Z,2026-07-12T07:17:00Z,0,1000,0,1784506748.9831512
sub_ce85e74a39e0457991c2fb43d5482e02,2026-07-12T07:17:43Z,2026-07-12T07:17:43Z,0,1000,0,1784506743.851329
sub_97c59feae6034c7f91b68e9898a67c5f,2026-07-12T07:18:47Z,2026-07-12T07:18:47Z,0,1000,0,1784506741.880067
sub_25826077320440f2807429f29b51411d,2026-07-12T07:19:16Z,2026-07-12T07:19:16Z,0,1000,0,1784506738.627521
sub_806bce082b1b454bacdea48ff33466d5,2026-07-12T07:21:09Z,2026-07-12T07:21:09Z,0,1000,0,1784506736.325922
sub_877005d8ddb94abaa173d62e2e27c499,2026-07-12T07:21:44Z,2026-07-12T07:21:44Z,0,1000,0,1784506734.018539
sub_0bf34e237a22452b8277c52434bd6311,2026-07-12T07:22:17Z,2026-07-12T07:22:17Z,0,1000,0,1784506728.998513
sub_1af7433be0b641bba6769fe8246c089b,2026-07-12T07:22:40Z,2026-07-12T07:22:40Z,0,1000,0,1784506726.9668539
sub_87a07f9c2ad8449ca8fa4890ae25b20a,2026-07-12T07:22:49Z,2026-07-12T07:22:49Z,0,1000,0,1784506724.72693
sub_b88dbc5d4b474a0390bb33d8c3b7223d,2026-07-12T07:23:16Z,2026-07-12T07:23:16Z,0,1000,0,1784506722.2740428
sub_dabcbd2e5c1141f39241186aa052ce22,2026-07-12T07:23:47Z,2026-07-12T07:23:47Z,0,1000,0,1784506719.912116
sub_bf9fcc1fcbfa490daddc1f6c47fb87ae,2026-07-12T07:24:18Z,2026-07-12T07:24:18Z,0,1000,0,1784506714.654171
sub_443e1fe6b161452cabc93c5498444e04,2026-07-12T07:24:48Z,2026-07-12T07:24:48Z,0,1000,0,1784506712.285286
sub_11bbbf2d60274607906eb421dbba9a66,2026-07-12T07:26:40Z,2026-07-12T07:26:40Z,0,1000,0,1784506708.5246952
sub_2e2e66e2058845c7a45fb0b22887368e,2026-07-12T07:27:09Z,2026-07-12T07:27:09Z,0,1000,0,1784506705.908221
sub_8a20afdb77de4b888f0e84d32087b954,2026-07-12T07:27:44Z,2026-07-12T07:27:44Z,0,1000,0,1784506703.8289878
sub_e4de11649779476e912fb774332c06a0,2026-07-12T07:37:13Z,2026-07-12T07:37:13Z,0,1000,0,1784506698.302782
sub_36e250c9915840a797915eff7950edb1,2026-07-12T07:52:04Z,2026-07-12T07:52:04Z,0,1000,0,1784506695.849685
sub_6da18c86f3c249278d90092bbb2b816b,2026-07-12T08:00:18Z,2026-07-12T08:00:18Z,0,1000,0,1784506693.587328
sub_5226f84f5f37433aa4173180628d572f,2026-07-12T08:13:11Z,2026-07-12T08:13:11Z,0,1000,0,1784506691.469899
sub_8702c0665ccb45d6bc69162ffeb1e37f,2026-07-12T08:20:52Z,2026-07-12T08:20:52Z,0,1000,0,1784506688.9856489
sub_d1c82e834c644b39b228dc31aff0facd,2026-07-12T08:28:55Z,2026-07-12T08:28:55Z,0,1000,0,1784506684.26242
sub_60dce57945ea44cd8ffe5a84db386eb4,2026-07-12T08:41:25Z,2026-07-12T08:41:25Z,0,1000,0,1784506681.806653
sub_7bccf7bf1a194f48aaf1b857b6249a5b,2026-07-12T08:49:06Z,2026-07-12T08:49:06Z,0,1000,0,1784506679.213831
sub_a8a806b0c91c46f59d77471a48484d8a,2026-07-12T08:57:23Z,2026-07-12T08:57:23Z,0,1000,0,1784506677.083051
sub_88b7f927c4b244c0afe812493e2cee7b,2026-07-12T11:05:13Z,2026-07-12T11:05:13Z,0,1000,0,1784506674.963889
sub_e0ca436185b74d4c8f1a8e43a6944436,2026-07-12T14:17:33Z,2026-07-12T14:17:33Z,0,1000,0,1784506668.983233
sub_122c8fad3b9a46858f1ef40b53c8f69b,2026-07-12T14:20:42Z,2026-07-12T14:20:42Z,0,1000,0,1784506666.863968
sub_5cb01c3bba074a13a25ce91a1f51092e,2026-07-12T14:24:41Z,2026-07-12T14:24:41Z,0,1000,0,1784506664.0490282
sub_47d4406373df47acb43b166105cb78d9,2026-07-12T14:31:07Z,2026-07-12T14:31:07Z,0,1000,0,1784506661.5885289
sub_587b0f514bd540b38f6ab146ceb412f1,2026-07-12T14:38:12Z,2026-07-12T14:38:12Z,0,1000,0,1784506658.951551
sub_b85b09e31d8c4c3fa5121138d64d49a7,2026-07-12T14:42:07Z,2026-07-12T14:42:07Z,0,542,0,1784506653.82913
sub_99fee68fdcc34088ad08c0893c8091e9,2026-07-12T14:44:33Z,2026-07-12T14:44:33Z,0,1000,0,1784506652.025631
sub_dafed0db25fd4984bbcb53b9aa17f202,2026-07-12T14:50:57Z,2026-07-12T14:50:57Z,0,1000,0,1784506650.1027572
sub_3b3d34ca3fa348e8b0343dce85e95fbe,2026-07-12T14:56:38Z,2026-07-12T14:56:38Z,0,549,0,1784506648.068536
sub_6d4d39cb9097460fb634f0fabe20953d,2026-07-12T14:56:44Z,2026-07-12T14:56:44Z,0,1000,0,1784506645.330831
sub_4f5526a192884465aaefc4124a6c05fa,2026-07-12T14:57:27Z,2026-07-12T14:57:27Z,0,1000,0,1784506640.807179
sub_626c5b8c5217431a9e8182f8bbff5c45,2026-07-12T14:58:12Z,2026-07-12T14:58:12Z,0,1000,0,1784506638.223326
sub_c70ba2436145498b86828e674177627a,2026-07-12T14:58:12Z,2026-07-12T14:58:12Z,0,1000,0,1784506636.026031
sub_26d9eceb460b454eb4ad5c5f3b5c1ce8,2026-07-12T14:59:29Z,2026-07-12T14:59:29Z,0,544,0,1784506633.365029
sub_8c7c473996164dab812837babd5f66b0,2026-07-12T15:00:14Z,2026-07-12T15:00:14Z,0,1000,0,1784506630.4686232
sub_44327ec13f7e4f61bfb54130edc57803,2026-07-12T15:01:01Z,2026-07-12T15:01:01Z,0,1000,0,1784506625.697026
sub_c1573b446a844f9bb5faab4d25de42dd,2026-07-12T15:01:45Z,2026-07-12T15:01:45Z,0,1000,0,1784506623.60324
sub_0f780394f00b444cab61c8d288e813f1,2026-07-12T15:02:26Z,2026-07-12T15:02:26Z,0,1000,0,1784506621.318152
sub_b9879b2b5ae5457cad62085d43f0b540,2026-07-12T15:03:08Z,2026-07-12T15:03:08Z,0,1000,0,1784506618.759854
sub_8695b4793921486a9d55454ba041ea53,2026-07-12T15:06:05Z,2026-07-12T15:06:05Z,0,1000,0,1784506616.070695
sub_6a2e64c5ec594309a5bbdd3e6251e1bd,2026-07-12T15:07:57Z,2026-07-12T15:07:57Z,0,529,0,1784506608.5699542
sub_daaac2419376422ebefe3c9f6a408c11,2026-07-12T15:16:15Z,2026-07-12T15:16:15Z,0,1000,0,1784506606.251932
sub_96c53305aca84f43975d471b67ba7629,2026-07-12T15:22:34Z,2026-07-12T15:22:34Z,0,1000,0,1784506604.3449311
sub_6536db5bd6dc43ff8414e80ba36e7e6b,2026-07-12T15:24:39Z,2026-07-12T15:24:39Z,0,507,0,1784506602.543576
sub_12c40d9e4fef46f79798a0f445a0250a,2026-07-12T15:28:53Z,2026-07-12T15:28:53Z,0,1000,0,1784506600.877511
sub_c382a9d6e7344c188ddc885cfecca634,2026-07-12T15:35:12Z,2026-07-12T15:35:12Z,0,1000,0,1784506596.6826692
sub_2f57a8614c7c459aa828d8154dddaa54,2026-07-12T15:37:01Z,2026-07-12T15:37:01Z,0,547,0,1784506594.831508
sub_681bf8e9509e454482dbf9b2081e9b36,2026-07-12T15:41:30Z,2026-07-12T15:41:30Z,0,1000,0,1784506592.4740732
sub_12a3013d09d2436aa5b29cfd06a5c9f7,2026-07-12T15:47:49Z,2026-07-12T15:47:49Z,0,1000,0,1784506590.22417
sub_8edb812ccd8a430f8097e0b5224b01d4,2026-07-12T15:50:07Z,2026-07-12T15:50:07Z,0,559,0,1784506588.067038
sub_b5cad12de74241f89b9df24ed027cdba,2026-07-12T15:54:16Z,2026-07-12T15:54:16Z,0,1000,0,1784506583.5241332
sub_f64de10973884f9f9adc72bc751ce4cd,2026-07-12T16:00:38Z,2026-07-12T16:00:38Z,0,1000,0,1784506581.5483038
sub_5fe00eb4703541f0934d34d76249f74f,2026-07-12T16:01:43Z,2026-07-12T16:01:43Z,0,526,0,1784506579.58797
sub_b8da3eac2aef4fe0b74fa44bea4691bd,2026-07-12T16:06:58Z,2026-07-12T16:06:58Z,0,1000,0,1784506577.7325141
sub_f7d374f9620a4f368fbff9bc4af7583a,2026-07-12T16:14:12Z,2026-07-12T16:14:12Z,0,1000,0,1784506575.237134
sub_138838fd3b3a4303b01a4af082d51506,2026-07-12T16:15:39Z,2026-07-12T16:15:39Z,0,541,0,1784506570.422127
sub_9967e33ffe4f425caab46dde635e2638,2026-07-12T16:21:19Z,2026-07-12T16:21:19Z,0,1000,0,1784506568.048434
sub_405c49f76fec4bed9e2c097ab4af871e,2026-07-12T16:27:40Z,2026-07-12T16:27:40Z,0,1000,0,1784506564.887754
sub_10b27949752c42de911a3c0817ce9522,2026-07-12T16:27:46Z,2026-07-12T16:27:46Z,0,532,0,1784506563.2091541
sub_a2ac3528d44f40708ea3c82be229f52d,2026-07-12T16:33:59Z,2026-07-12T16:33:59Z,0,1000,0,1784506561.33319
sub_610d85c3be44488f9006769c132fc1b8,2026-07-12T16:36:02Z,2026-07-12T16:36:02Z,0,300,0,1784506556.8251772
sub_ee37636e546348d9b08f042922937dfe,2026-07-12T16:40:19Z,2026-07-12T16:40:19Z,0,1000,0,1784506555.3872309
sub_cd7bdb64c06e4d48a9ae031d361e8040,2026-07-12T16:42:31Z,2026-07-12T16:42:31Z,0,940,0,1784506553.600281
sub_0e24928ae2394dfda26d090219c65fa4,2026-07-12T16:46:37Z,2026-07-12T16:46:37Z,0,1000,0,1784506551.152299
sub_3ff12e33815d4165b82bea0d68ca25be,2026-07-12T16:52:56Z,2026-07-12T16:52:56Z,0,1000,0,1784506549.111809
sub_afe886d3a0254776b4959577c2ff7219,2026-07-12T16:55:20Z,2026-07-12T16:55:20Z,0,776,0,1784506544.769676
sub_68f51f80521e4512b3b08203d8235b95,2026-07-12T16:59:15Z,2026-07-12T16:59:15Z,0,1000,0,1784506542.7841458
sub_544749ec675e4e9fbfdfa725227aa3e3,2026-07-12T17:05:42Z,2026-07-12T17:05:42Z,0,1000,0,1784506540.990834
sub_78e938b3d43a41caa5464f735b39de1c,2026-07-12T17:05:42Z,2026-07-12T17:05:42Z,0,31,0,1784506539.036393
sub_9f66ef3e82fc4edd96a500e173c6a653,2026-07-12T17:09:44Z,2026-07-12T17:09:44Z,0,558,0,1784506538.204899
sub_a65cc16154634f409dbf77f73453c569,2026-07-12T17:12:48Z,2026-07-12T17:12:48Z,0,1000,0,1784506534.689364
sub_a3f83824c8c440038705462b56d4fb1b,2026-07-12T17:19:11Z,2026-07-12T17:19:11Z,0,1000,0,1784506532.679109
sub_f5293aa338984c98819633e5a6e73233,2026-07-12T17:21:13Z,2026-07-12T17:21:13Z,0,557,0,1784506530.790025
sub_32197117a2f642f7955cfd73750e3bbd,2026-07-12T17:25:30Z,2026-07-12T17:25:30Z,0,1000,0,1784506529.065887
sub_da06a05677ca4d4aacf32cc43fe579eb,2026-07-12T17:32:45Z,2026-07-12T17:32:45Z,0,1000,0,1784506526.8653078
sub_efdebb5bf23b40e8a134353a66a92731,2026-07-12T17:34:19Z,2026-07-12T17:34:19Z,0,561,0,1784506522.360309
sub_eb6e0f3507b9490c84c6211cdf93eccc,2026-07-12T17:39:05Z,2026-07-12T17:39:05Z,0,1000,0,1784506520.6701388
sub_6b2077b82ed647308a530bc2073945fc,2026-07-12T17:45:32Z,2026-07-12T17:45:32Z,0,1000,0,1784506518.6990001
sub_96995b02585c43b7a9e880935fd30981,2026-07-12T17:45:32Z,2026-07-12T17:45:32Z,0,531,0,1784506516.431843
sub_3739fe2a2e8945e5ae427366da367829,2026-07-12T17:51:50Z,2026-07-12T17:51:50Z,0,1000,0,1784506514.619194
sub_f37443955c064555a1b8f1b00abd34ee,2026-07-12T17:58:12Z,2026-07-12T17:58:12Z,0,1000,0,1784506510.1909518
sub_e9efe5cfab9549dab47662c8a3a19018,2026-07-12T18:01:10Z,2026-07-12T18:01:10Z,0,541,0,1784506508.141571
sub_69273b9194cf4bf69dfbe4f4a77aad5d,2026-07-12T18:04:34Z,2026-07-12T18:04:34Z,0,1000,0,1784506505.6395352
sub_8e7a8cbe181d4604a555906524ed34ec,2026-07-12T18:11:01Z,2026-07-12T18:11:01Z,0,1000,0,1784506502.72683
sub_542ee03f07ed4c29852bab92edd08695,2026-07-12T18:13:48Z,2026-07-12T18:13:48Z,0,532,0,1784506500.2690282
sub_28117d496d5a4f2bb429b2fa8084ffa7,2026-07-12T18:17:29Z,2026-07-12T18:17:29Z,0,1000,0,1784506496.451106
sub_cf7be942aaf84e34be62de825b731f85,2026-07-12T18:23:50Z,2026-07-12T18:23:50Z,0,1000,0,1784506494.563668
sub_f912df5da8864f72b18637c0e89eb232,2026-07-12T18:28:23Z,2026-07-12T18:28:23Z,0,576,0,1784506492.8042
sub_cf6c235a458f45528b32b10af497e609,2026-07-12T18:30:12Z,2026-07-12T18:30:12Z,0,1000,0,1784506490.893106
sub_4bdbbef858ac440692a3631c16c90f49,2026-07-12T18:36:34Z,2026-07-12T18:36:34Z,0,1000,0,1784506489.048745
sub_f29c95aaac6844348f53946413e06c32,2026-07-12T18:41:25Z,2026-07-12T18:41:25Z,0,513,0,1784506483.3444228
sub_4baa3b55e6c74b77b5b4b01b93a0f2f4,2026-07-12T18:42:55Z,2026-07-12T18:42:55Z,0,1000,0,1784506481.639349
sub_32b6e166630a4d8e928b1a9338c3714f,2026-07-12T18:49:16Z,2026-07-12T18:49:16Z,0,1000,0,1784506479.4131908
sub_74e614f1f7184b95ba5eddd62126deca,2026-07-12T18:55:08Z,2026-07-12T18:55:08Z,0,511,0,1784506477.446811
sub_90a04a03df294e9299b8ffebbfc3834f,2026-07-12T18:56:24Z,2026-07-12T18:56:24Z,0,1000,0,1784506474.643625
sub_61ac577583504707abc0a7f2547146e4,2026-07-12T19:03:45Z,2026-07-12T19:03:45Z,0,1000,0,1784506469.866915
sub_46e615621b5c475a8fe80412b56c49df,2026-07-12T19:07:04Z,2026-07-12T19:07:04Z,0,565,0,1784506467.886496
sub_8933555280ec414d8ac1bcbe175e2b1a,2026-07-12T19:10:53Z,2026-07-12T19:10:53Z,0,1000,0,1784506465.3809438
sub_232866b66f9e44bba84d5558584f7beb,2026-07-12T19:18:09Z,2026-07-12T19:18:09Z,0,1000,0,1784506463.1482408
sub_bc1ac33ef6f34f4385ebaf4f2f2617bf,2026-07-12T19:21:24Z,2026-07-12T19:21:24Z,0,515,0,1784506461.2027268
sub_b10a97345eb542f288d5143fc7ef9f11,2026-07-12T19:25:23Z,2026-07-12T19:25:23Z,0,1000,0,1784506457.344202
sub_d05d60a78fc3458c8ffa944a70342192,2026-07-12T19:31:42Z,2026-07-12T19:31:42Z,0,1000,0,1784506455.390294
sub_11a1c168a00d4f17b189592336e27257,2026-07-12T19:33:27Z,2026-07-12T19:33:27Z,0,522,0,1784506453.34545
sub_e5117caf121d481fae35e813dd0471da,2026-07-12T19:38:54Z,2026-07-12T19:38:54Z,0,1000,0,1784506451.610708
sub_753824bce71c4cc0b9006d38765d7983,2026-07-12T19:46:00Z,2026-07-12T19:46:00Z,0,1000,0,1784506449.521207
sub_3092c4c128ab4f25b5a5f474e92bc440,2026-07-12T19:48:01Z,2026-07-12T19:48:01Z,0,558,0,1784506445.185343
sub_4a709f9c2db24a33a59d81ece7333ecd,2026-07-12T19:53:06Z,2026-07-12T19:53:06Z,0,1000,0,1784506443.545591
sub_84bc026ae8de4278b246d3a68b71bc37,2026-07-12T20:00:16Z,2026-07-12T20:00:16Z,0,1000,0,1784506441.402482
sub_d1c828d4538446dd984b25b855795749,2026-07-12T20:01:51Z,2026-07-12T20:01:51Z,0,526,0,1784506439.430816
sub_16acb6813f6e4baf8fe285d06548613d,2026-07-12T20:07:26Z,2026-07-12T20:07:26Z,0,1000,0,1784506437.522801
sub_5861248ea8f7434aa6c65c7924fd0d51,2026-07-12T20:16:05Z,2026-07-12T20:16:05Z,0,1000,0,1784506431.932364
sub_b90963f7998641b3a47ea6d7cf245cca,2026-07-12T20:18:01Z,2026-07-12T20:18:01Z,0,515,0,1784506429.89201
sub_71d0754311b3425eaaa86de53b70aedb,2026-07-12T20:23:14Z,2026-07-12T20:23:14Z,0,1000,0,1784506428.145793
sub_70de52f3b00d40a5ac7cc3e028ec5e6e,2026-07-12T20:30:20Z,2026-07-12T20:30:20Z,0,1000,0,1784506426.215692
sub_659cf011169041768d1cbde5915dd7d8,2026-07-12T20:31:39Z,2026-07-12T20:31:39Z,0,523,0,1784506423.212977
sub_6452b4245c0e4cec8cdcf8f556b6a826,2026-07-12T20:36:44Z,2026-07-12T20:36:44Z,0,1000,0,1784506418.268072
sub_8402e2cb861b4a349530ba5389e13c6a,2026-07-12T20:43:09Z,2026-07-12T20:43:09Z,0,1000,0,1784506416.051806
sub_9d2a931e9f724e5ba5d38eb562b464e4,2026-07-12T20:46:09Z,2026-07-12T20:46:09Z,0,563,0,1784506414.147091
sub_dad1f1a3af174fdb9f7679e809c23bd4,2026-07-12T20:52:59Z,2026-07-12T20:52:59Z,0,1000,0,1784506411.613972
sub_43fd1172534240e3b2d4aec68ac3aa0a,2026-07-12T20:59:18Z,2026-07-12T20:59:18Z,0,1000,0,1784506409.422706
sub_eb823ab24c5245de8d119aaa5ca8bb43,2026-07-12T20:59:50Z,2026-07-12T20:59:50Z,0,515,0,1784506404.841862
sub_42b6da50db5f4bab9d00698ab61ed783,2026-07-12T21:06:26Z,2026-07-12T21:06:26Z,0,1000,0,1784506402.643979
sub_2565d7ebf776463db79443c1df170f26,2026-07-12T21:12:49Z,2026-07-12T21:12:49Z,0,1000,0,1784506398.8231711
sub_4b0932ad29b241418831d65d46ec1f63,2026-07-12T21:13:57Z,2026-07-12T21:13:57Z,0,524,0,1784506396.6258829
sub_3d9fee87bc0f47c7842bb82ed17cdc79,2026-07-12T21:19:08Z,2026-07-12T21:19:08Z,0,1000,0,1784506394.3703701
sub_db6a11548db34339a3e26004ae226e96,2026-07-12T21:26:14Z,2026-07-12T21:26:14Z,0,1000,0,1784506388.9484239
sub_c0dd0c5fc5864a919438cd1e427319a9,2026-07-12T21:27:46Z,2026-07-12T21:27:46Z,0,540,0,1784506386.740899
sub_57874baba1df4bffbccb5ad044048d9e,2026-07-12T21:34:21Z,2026-07-12T21:34:21Z,0,1000,0,1784506384.964736
sub_22a8d83253d44537b8e87b4dbed75038,2026-07-12T21:40:43Z,2026-07-12T21:40:43Z,0,1000,0,1784506382.8935559
sub_6c719af5bed34ae3a6f800c9b212821c,2026-07-12T21:43:09Z,2026-07-12T21:43:09Z,0,531,0,1784506380.217196
sub_a363b1ef9aed42e39fe7e4ad5f71eab3,2026-07-12T21:47:54Z,2026-07-12T21:47:54Z,0,1000,0,1784506375.121017
sub_1f6a221dee894e6082d8a6e5c4646dd5,2026-07-12T21:56:12Z,2026-07-12T21:56:12Z,0,489,0,1784506373.120695
sub_aec90b7243b548d985933749af62b4f4,2026-07-12T22:12:11Z,2026-07-12T22:12:11Z,0,532,0,1784506371.485386
sub_f56a9bbaf5924f0598739bd21e4f57a7,2026-07-12T22:25:51Z,2026-07-12T22:25:51Z,0,566,0,1784506369.765971
sub_cef55f354e9648f9b2eb46848db035a2,2026-07-12T22:41:08Z,2026-07-12T22:41:08Z,0,553,0,1784506366.803145
sub_025125d88782417f90325c6f1badc01c,2026-07-13T00:25:00Z,2026-07-13T00:25:00Z,0,1000,0,1784506362.7129831
sub_7349b9b49f494d2fade769c78d51cbac,2026-07-13T00:56:00Z,2026-07-13T00:56:00Z,0,1000,0,1784506360.099187
sub_057cdda46b3a46eeb2c1cad935cbda7d,2026-07-13T01:32:19Z,2026-07-13T01:32:19Z,0,1000,0,1784506357.794088
sub_c1a2b1c4dc7d4930a3f54dbfb2fc8d86,2026-07-13T02:08:33Z,2026-07-13T02:08:33Z,0,1000,0,1784506355.367191
sub_ac75bc38aacc4664b6d3cdeb5fc4203b,2026-07-13T02:45:45Z,2026-07-13T02:45:45Z,0,1000,0,1784506352.607497
sub_b6eaa8d00e1a454da8f8d0cb3ebdf43a,2026-07-13T03:22:04Z,2026-07-13T03:22:04Z,0,1000,0,1784506346.402587
sub_47c688b8b94f47d9b0195e349135561b,2026-07-13T03:58:22Z,2026-07-13T03:58:22Z,0,1000,0,1784506344.410971
sub_94d21fd9310046a7b9a4bfbe634100e5,2026-07-13T04:34:49Z,2026-07-13T04:34:49Z,0,1000,0,1784506341.381057
sub_06b5bac4742f471ea476d71b73f0a513,2026-07-13T05:11:24Z,2026-07-13T05:11:24Z,0,1000,0,1784506338.851039
sub_9930392f72c841e587e1d7a791f49a9f,2026-07-13T12:08:07Z,2026-07-13T12:08:07Z,0,1000,0,1784506336.4889631
sub_48311143456945089951ec9e8de08766,2026-07-13T13:37:20Z,2026-07-13T13:37:20Z,0,1000,0,1784506329.682157
sub_ba68f804252b44799beda2e5328a2c7b,2026-07-13T15:25:52Z,2026-07-13T15:25:52Z,0,1000,0,1784506327.71205
sub_9bc670a617d840c5ae23c291136c7f91,2026-07-13T15:56:58Z,2026-07-13T15:56:58Z,0,1000,0,1784506325.49737
sub_499a715444c4412297ebdfbde004fc79,2026-07-13T16:03:24Z,2026-07-13T16:03:24Z,0,1000,0,1784506323.375886
sub_559b2486c47f406d91f4ee555f79045b,2026-07-13T16:09:44Z,2026-07-13T16:09:44Z,0,1000,0,1784506320.652745
sub_431c14188b74462188f6dd5051b99668,2026-07-13T16:16:09Z,2026-07-13T16:16:09Z,0,1000,0,1784506315.5525582
sub_606ddbcb9b0e4b938c42675d4217eb95,2026-07-13T16:22:35Z,2026-07-13T16:22:35Z,0,1000,0,1784506313.404004
sub_9ed5b384b58f401692c18343119f094e,2026-07-13T16:30:17Z,2026-07-13T16:30:17Z,0,1000,0,1784506311.464025
sub_41f240a0a0024263917a8a2dc1e0e2a5,2026-07-13T16:37:42Z,2026-07-13T16:37:42Z,0,1000,0,1784506308.5483541
sub_484822a3dd4e4234aad72c2c80c1f7c3,2026-07-13T16:44:01Z,2026-07-13T16:44:01Z,0,1000,0,1784506306.52234
sub_17a92597db6d47e1a62848d5f9320502,2026-07-13T16:50:21Z,2026-07-13T16:50:21Z,0,1000,0,1784506302.147441
sub_3ead4984c5ca4651896bf02fb669e286,2026-07-13T16:56:43Z,2026-07-13T16:56:43Z,0,1000,0,1784506300.207772
sub_11d9f9b15db14d00ac8e385cd2f5f333,2026-07-13T17:03:05Z,2026-07-13T17:03:05Z,0,1000,0,1784506298.1946838
sub_61dbe9cff2e141c9b41b3accd70abe63,2026-07-13T17:09:24Z,2026-07-13T17:09:24Z,0,1000,0,1784506296.386878
sub_6178b99a8baa4cf4a697a531cff858ec,2026-07-13T17:15:43Z,2026-07-13T17:15:43Z,0,1000,0,1784506294.1420858
sub_4c87e78054ee49b5ac7a9d87df569f33,2026-07-13T17:22:11Z,2026-07-13T17:22:11Z,0,1000,0,1784506289.703914
sub_66d955d75d7942ae963fe3b893d8fec5,2026-07-13T17:28:33Z,2026-07-13T17:28:33Z,0,1000,0,1784506287.788743
sub_1fc1494a138a46ad8fd27947715b97b4,2026-07-13T17:35:51Z,2026-07-13T17:35:51Z,0,1000,0,1784506285.821627
sub_361f6d38ce4041c4b30a3ded3a33710b,2026-07-13T17:42:16Z,2026-07-13T17:42:16Z,0,1000,0,1784506283.891422
sub_7d297d78d5094233b21e52830c492d94,2026-07-13T17:48:39Z,2026-07-13T17:48:39Z,0,1000,0,1784506281.966308
sub_1310ae7fc00b4dd68689d4ca14013f02,2026-07-13T17:55:05Z,2026-07-13T17:55:05Z,0,1000,0,1784506277.159743
sub_f238921d12654b5bad63998f7803f076,2026-07-13T18:01:25Z,2026-07-13T18:01:25Z,0,1000,0,1784506275.283183
sub_ca0758085db44f5681dd331aaeb668ce,2026-07-13T18:07:45Z,2026-07-13T18:07:45Z,0,1000,0,1784506273.3005729
sub_5a3c35323c9248daa842f66210b81429,2026-07-13T18:14:55Z,2026-07-13T18:14:55Z,0,1000,0,1784506271.379961
sub_0f9a4e1237d740c7aa0049726ef84cfe,2026-07-13T18:21:15Z,2026-07-13T18:21:15Z,0,1000,0,1784506269.2071629
sub_57f6a94e1b224419865d33222ef251e7,2026-07-13T18:27:34Z,2026-07-13T18:27:34Z,0,1000,0,1784506264.161812
sub_0cf882c37bdd4ba183652da930b058fa,2026-07-13T18:33:53Z,2026-07-13T18:33:53Z,0,1000,0,1784506262.1867251
sub_a928cd8326634be48a7f7ec50066a533,2026-07-13T18:40:12Z,2026-07-13T18:40:12Z,0,1000,0,1784506260.209614
sub_8ce9a7e97d5e4a289bb6c313d9d8e3d2,2026-07-13T18:46:32Z,2026-07-13T18:46:32Z,0,1000,0,1784506258.250828
sub_a277a966e2a446a18e33753ca3882f5d,2026-07-13T18:52:53Z,2026-07-13T18:52:53Z,0,1000,0,1784506256.331608
sub_ee1be373b64947a7bc8d67614af620ca,2026-07-13T18:59:12Z,2026-07-13T18:59:12Z,0,1000,0,1784506251.5817301
sub_281edf078acd4882a5bbf2cfd2ea30b1,2026-07-13T19:05:32Z,2026-07-13T19:05:32Z,0,1000,0,1784506249.698515
sub_84695c44113a40d885109ad1d483aaef,2026-07-13T19:11:52Z,2026-07-13T19:11:52Z,0,1000,0,1784506247.743867
sub_ef53f5c63451478c9df4fe202684b0a8,2026-07-13T19:18:13Z,2026-07-13T19:18:13Z,0,1000,0,1784506245.543252
sub_0d6aef3a26004b99a014523d90f0e5bb,2026-07-13T19:24:39Z,2026-07-13T19:24:39Z,0,1000,0,1784506243.523129
sub_39530923285b4b16842395ac27360242,2026-07-13T19:31:03Z,2026-07-13T19:31:03Z,0,1000,0,1784506238.949634
sub_417a32b2d8744c4f84d32ec781fb0edd,2026-07-13T19:37:23Z,2026-07-13T19:37:23Z,0,1000,0,1784506236.941539
sub_2e07e085fc3446f6b3413153e5355e50,2026-07-13T19:43:44Z,2026-07-13T19:43:44Z,0,1000,0,1784506234.648365
sub_6fa79d3b542f4a529ed52cb28913ffad,2026-07-13T19:50:04Z,2026-07-13T19:50:04Z,0,1000,0,1784506232.5568268
sub_dfa4723d555e4d90b02932d877cad1c1,2026-07-13T19:56:26Z,2026-07-13T19:56:26Z,0,1000,0,1784506230.227917
sub_d25b99813be347fb8876b547e2fe5e15,2026-07-13T20:02:52Z,2026-07-13T20:02:52Z,0,1000,0,1784506225.1240141
sub_351833e6fe894220803f719fea7c64c7,2026-07-13T20:09:11Z,2026-07-13T20:09:11Z,0,1000,0,1784506223.142236
sub_7300c6f235664246b558220a84cc47d2,2026-07-13T20:16:32Z,2026-07-13T20:16:32Z,0,1000,0,1784506221.237833
sub_6069faccb6284ff7a35909db38ddce9c,2026-07-13T20:26:45Z,2026-07-13T20:26:45Z,0,1000,0,1784506219.03115
sub_48651df601234be5b3759250b66ceead,2026-07-13T20:35:26Z,2026-07-13T20:35:26Z,0,1000,0,1784506217.0173461
sub_25dae3c1f86f4e53b36cad51c2b1d789,2026-07-13T20:44:14Z,2026-07-13T20:44:14Z,0,1000,0,1784506212.110587
sub_9ec8c86617af4104b6c8cf2189a3f10f,2026-07-13T20:53:14Z,2026-07-13T20:53:14Z,0,1000,0,1784506210.022225
sub_1dfe4918f7e348e58fb363e6824461a3,2026-07-13T21:00:22Z,2026-07-13T21:00:22Z,0,1000,0,1784506208.0889769
sub_c46a82b5ba4241c1a65f515a1f31733d,2026-07-13T21:06:41Z,2026-07-13T21:06:41Z,0,1000,0,1784506206.1283042
sub_51aa020a2fac4000ba4c36e84cf84382,2026-07-13T21:13:02Z,2026-07-13T21:13:02Z,0,1000,0,1784506203.940555
sub_96dc39a638aa417dbd80e7deb5394b21,2026-07-13T21:19:21Z,2026-07-13T21:19:21Z,0,1000,0,1784506199.4478898
sub_4842b7931cfb49c29bcf384e29d5df16,2026-07-13T21:25:43Z,2026-07-13T21:25:43Z,0,1000,0,1784506197.256299
sub_b6e2bb626d084a07a879ddc2d51a1531,2026-07-13T21:35:18Z,2026-07-13T21:35:18Z,0,1000,0,1784506195.00106
sub_f42b05ff2aa441adb607ef4cc1baeb9a,2026-07-13T21:44:02Z,2026-07-13T21:44:02Z,0,1000,0,1784506193.044492
sub_30dc883c262e4c54ab5ffc780d1717b5,2026-07-13T21:53:49Z,2026-07-13T21:53:49Z,0,1000,0,1784506191.49101
sub_a42531a1f82c4a7296fe7fb31552895a,2026-07-13T22:21:49Z,2026-07-13T22:21:49Z,0,1000,0,1784506186.904628
sub_007084f306204b8da9feb5209c3b41c8,2026-07-13T22:58:30Z,2026-07-13T22:58:30Z,0,1000,0,1784506185.0208142
sub_3e3f11f3531b46e98c70dfea082d424a,2026-07-13T23:36:17Z,2026-07-13T23:36:17Z,0,1000,0,1784506183.0901551
sub_4aacf0d7d3d7452ba4aafe8920365cbe,2026-07-13T23:43:14Z,2026-07-13T23:43:14Z,0,1,0,1784506180.605407
sub_8a386dedbb0f499fbdd8523a3d04cc7e,2026-07-14T00:15:34Z,2026-07-14T00:15:34Z,0,1000,0,1784506179.040004
sub_b424bd797bde492c89ee1d3ba0ed57eb,2026-07-14T05:02:32Z,2026-07-14T05:02:32Z,0,5,0,1784506174.2665641
sub_4a70cae4d4564df6813eb814b0f18898,2026-07-14T05:03:19Z,2026-07-14T05:03:19Z,0,5,0,1784506173.263436
sub_bf8f25cd9ba347eda418749a8109b552,2026-07-14T05:30:06Z,2026-07-14T05:30:06Z,0,1,0,1784506172.453057
sub_a9979eaaf99a4d1cb9147b69d8c3a14c,2026-07-14T06:16:38Z,2026-07-14T06:16:38Z,0,3,0,1784506171.122019
sub_1f6e60d4a15c441c838934f9338f29d9,2026-07-14T09:38:35Z,2026-07-14T09:38:35Z,0,1,0,1784506169.89309
sub_437674a4d1394d9a817bd0c0f7159821,2026-07-14T09:45:28Z,2026-07-14T09:45:28Z,0,12,0,1784506167.838994
sub_f95004c4291648baad0bf5a0f4ba0aad,2026-07-14T09:55:11Z,2026-07-14T09:55:11Z,0,33,0,1784506167.1630578
sub_72a449bdfccb459db51342d7ec93cb85,2026-07-14T18:40:35Z,2026-07-14T18:40:35Z,0,25,0,1784506166.444674
sub_29d7d4882e464d7f84bf4c1f95a035f3,2026-07-14T22:28:42Z,2026-07-14T22:28:42Z,0,25,0,1784506165.769084
sub_dc7d1f69659742e2a02abb964b2987fd,2026-07-15T02:41:25Z,2026-07-15T02:41:25Z,0,217,0,1784506165.027927
sub_e81b35ac934e4d2fb9ab40168a3635fd,2026-07-15T05:08:16Z,2026-07-15T05:08:16Z,0,280,0,1784506163.060655
sub_43f61dfb464e4f41829f5c417a1a3df5,2026-07-15T16:07:12Z,2026-07-15T16:07:12Z,0,1000,0,1784506161.434558
sub_522f0c41f7aa4501a77241ae70bde550,2026-07-15T16:51:41Z,2026-07-15T16:51:41Z,0,1,0,1784506159.243358
sub_c2907cfb910942d9a04d1b17f0c5418a,2026-07-15T17:37:24Z,2026-07-15T17:37:24Z,0,1,0,1784506158.2493289
sub_b34d3ffa621c4200a0d1c7e0e690291d,2026-07-15T18:48:05Z,2026-07-15T18:48:05Z,0,83,0,1784506157.184553
sub_79d0a29487f3455eb3e414990d8247f6,2026-07-15T19:05:12Z,2026-07-15T19:05:12Z,0,1,0,1784506155.147326
sub_ed753f5286004e2db28643c5c3e9b31a,2026-07-15T19:23:21Z,2026-07-15T19:23:21Z,0,326,0,1784506154.1737878
sub_6eb82d7082b042898791a6e43ca26542,2026-07-15T19:34:14Z,2026-07-15T19:34:14Z,0,4,0,1784506153.145053
sub_12f55b3adb4a4422a0688ae7e840abfa,2026-07-15T19:42:11Z,2026-07-15T19:42:11Z,0,10,0,1784506152.4429948
sub_b87fcc5b64424fa7a7a7522b05e121cd,2026-07-15T19:59:17Z,2026-07-15T19:59:17Z,0,4,0,1784506151.665704
sub_4f00d9e306304bfda771c19403ae1a77,2026-07-15T20:03:09Z,2026-07-15T20:03:09Z,0,8,0,1784506150.0225558
sub_6a7de7782f004a8ea7834d246a678de4,2026-07-15T20:11:34Z,2026-07-15T20:11:34Z,0,48,0,1784506149.337676
sub_55df756bd28e4ebe92fcdf8904721a3c,2026-07-15T20:15:59Z,2026-07-15T20:15:59Z,0,6,0,1784506148.389027
sub_52e20e168ad64c17889726ead7848675,2026-07-15T20:33:48Z,2026-07-15T20:33:48Z,0,14,0,1784506147.224467
sub_b97d316041334d9fa21535acbae1482d,2026-07-15T20:50:26Z,2026-07-15T20:50:26Z,0,1000,0,1784506146.419635
sub_620e72fac2904c23bdaf573ca6273240,2026-07-15T20:55:08Z,2026-07-15T20:55:08Z,0,334,0,1784506143.350581
sub_18c71fbeed904e6497ad9bd2fdd9ec0c,2026-07-15T21:30:37Z,2026-07-15T21:30:37Z,0,12,0,1784506142.274585
sub_8d8ec054f1884d5590a0070e7db274c4,2026-07-15T21:36:07Z,2026-07-15T21:36:07Z,0,9,0,1784506141.59901
sub_60ebcccea7004efea1c78c5d47af3168,2026-07-15T21:43:47Z,2026-07-15T21:43:47Z,0,584,0,1784506140.849887
sub_7e16b4e2e6a840aabac895783e4bbb56,2026-07-15T22:00:50Z,2026-07-15T22:00:50Z,0,13,0,1784506139.541499
sub_cdd7127659984d18b6057d66dd0551f0,2026-07-15T22:28:31Z,2026-07-15T22:28:31Z,0,12,0,1784506137.841186
sub_e22138d35a614728a1bc63d7fe779122,2026-07-15T22:42:21Z,2026-07-15T22:42:21Z,0,57,0,1784506136.6131468
sub_998d6511f4e14a15a5de5956366d314e,2026-07-15T22:53:23Z,2026-07-15T22:53:23Z,0,108,0,1784506135.6037471
sub_613710dd68c34361bd742c9f3adcbc14,2026-07-15T23:02:35Z,2026-07-15T23:02:35Z,0,161,0,1784506134.459563
sub_1da79e6b7050490fa02a20dc368316e5,2026-07-15T23:08:41Z,2026-07-15T23:08:41Z,0,174,0,1784506133.474415
sub_5abf0ad757b74fadb0aba524486952dd,2026-07-16T03:17:37Z,2026-07-16T03:17:37Z,0,10,0,1784506131.6542878
sub_796cd673c2f14658914946ab77277c54,2026-07-16T04:12:30Z,2026-07-16T04:12:30Z,0,71,0,1784506130.776344
sub_e2d2692d49c34e41a3fcaaeff751a2e4,2026-07-16T04:38:23Z,2026-07-16T04:38:23Z,0,18,0,1784506129.920084
sub_89dfb69c9bd34875a40faa2d828cde4c,2026-07-16T04:56:17Z,2026-07-16T04:56:17Z,0,21,0,1784506129.036777
sub_13afdd467eea4e6089b5eb7439d5b562,2026-07-16T05:12:35Z,2026-07-16T05:12:35Z,0,6,0,1784506128.0531101
sub_41bc88f6b7ca4b838276f89ee10c4fb1,2026-07-16T05:23:04Z,2026-07-16T05:23:04Z,0,5,0,1784506126.680136
sub_a8f997effbf04aa7bce74063669e30b4,2026-07-16T05:45:16Z,2026-07-16T05:45:16Z,0,29,0,1784506125.553687
sub_1379404e8d2440ac9b1c4dae0172c7a7,2026-07-16T13:58:31Z,2026-07-16T13:58:31Z,0,21,0,1784506124.430062
sub_ba06d46f05e842a2b6d59817b7ac5863,2026-07-16T14:03:36Z,2026-07-16T14:03:36Z,0,279,0,1784506123.6779032
sub_c33869e7c8d4470883b4e369d4082520,2026-07-16T14:10:09Z,2026-07-16T14:10:09Z,0,318,0,1784506122.11494
sub_8cf5dce574234d22bb8233c8c7cae498,2026-07-16T14:19:26Z,2026-07-16T14:19:26Z,0,52,0,1784506119.874015
sub_cd1a1f9a921a4bd797635d413500fb33,2026-07-16T14:46:22Z,2026-07-16T14:46:22Z,0,33,0,1784506118.7968981
sub_41085694dc9b44f591f51595c05e04c8,2026-07-16T15:26:08Z,2026-07-16T15:26:08Z,0,319,0,1784506118.071468
sub_1c6858deb3894546bfa9b8ea63fd0457,2026-07-16T15:31:22Z,2026-07-16T15:31:22Z,0,68,0,1784506116.802907
sub_33f57b6b5e7e4a2f8ef67eb3bcfe7aa1,2026-07-16T15:42:09Z,2026-07-16T15:42:09Z,0,20,0,1784506115.754174
sub_cfdc3d2206ff47648c5d97625f2886d7,2026-07-16T15:49:49Z,2026-07-16T15:49:49Z,0,269,0,1784506113.006718
sub_f1483cedbf0a40bcbdab4cccf99c2b31,2026-07-16T16:07:51Z,2026-07-16T16:07:51Z,0,1000,0,1784506111.6049302
sub_1fb24c20bd5146e283674691d416611f,2026-07-16T16:11:34Z,2026-07-16T16:11:34Z,0,92,0,1784506107.717016
sub_6c52d7c085d44175b79893490450a521,2026-07-16T16:18:44Z,2026-07-16T16:18:44Z,0,32,0,1784506106.6135302
sub_0eac8c2c271b4babb633b3229980205e,2026-07-16T16:27:39Z,2026-07-16T16:27:39Z,0,24,0,1784506105.927916
sub_007657043ae44d7baf6258f61a24c129,2026-07-16T16:32:51Z,2026-07-16T16:32:51Z,0,75,0,1784506103.9475992
sub_ddcb6e93a8674b258d310a96b20b28a5,2026-07-16T16:38:06Z,2026-07-16T16:38:06Z,0,20,0,1784506102.964587
sub_7eac2d71180541a3aa2e0a9e68cffd8e,2026-07-16T16:42:01Z,2026-07-16T16:42:01Z,0,97,0,1784506102.105493
sub_ce6cc49ade964e15a5389bdf9ddcf674,2026-07-16T16:47:24Z,2026-07-16T16:47:24Z,0,174,0,1784506101.082059
sub_fe0153873fba46c9b219e11f6e9f7b67,2026-07-16T16:56:32Z,2026-07-16T16:56:32Z,0,5,0,1784506099.748661
sub_b14b87d683024a7bb8a649fe01579ccb,2026-07-16T17:08:53Z,2026-07-16T17:08:53Z,0,1,0,1784506098.1889439
sub_e1dd041b10a64d91a607efd5a90834b7,2026-07-16T17:25:29Z,2026-07-16T17:25:29Z,0,45,0,1784506096.3502421
sub_e74741c0b79449f38373d14baa31f7c9,2026-07-16T17:33:48Z,2026-07-16T17:33:48Z,0,170,0,1784506095.60271
sub_14d0a04a36ca46e3b3b5b4a8522e6d98,2026-07-16T17:38:01Z,2026-07-16T17:38:01Z,0,26,0,1784506094.445786
sub_fb88979d83fa4041adbb237902b03c3a,2026-07-16T17:50:05Z,2026-07-16T17:50:05Z,0,43,0,1784506093.745226
sub_9ce6159b781a4553bc2be903ed066d6b,2026-07-16T18:08:08Z,2026-07-16T18:08:08Z,0,58,0,1784506092.5605729
sub_acb918257da44cada3dc28727e9d6080,2026-07-16T18:15:54Z,2026-07-16T18:15:54Z,0,142,0,1784506091.8614469
sub_7d33b0f54e8044149378bd9fd523d54c,2026-07-16T18:20:38Z,2026-07-16T18:20:38Z,0,411,0,1784506091.026284
sub_14d638ce916543a687021d6a4989bcff,2026-07-16T18:26:24Z,2026-07-16T18:26:24Z,0,43,0,1784506089.235358
sub_800b0c38a0a041969408ba4e15af26d9,2026-07-16T18:28:23Z,2026-07-16T18:28:23Z,0,7,0,1784506088.505673
sub_c1f505fced634fbfbd1d6146038fe064,2026-07-16T18:34:20Z,2026-07-16T18:34:20Z,0,51,0,1784506086.685606
sub_94a2fc8685114e8b88f2476541fb6f2c,2026-07-16T18:36:03Z,2026-07-16T18:36:03Z,0,3,0,1784506085.7200398
sub_aac6f9ff619a42f09837847ff01248a4,2026-07-16T18:37:10Z,2026-07-16T18:37:10Z,0,1000,0,1784506084.526037
sub_b17c848db13e47e99ff50cd9b7a9162e,2026-07-16T18:42:15Z,2026-07-16T18:42:15Z,0,306,0,1784506082.2282822
sub_71aad23c2f8c4a889b20c7df632f920a,2026-07-16T18:45:29Z,2026-07-16T18:45:29Z,0,46,0,1784506080.921199
sub_920cea9d0121441e94bacd8a7f33e024,2026-07-16T18:48:43Z,2026-07-16T18:48:43Z,0,29,0,1784506078.347043
sub_a6ecb336feb44d28a5e1c0f73f87ca5d,2026-07-16T18:52:58Z,2026-07-16T18:52:58Z,0,28,0,1784506077.329526
sub_02bc2b6fe3e64d1387a6a06a2c8558ba,2026-07-16T19:14:25Z,2026-07-16T19:14:25Z,0,15,0,1784506076.094402
sub_66f63dc7fcb14f0dba3054e18ebad4d7,2026-07-16T19:32:12Z,2026-07-16T19:32:12Z,0,4,0,1784506075.151392
sub_7b2ec932802948b8b7f49260530bde9f,2026-07-16T19:35:07Z,2026-07-16T19:35:07Z,0,10,0,1784506074.456005
sub_2f3b2b7af1fd4e4a84c4cca84797c201,2026-07-16T19:44:32Z,2026-07-16T19:44:32Z,0,22,0,1784504749.496855
sub_7e85de085b9146b0b6bcc755021a2291,2026-07-16T20:04:20Z,2026-07-16T20:04:20Z,0,6,0,1784506072.716616
sub_56e9c83a9c624ab7b0df497e24a65a5d,2026-07-16T20:11:21Z,2026-07-16T20:11:21Z,0,21,0,1784506071.638995
sub_2051407e036047f6a7a7ba1289a426f8,2026-07-16T20:22:57Z,2026-07-16T20:22:57Z,0,23,0,1784504749.496882
sub_a825889c766e4ec59344083fd23c5565,2026-07-16T20:25:32Z,2026-07-16T20:25:32Z,0,16,0,1784506070.668559
sub_611eb09c9ef34602bb31ebb8cab7071b,2026-07-16T20:47:00Z,2026-07-16T20:47:00Z,0,1,0,1784506068.2633832
sub_e332531c965f4beaa0a146fefdf357cf,2026-07-16T20:48:38Z,2026-07-16T20:48:38Z,0,64,0,1784506067.587769
sub_6543aefe057b4cf693191884753c38e6,2026-07-16T21:05:50Z,2026-07-16T21:05:50Z,0,72,0,1784506066.813792
sub_ceb4105427054c16a985d54432b836f0,2026-07-16T21:10:27Z,2026-07-16T21:10:27Z,0,1000,0,1784506065.963736
sub_e2cc372b64514a4a873f811493d2192e,2026-07-16T21:14:28Z,2026-07-16T21:14:28Z,0,1000,0,1784506064.280114
sub_5d609a731c0945f380c90817d2380290,2026-07-16T21:29:08Z,2026-07-16T21:29:08Z,0,1000,0,1784506059.9305432
sub_9110b4403da44c308850d02d49518aad,2026-07-16T21:31:10Z,2026-07-16T21:31:10Z,0,68,0,1784506058.174217
sub_779f79cec995484f82a5ca840fca7d7e,2026-07-16T21:35:06Z,2026-07-16T21:35:06Z,0,30,0,1784506057.35681
sub_f78c213a752d4a068010190bcf28a2fe,2026-07-16T21:40:08Z,2026-07-16T21:40:08Z,0,118,0,1784506056.5648158
sub_b3a1e5f72a9a4853a008918e0bb7a904,2026-07-16T21:45:16Z,2026-07-16T21:45:16Z,0,22,0,1784506055.613597
sub_04600320257d41188a6ae34686ecd75e,2026-07-16T21:50:50Z,2026-07-16T21:50:50Z,0,198,0,1784506053.361404
sub_8ab2614b140344c9949a6ef10d07fbbb,2026-07-16T21:53:07Z,2026-07-16T21:53:07Z,0,56,0,1784506052.0718238
sub_1ec0da78fb09443a88262c5e93a3fb09,2026-07-16T21:54:40Z,2026-07-16T21:54:40Z,0,1000,0,1784506051.314497
sub_1e115dea004741d1ad716e9b6717196b,2026-07-16T21:58:21Z,2026-07-16T21:58:21Z,0,1000,0,1784506048.775973
sub_a73b844bb3f449abbe2d5ebaeaccf875,2026-07-16T21:59:55Z,2026-07-16T21:59:55Z,0,1000,0,1784506046.986986
sub_6fd9f7eaab324a50b282fc7b41821c59,2026-07-16T22:02:24Z,2026-07-16T22:02:24Z,0,184,0,1784506042.795197
sub_98c04bd3ae724bc99550112db222d655,2026-07-16T22:03:59Z,2026-07-16T22:03:59Z,0,779,0,1784506041.674867
sub_87cb2e118239489e92c013538d2d06ab,2026-07-16T22:10:26Z,2026-07-16T22:10:26Z,0,561,0,1784506039.4367712
sub_776c0c943f1042a1b2698dcde4dd5caf,2026-07-16T22:14:15Z,2026-07-16T22:14:15Z,0,300,0,1784506037.0548449
sub_2fe8e857d8fa4920ad52292814c7bcd1,2026-07-16T22:16:21Z,2026-07-16T22:16:21Z,0,1000,0,1784506036.148906
sub_fcdc8c9aef6c4e649761fc3bdf26f1ce,2026-07-16T22:19:35Z,2026-07-16T22:19:35Z,0,1000,0,1784506032.36508
sub_51b08a8c5b7144a2805831b15f67d5fa,2026-07-16T22:32:33Z,2026-07-16T22:32:33Z,0,1000,0,1784506029.857723
sub_dd6e072473454d389b0ed64f68cb3550,2026-07-16T22:35:16Z,2026-07-16T22:35:16Z,0,113,0,1784506028.1722329
sub_c6845ded53884a5dbea8050cc755df55,2026-07-16T22:42:55Z,2026-07-16T22:42:55Z,0,1000,0,1784506027.4227982
sub_a3b3e1729e0e4f8980b62494b8df7809,2026-07-16T22:48:03Z,2026-07-16T22:48:03Z,0,21,0,1784506024.4685912
sub_aef047f857c04c1cb0fef2f4a8089249,2026-07-16T22:53:12Z,2026-07-16T22:53:12Z,0,1000,0,1784506021.107969
sub_255d4015b9fb435c8a5c8a86ea0555fc,2026-07-16T22:54:41Z,2026-07-16T22:54:41Z,0,72,0,1784506018.645067
sub_2ad2fd3948d24d7987cf140ecb5c60c3,2026-07-16T22:59:52Z,2026-07-16T22:59:52Z,0,2,0,1784506017.535081
sub_009f75e04b76486d8957e8e267f331a3,2026-07-16T23:03:52Z,2026-07-16T23:03:52Z,0,1000,0,1784506016.727746
sub_dc992ac8fb554bbc8f9e67e5ac9c95ce,2026-07-16T23:10:30Z,2026-07-16T23:10:30Z,0,1000,0,1784506014.731771
sub_d3d5ec8995bd4d4b896095b2fb27095c,2026-07-16T23:14:52Z,2026-07-16T23:14:52Z,0,1000,0,1784506010.90398
sub_5b6a8dcebbb24572be01af1df3b8376b,2026-07-16T23:16:21Z,2026-07-16T23:16:21Z,0,1000,0,1784506008.985267
sub_5a6e1e858fc6464c9c7952d796a0ed94,2026-07-16T23:18:40Z,2026-07-16T23:18:40Z,0,47,0,1784506006.974154
sub_686cdcd542b8479ab0dc0a9b8f84c4e9,2026-07-16T23:21:48Z,2026-07-16T23:21:48Z,0,1000,0,1784506005.8422358
sub_860d3992089e42df9d173634e297cd49,2026-07-16T23:26:37Z,2026-07-16T23:26:37Z,0,2,0,1784506004.108224
sub_9c3c7289c575427fb2fde2a543187630,2026-07-16T23:28:56Z,2026-07-16T23:28:56Z,0,3,0,1784505999.327012
sub_14c67686db7d40ab96b885452fe1f137,2026-07-16T23:31:07Z,2026-07-16T23:31:07Z,0,1000,0,1784505998.54312
sub_dedeca6c30b04f6ab10855b8a45ee53c,2026-07-16T23:36:30Z,2026-07-16T23:36:30Z,0,78,0,1784505996.360548
sub_f245c5732c0643d6a7bd0914a13bc00e,2026-07-16T23:39:31Z,2026-07-16T23:39:31Z,0,1000,0,1784505995.222362
sub_00bdbba7f8ce4d4e8bf8f576e2d41feb,2026-07-16T23:49:04Z,2026-07-16T23:49:04Z,0,846,0,1784505992.47393
sub_546d3c4de51a4c278a59c3c2c3ded2d8,2026-07-16T23:53:35Z,2026-07-16T23:53:35Z,0,15,0,1784505988.0850182
sub_adf88ce0f35a4567911aa54d4d17678d,2026-07-17T00:18:55Z,2026-07-17T00:18:55Z,0,27,0,1784505987.1128252
sub_1eb5023ea1d94d4fb57fda0df18eb702,2026-07-17T00:27:37Z,2026-07-17T00:27:37Z,0,176,0,1784505986.005397
sub_49204783b9ab45889fb34e7347d8ceeb,2026-07-17T00:36:04Z,2026-07-17T00:36:04Z,0,29,0,1784505985.059684
sub_c17c332f0e0f4c26a897abb7604e3f9d,2026-07-17T00:51:21Z,2026-07-17T00:51:21Z,0,190,0,1784505983.934857
sub_b301a4774ed3407d910167440310807c,2026-07-17T00:56:49Z,2026-07-17T00:56:49Z,0,111,0,1784505982.0644548
sub_b483a6015e5544568bccbe5e792d939d,2026-07-17T01:06:33Z,2026-07-17T01:06:33Z,0,1000,0,1784505981.325807
sub_62a9b19d79c844bd8a0909bcf8787d18,2026-07-17T01:16:12Z,2026-07-17T01:16:12Z,0,683,0,1784503188.4058602
sub_7f7c99ec81d44a319eac7dd5972e7e5b,2026-07-17T01:27:12Z,2026-07-17T01:27:12Z,0,58,0,1784505979.562242
sub_3166b3868f5e4994a087b3bbe96fde6a,2026-07-17T01:34:16Z,2026-07-17T01:34:16Z,0,1000,0,1784505978.7994921
sub_3c24aea00e824020b1c3ca74205400ad,2026-07-17T01:39:35Z,2026-07-17T01:39:35Z,0,998,0,1784505974.9555168
sub_1f7aa0c119a84d83b90404c912d035b0,2026-07-17T01:45:49Z,2026-07-17T01:45:49Z,0,1000,0,1784505973.211786
sub_a430d23df6194ff48047555f7ea8a879,2026-07-17T01:52:16Z,2026-07-17T01:52:16Z,0,1000,0,1784505971.3339689
sub_96cd8bfdc4c444c0a39d48b9fe01b797,2026-07-17T02:00:46Z,2026-07-17T02:00:46Z,0,1000,0,1784505969.5842109
sub_143f4e76c56f4d1a9c53a0fa56e4c9ea,2026-07-17T02:09:23Z,2026-07-17T02:09:23Z,0,106,0,1784505967.721526
sub_f0a13c6c019d45c2a4391c084125d54c,2026-07-17T02:18:12Z,2026-07-17T02:18:12Z,0,999,0,1784505965.144447
sub_6417a268e2a348ecb0fd28d483f7e82e,2026-07-17T02:25:24Z,2026-07-17T02:25:24Z,0,106,0,1784505963.473481
sub_a7305574cd4a4cd091a58718ef465bf9,2026-07-17T02:33:58Z,2026-07-17T02:33:58Z,0,1000,0,1784505962.430037
sub_e13b264e6ab04819baa07fb32168ba4b,2026-07-17T02:37:44Z,2026-07-17T02:37:44Z,0,1000,0,1784505960.6319518
sub_9006afb0d7b34224807fc7e6c04e75fd,2026-07-17T02:45:44Z,2026-07-17T02:45:44Z,0,1000,0,1784505958.229066
sub_62e4fedd6000427e9763e005f6e5c633,2026-07-17T02:51:26Z,2026-07-17T02:51:26Z,0,1000,0,1784505952.001784
sub_cd510f38a81a40a08a6c33e22ba04b08,2026-07-17T07:02:31Z,2026-07-17T07:02:31Z,0,1,0,1784505949.019734
sub_96ebc423998d44828d374c83a4a99852,2026-07-17T08:14:56Z,2026-07-17T08:14:56Z,0,1000,0,1784505947.769344
sub_94aa13abcde64b04a38d73c3b594a6a9,2026-07-18T01:50:12Z,2026-07-18T01:50:12Z,0,48,0,1784503011.489304
sub_ca7166208c914b91a2811fec5ab30ee2,2026-07-19T23:54:28Z,2026-07-19T23:54:28Z,0,2,0,1784520099.649459
sub_f7795ed2f1e34506850b05c24879cd1f,2026-07-20T00:12:57Z,2026-07-20T00:12:57Z,0,4,0,1784520102.663639
sub_9ce9d5a0b3f444959710f44ee8f134e2,2026-07-20T00:30:42Z,2026-07-20T00:30:42Z,0,2,0,1784520104.7303889
sub_f82ccc4b7bd34edb822c16cf531df3b4,2026-07-20T04:26:48Z,2026-07-20T04:26:48Z,0,985,0,1784610077.314689
sub_f58696e941f3433ebb003010774f5874,2026-07-20T04:28:09Z,2026-07-20T04:28:09Z,0,11,0,1784521930.4871109
sub_e27fd435561e45009e12251e1386f16e,2026-07-20T04:36:18Z,2026-07-20T04:36:18Z,0,4,0,1784610076.6780539
sub_27f1a644cb954d8da93102d60ff2ed60,2026-07-20T04:37:10Z,2026-07-20T04:37:10Z,0,7,0,1784522256.1926558
sub_9f5a69850c1f4a53b91e060073d0c102,2026-07-20T04:38:56Z,2026-07-20T04:38:56Z,0,48,0,1784610075.826699
sub_17cf2f49bcff40f48da9ecc77d4d9c5e,2026-07-20T04:45:52Z,2026-07-20T04:45:52Z,0,285,0,1784610075.182582
sub_06efe9faa4614ef782c4f1ad8b3a15c2,2026-07-20T04:54:00Z,2026-07-20T04:54:00Z,0,32,0,1784610074.532212
sub_83fdb16f7dcd4ad09be8998ee3fe444b,2026-07-20T05:01:11Z,2026-07-20T05:01:11Z,0,154,0,1784610073.978219
sub_eb6f424f154541839626ad90ad3dc4bc,2026-07-20T05:04:18Z,2026-07-20T05:04:18Z,0,32,0,1784610073.368938
sub_ba5f74313bd34d24aae260cd058fd696,2026-07-20T05:06:52Z,2026-07-20T05:06:52Z,0,5,0,1784545753.4002318
sub_5a9163b63b734b60a93a37ca89c0a987,2026-07-20T05:19:38Z,2026-07-20T05:19:38Z,0,72,0,1784610072.540295
sub_853cd5bf4d614fe6b86dd61e1ee1b77b,2026-07-20T05:29:20Z,2026-07-20T05:29:20Z,0,217,0,1784610072.0277271
sub_23e8072c313a45d19d87887176c62b19,2026-07-20T05:50:19Z,2026-07-20T05:50:19Z,0,1000,0,1784610071.411547
sub_da0d6abccbb245d9bbdc41eca070328f,2026-07-20T05:57:28Z,2026-07-20T05:57:28Z,0,1000,0,1784610070.429773
sub_f3fb11b4dc6a4c6396ffbe7ab1189d9f,2026-07-20T06:01:01Z,2026-07-20T06:01:01Z,0,1000,0,1784610068.865087
sub_9fee5e845f294362a665aa1e7ed79a5f,2026-07-20T06:04:56Z,2026-07-20T06:04:56Z,0,1000,0,1784610067.6529129
sub_09fb6a6745094aeab20eb595720a45f9,2026-07-20T06:08:29Z,2026-07-20T06:08:29Z,0,1000,0,1784610066.564212
sub_cfa941e9d8e64235b3949992569378bf,2026-07-20T06:14:16Z,2026-07-20T06:14:16Z,0,1000,0,1784610065.574452
sub_47297385e2104b37af440077e2d589fa,2026-07-20T06:22:35Z,2026-07-20T06:22:35Z,0,1000,0,1784610064.802311
sub_a1583554b81e41569dec39f8b2d6785d,2026-07-20T06:30:49Z,2026-07-20T06:30:49Z,0,23,0,1784610062.790081
sub_3f766fb02dec4f0ab6efc0f64ede480f,2026-07-20T06:33:07Z,2026-07-20T06:33:07Z,0,255,0,1784610062.188083
sub_2480dc659fe64763aea900673471e7c1,2026-07-20T06:36:19Z,2026-07-20T06:36:19Z,0,139,0,1784610061.383866
sub_be822749de8e489d8ba59360f2d0a4c0,2026-07-20T06:39:30Z,2026-07-20T06:39:30Z,0,281,0,1784610060.607157
sub_c1917d9e79f74878ad9f92d33ac191d1,2026-07-20T06:44:24Z,2026-07-20T06:44:24Z,0,1000,0,1784610059.377301
sub_3eaea560cc644ce4b5def6b27126906a,2026-07-20T06:51:05Z,2026-07-20T06:51:05Z,0,1000,0,1784610056.8431091
sub_3c3041894e3840bd8903505e796d662f,2026-07-20T07:14:04Z,2026-07-20T07:14:04Z,0,21,0,1784610056.117004
sub_e7fa83ff07c94178832a41cf45e00124,2026-07-20T07:21:59Z,2026-07-20T07:21:59Z,0,1,0,1784610055.401223
sub_179555da4db54063a80dd1f17bb45bcb,2026-07-20T07:25:21Z,2026-07-20T07:25:21Z,0,4,0,1784610054.9104471
sub_ab794dca19c64a3485f15573b968cc33,2026-07-20T07:29:55Z,2026-07-20T07:29:55Z,0,73,0,1784610054.3924181
sub_cb5c09dc35bd45b28a8d007737e1e7c7,2026-07-20T07:37:38Z,2026-07-20T07:37:38Z,0,16,0,1784610053.490509
sub_52b915ec924c442ea5b98dae38d5647d,2026-07-20T08:03:09Z,2026-07-20T08:03:09Z,0,74,0,1784610052.975984
sub_983da7d5c94a43e4a0423bec8b588a93,2026-07-20T08:08:11Z,2026-07-20T08:08:11Z,0,237,0,1784610052.3753989
sub_5c9d2aefb7e84266815c3a3c4725110e,2026-07-20T08:12:57Z,2026-07-20T08:12:57Z,0,1000,0,1784610051.3842251
sub_9d6484d6bf314590b0acf54557a2efd1,2026-07-20T08:14:52Z,2026-07-20T08:14:52Z,0,281,0,1784610050.499994
sub_218da0f335744b1399ea0634e6b2c161,2026-07-20T08:20:26Z,2026-07-20T08:20:26Z,0,644,0,1784610049.424366
sub_494cbfe06c194feea3c4eff23da44e90,2026-07-20T08:26:06Z,2026-07-20T08:26:06Z,0,758,0,1784610048.613837
sub_03d4f66bf6a440a2863198a80550aa0a,2026-07-20T08:30:35Z,2026-07-20T08:30:35Z,0,852,0,1784610047.8050518
sub_c271436726b2430fb1537e6e13212ba3,2026-07-20T08:37:23Z,2026-07-20T08:37:23Z,0,912,0,1784539898.8670259
sub_6f01c0f626d34684b0cbf9ec85ce3407,2026-07-20T09:03:57Z,2026-07-20T09:03:57Z,0,1000,0,1784539896.367035
sub_fb027105006d48f3a07c9dfe1e3fc334,2026-07-20T09:06:01Z,2026-07-20T09:06:01Z,0,783,0,1784539893.053847
sub_3d7c2ded942c44c78edfc3322d6844e2,2026-07-20T09:08:59Z,2026-07-20T09:08:59Z,0,1000,0,1784539884.85634
sub_ccb9ad56aad44706ba299861dfd7b8ca,2026-07-20T09:11:44Z,2026-07-20T09:11:44Z,0,1000,0,1784539878.640022
sub_2b2e6111820440a0a68367eb82c987e6,2026-07-20T09:15:34Z,2026-07-20T09:15:34Z,0,1000,0,1784539871.461555
sub_db7f7dc3f75f46378ce32a4fe5236c8b,2026-07-20T09:19:49Z,2026-07-20T09:19:49Z,0,1000,0,1784539864.045316
sub_baaabe99cc4b4071bf54e64c60c22eaa,2026-07-20T09:21:51Z,2026-07-20T09:21:51Z,0,1000,0,1784539856.178306
sub_2cdbfc7b5fc9485fba4ec8caceebfadd,2026-07-20T09:26:03Z,2026-07-20T09:26:03Z,0,1000,0,1784539739.898808
sub_2eb12f10d8804fb6ba4baeca24c81aea,2026-07-20T09:29:58Z,2026-07-20T09:29:58Z,0,1000,0,1784540298.253452
sub_e7403e62ecc24a44868be58d47603312,2026-07-20T09:32:14Z,2026-07-20T09:32:14Z,0,117,0,1784540033.246146
sub_9ad8972b64c647499ec955f9f9d0fa2b,2026-07-20T09:33:09Z,2026-07-20T09:33:09Z,0,585,0,1784540297.506059
sub_4eb93e587be54102a915f93827828d8a,2026-07-20T09:37:24Z,2026-07-20T09:37:24Z,0,1000,0,1784610044.008702
sub_84f2683ad7ce4f8fae8234db68da2646,2026-07-20T09:39:03Z,2026-07-20T09:39:03Z,0,336,0,1784540527.8430212
sub_d670b94bfd3245809131e9cf95e8d67f,2026-07-20T09:40:47Z,2026-07-20T09:40:47Z,0,1,0,1784540525.574282
sub_a61df8390a32490ab4d95a43ffd67284,2026-07-20T09:42:39Z,2026-07-20T09:42:39Z,0,107,0,1784610043.2680051
sub_fd2533a641f544219ed808ae867063b5,2026-07-20T09:45:40Z,2026-07-20T09:45:40Z,0,998,0,1784610042.438587
sub_50866c62235e421897004ab5a4260713,2026-07-20T09:48:31Z,2026-07-20T09:48:31Z,0,1000,0,1784610040.63181
sub_2a579fad4c0646098766bbdea04abe42,2026-07-20T09:53:41Z,2026-07-20T09:53:41Z,0,998,0,1784610038.137621
sub_123188b8d6104644b57aed7d11c1fa3a,2026-07-20T09:59:17Z,2026-07-20T09:59:17Z,0,1000,0,1784610037.0373828
sub_c8a26adfaac44d0e8012621363748cd6,2026-07-20T10:19:44Z,2026-07-20T10:19:44Z,0,998,0,1784610035.8666382
sub_cbdf91159c824f72b9468e1388009821,2026-07-20T10:26:45Z,2026-07-20T10:26:45Z,0,1000,0,1784610034.765459
sub_35f48f41812a4abca8c1458859f8133a,2026-07-20T10:29:18Z,2026-07-20T10:29:18Z,0,999,0,1784610032.731904
sub_f20bc3462d154db68df0080e71290a13,2026-07-20T10:32:10Z,2026-07-20T10:32:10Z,0,550,0,1784610031.7046988
sub_5367012c47ca415aa739a1a5076bd721,2026-07-20T10:37:37Z,2026-07-20T10:37:37Z,0,291,0,1784543920.658465
sub_c983e77dbf4f42c68d72f3c665544ccb,2026-07-20T10:45:32Z,2026-07-20T10:45:32Z,0,993,0,1784610030.958931
sub_0915806abbbe4789b06a58f1a9550b56,2026-07-20T10:48:03Z,2026-07-20T10:48:03Z,0,999,0,1784610029.927165
sub_1bd229ce3a844e0bad15e06c46a8022e,2026-07-20T10:50:30Z,2026-07-20T10:50:30Z,0,448,0,1784610026.803731
sub_171b445da62743118307a4560f8f0384,2026-07-20T10:55:22Z,2026-07-20T10:55:22Z,0,68,0,1784610026.188821
sub_2131d969a3a842fa8f3c7868be82e4a5,2026-07-20T10:58:30Z,2026-07-20T10:58:30Z,0,998,0,1784610025.133625
sub_b6a0914a23c44e2f8f992a4d9aa09bb8,2026-07-20T11:09:14Z,2026-07-20T11:09:14Z,0,995,0,1784610023.0931
sub_2c898f17a1da45c280ff2d076dbe53e5,2026-07-20T11:17:53Z,2026-07-20T11:17:53Z,0,994,0,1784610022.259726
sub_e79e4f6e7b204b8cb20fa5f5290a7165,2026-07-20T11:22:27Z,2026-07-20T11:22:27Z,0,3,0,1784546729.16941
sub_46223ca3866446a1809bbbd3cd1f1e74,2026-07-20T11:25:27Z,2026-07-20T11:25:27Z,0,991,0,1784610020.5257769
sub_29ebd89922334650b9c04b7d9f88f5d8,2026-07-20T11:30:42Z,2026-07-20T11:30:42Z,0,1000,0,1784610019.655089
sub_2a1009c3035c45b9953ed76a078bc874,2026-07-20T11:37:28Z,2026-07-20T11:37:28Z,0,995,0,1784610018.493286
sub_db3298a9a6e644038f98c8d6259e25a8,2026-07-20T11:43:37Z,2026-07-20T11:43:37Z,0,990,0,1784610017.616663
sub_548aaaa6ee824e608d3f926461c8c714,2026-07-20T12:05:18Z,2026-07-20T12:05:18Z,0,103,0,1784610015.606227
sub_e9d98b1b0c08497289944f39cf7b2cd5,2026-07-20T12:23:30Z,2026-07-20T12:23:30Z,0,176,0,1784610015.0329878
sub_9f3534b453e641faba6de187b1b66996,2026-07-20T12:25:27Z,2026-07-20T12:25:27Z,0,1000,0,1784610014.274306
sub_21a5cab099ea43678556b442d5bc49fa,2026-07-20T12:29:52Z,2026-07-20T12:29:52Z,0,21,0,1784610013.6277409
sub_9aebabbf51d941e095e310359dead172,2026-07-20T12:36:19Z,2026-07-20T12:36:19Z,0,636,0,1784610013.032489
sub_60318207d82b485b8b466a39c8a7552e,2026-07-20T12:39:05Z,2026-07-20T12:39:05Z,0,1000,0,1784610011.23422
sub_754874d58d714a4fa72cffa5ef4e6d92,2026-07-20T12:48:24Z,2026-07-20T12:48:24Z,0,50,0,1784610010.13517
sub_65b0569835364333b9d87a5f8118adf3,2026-07-20T12:54:07Z,2026-07-20T12:54:07Z,0,1000,0,1784610008.758612
sub_0bfdaa1bdfc440349040c025dd6bc9ba,2026-07-20T13:11:07Z,2026-07-20T13:11:07Z,0,65,0,1784610008.090129
sub_ea43b632a95d48d3bcdf5c0ca00a8c6a,2026-07-20T13:15:00Z,2026-07-20T13:15:00Z,0,1000,0,1784610007.2521012
sub_ee26463ba79b4540a8b3d483520d1f24,2026-07-20T13:20:07Z,2026-07-20T13:20:07Z,0,1000,0,1784610004.8914309
sub_831e6d4561a64aee9ff190596a84c7c8,2026-07-20T13:30:23Z,2026-07-20T13:30:23Z,0,24,0,1784610003.72995
sub_19ffa09471064a50b3e19a52c07b62c7,2026-07-20T13:33:23Z,2026-07-20T13:33:23Z,0,971,0,1784610002.311666
sub_d87e9df74e6046f897d03d3ed063d6fa,2026-07-20T13:36:16Z,2026-07-20T13:36:16Z,0,1000,0,1784610001.323411
sub_42c2f5fb5a2c447ebae12771d8d09baa,2026-07-20T13:43:17Z,2026-07-20T13:43:17Z,0,1000,0,1784609999.310813
sub_fd5a8434a041410887cb455353fce2a3,2026-07-21T05:01:18Z,2026-07-21T05:01:18Z,0,5,0,1784610485.945528
sub_e449969ded96447cba48d168a5e91f2e,2026-07-21T05:02:56Z,2026-07-21T05:02:56Z,0,3,0,1784610485.94456
sub_0b413eabdbab4fe3b38cfcc5bc720a59,2026-07-21T05:04:38Z,2026-07-21T05:04:38Z,0,1,0,1784610486.144704
sub_5519f4648ec04ce2ad0ad93fbfd6edf5,2026-07-21T05:09:20Z,2026-07-21T05:09:20Z,0,1,0,1784611575.8195179
sub_46b3f633d0a04a7f8aa53941283d8ac5,2026-07-21T05:26:55Z,2026-07-21T05:26:55Z,0,18,0,1784619827.940007
sub_2dad8289992d4f0fa9f41163bb2889c7,2026-07-21T05:39:04Z,2026-07-21T05:39:04Z,0,3,0,1784612752.456505
sub_97895a33ef1f43d99426bb578f06d30a,2026-07-21T05:49:38Z,2026-07-21T05:49:38Z,0,49,0,1784613169.8867562
sub_cd5269005cd341ce9c301121b2471a9d,2026-07-21T06:02:45Z,2026-07-21T06:02:45Z,0,16,0,1784614377.8175948
sub_36acf12af2e84b58adaad76d3514bc11,2026-07-21T06:47:52Z,2026-07-21T06:47:52Z,0,1,0,1784617108.240994
sub_a0345270a1db40bbb9440e1e553d8762,2026-07-21T06:50:57Z,2026-07-21T06:50:57Z,0,1,0,1784617108.864506
sub_c6ff97c5541649428f044d48f5dcc8b7,2026-07-21T07:12:19Z,2026-07-21T07:12:19Z,0,1,0,1784618702.691139
sub_f26113947a8f4bb692e928978ad07fef,2026-07-21T08:02:05Z,2026-07-21T08:02:05Z,0,1,0,1784621826.1886342
sub_9ff8dd684fc54c65b2e93099fcad2098,2026-07-21T08:15:19Z,2026-07-21T08:15:19Z,0,24,0,1784621826.189725
sub_a85323a4ee254e49959bca0cd856f02c,2026-07-21T08:57:34Z,2026-07-21T08:57:34Z,0,2,0,1784624285.7671769
sub_fe6dfbbe61314cb6b204cb21de7e19b5,2026-07-21T08:59:22Z,2026-07-21T08:59:22Z,0,1,0,1784624396.01649
sub_f10488b1ed1c46fa84ae0ccd0c1403f5,2026-07-21T09:00:49Z,2026-07-21T09:00:49Z,0,1,0,1784624550.502621
sub_e1f2b2f994814188b63fa9dfd3a6ab74,2026-07-21T09:05:04Z,2026-07-21T09:05:04Z,0,2,0,1784624725.03122
sub_0282205f5e3246c8bd68373e84d5a0b9,2026-07-21T09:06:43Z,2026-07-21T09:06:43Z,0,1,0,1784624823.851595
sub_0180ee77659e441a81beb7bc83689eb2,2026-07-21T10:18:30Z,2026-07-21T10:18:30Z,0,1,0,1784629174.860051
sub_ce9d470b734b49a489ce6eb21fd5e2e1,2026-07-21T10:23:30Z,2026-07-21T10:23:30Z,0,3,0,1784629476.001972
sub_d258e180930c4bb881cdfa441b2d0d81,2026-07-21T11:00:44Z,2026-07-21T11:00:44Z,0,1,0,1784631681.2944798
sub_d0c81616077248f2b4e68968abfe5cd4,2026-07-21T12:34:37Z,2026-07-21T12:34:37Z,0,2,0,1784637868.582391
sub_a6a9390ec99a42e4814215ec7b993bf7,2026-07-21T12:48:37Z,2026-07-21T12:48:37Z,0,1,0,1784638742.382217
sub_db0df0922cdd49e5bb9c9e2f76cf3af6,2026-07-21T13:37:39Z,2026-07-21T13:37:39Z,0,1,0,1784645844.749422
sub_ecd4762637f94b85923ba33cba9e47ea,2026-07-21T13:44:49Z,2026-07-21T13:44:49Z,0,1,0,1784645845.32286
sub_ecf8a79d4a1843d8b4619b9e8625dcb6,2026-07-21T13:45:06Z,2026-07-21T13:45:06Z,0,1,0,1784645844.5480242
sub_79fd1b3277b54d5c849f0a624adf535b,2026-07-21T14:53:23Z,2026-07-21T14:53:23Z,0,24,0,1784651310.70017
sub_a92faa24c5b54963ab5a57e8374b42ab,2026-07-21T14:56:56Z,2026-07-21T14:56:56Z,0,1,0,1784651309.983082
sub_89a86bcd8558463898995ae310a3a033,2026-07-21T15:02:56Z,2026-07-21T15:02:56Z,0,1,0,1784651309.217319
sub_a2789da2c1ea443a8d10ade7779f7f73,2026-07-21T15:19:05Z,2026-07-21T15:19:05Z,0,1,0,1784651308.520303
sub_02306fbc526e45dc82d1a0ad19ed83fb,2026-07-21T15:23:20Z,2026-07-21T15:23:20Z,0,1,0,1784651307.815992
sub_de369e1a99164b549ddb8163f9f5f2ae,2026-07-21T15:37:52Z,2026-07-21T15:37:52Z,0,4,0,1784651307.1165152
sub_eab09082f6624f338b471e42117fe330,2026-07-21T16:28:12Z,2026-07-21T16:28:12Z,0,11,0,1784653706.3640451
sub_38f31e4a60734cfbaf538ddc09dd64e2,2026-07-21T16:39:50Z,2026-07-21T16:39:50Z,0,3,0,1784653707.120405
sub_79363cc9f080437897b83b14a4ea7e65,2026-07-21T16:43:49Z,2026-07-21T16:43:49Z,0,5,0,1784653707.885886
sub_ac295e39e62b48cbb66495a0a70ad159,2026-07-21T16:47:16Z,2026-07-21T16:47:16Z,0,2,0,1784654291.0438569
sub_19ace85af1bf4ddd9acfabf1316a6fe9,2026-07-21T16:57:54Z,2026-07-21T16:57:54Z,0,6,0,1784657763.577236
sub_e18c77595ae548f4985460f1987f16af,2026-07-21T17:03:25Z,2026-07-21T17:03:25Z,0,1,0,1784657787.16951
sub_10bd8f2633024311be682628073dfc62,2026-07-21T17:06:39Z,2026-07-21T17:06:39Z,0,1,0,1784657800.9891388
sub_e395a581bf314ff780db4f15fa26c59e,2026-07-21T17:34:36Z,2026-07-21T17:34:36Z,0,2,0,1784657818.6228852
sub_a8c78b3c4fd04a3da25433d17efcfd88,2026-07-21T17:49:31Z,2026-07-21T17:49:31Z,0,15,0,1784663235.108908
sub_88b783d489d442858e6303fce6e037bb,2026-07-21T17:54:42Z,2026-07-21T17:54:42Z,0,2,0,1784663235.881443
sub_42abe6f46679419791ad628df1ccc0e1,2026-07-21T18:23:20Z,2026-07-21T18:23:20Z,0,3,0,1784664044.0135
sub_05157be1c91247bfad6feb1e5fd1cad1,2026-07-21T18:31:17Z,2026-07-21T18:31:17Z,0,1,0,1784664044.702471
sub_a348e46055d34f83b598643c7f83f087,2026-07-21T18:50:56Z,2026-07-21T18:50:56Z,0,7,0,1784664045.398144
sub_4c9897bb39cb4f6da6077a5b128f0404,2026-07-21T18:54:24Z,2026-07-21T18:54:24Z,0,23,0,1784664046.183795
sub_1a2e4fd42185405dbcf0437ad535c223,2026-07-21T19:00:24Z,2026-07-21T19:00:24Z,0,7,0,1784664279.834698
sub_eab938f96b1243c9ae09a108022c84f9,2026-07-21T19:10:02Z,2026-07-21T19:10:02Z,0,2,0,1784664896.703674
sub_992329f8c6c44268856d341830c5d7fd,2026-07-21T19:24:00Z,2026-07-21T19:24:00Z,0,26,0,1784665334.504927
sub_a2e634ebb04346b5baf3bc24a7fdcd8f,2026-07-21T19:24:12Z,2026-07-21T19:24:12Z,0,27,0,1784665335.418661
sub_b1301e2b58184ffb8ee31c3e5e365c78,2026-07-21T19:24:43Z,2026-07-21T19:24:43Z,0,2,0,1784665336.220108
sub_10561cd93cb0461bbe4bfb4cea3b6766,2026-07-21T19:38:19Z,2026-07-21T19:38:19Z,0,1,0,1784666257.850364
sub_6327c6f161f747b2b771707da6443a9c,2026-07-21T19:38:20Z,2026-07-21T19:38:20Z,0,1,0,1784666258.566742
sub_506956eaa4bd4d4389fe214fa01f4df6,2026-07-21T19:46:49Z,2026-07-21T19:46:49Z,0,2,0,1784666259.2439501
sub_e79d6faf84e84073819a364ba7ba088e,2026-07-21T19:46:50Z,2026-07-21T19:46:50Z,0,2,0,1784666260.042444
sub_5bd83abbbeb24fd595bc57d026066a52,2026-07-21T19:54:23Z,2026-07-21T19:54:23Z,0,1,0,1784667247.559816
sub_2ad5382afecd45588ee6a6c0718e1180,2026-07-21T19:54:24Z,2026-07-21T19:54:24Z,0,1,0,1784667248.237503
sub_5cd93e24622f49d6a41519d75b9f45f5,2026-07-21T19:55:53Z,2026-07-21T19:55:53Z,0,1,0,1784667248.9329731
sub_e0ac3d930ec047d2a97ca8b78a3b7238,2026-07-21T19:57:34Z,2026-07-21T19:57:34Z,0,1,0,1784667249.709845
sub_caddbd7c0d774561bed0ecded28f38e8,2026-07-21T19:58:32Z,2026-07-21T19:58:32Z,0,1,0,1784667250.3893561
sub_ecc6bf4776854166b3214e7c0d50bc1b,2026-07-21T19:59:19Z,2026-07-21T19:59:19Z,0,1,0,1784667251.0651221
sub_9eb4bae1092543fba9977e665a0b3f74,2026-07-21T20:00:10Z,2026-07-21T20:00:10Z,0,1,0,1784667251.706452
sub_a7edeafdf95a448faee17013d130480e,2026-07-21T20:11:13Z,2026-07-21T20:11:13Z,0,2,0,1784667252.475023
sub_fcfc7b8d6da8402db24623a430e56451,2026-07-21T20:34:09Z,2026-07-21T20:34:09Z,0,1,0,1784667719.646882
sub_ba10042fadaa42d0900138cd169e7253,2026-07-21T20:35:50Z,2026-07-21T20:35:50Z,0,1,0,1784667958.528459
sub_ef0e25128ff043769f0eb1b9004960ac,2026-07-21T20:53:16Z,2026-07-21T20:53:16Z,0,1,0,1784668505.658347
sub_25a347df242a4160a65e25f21b7851e7,2026-07-21T21:18:41Z,2026-07-21T21:18:41Z,0,1,0,1784669519.984191
sub_6b7e603b96bc4b358fc6d3302bc2b068,2026-07-21T21:25:29Z,2026-07-21T21:25:29Z,0,1,0,1784669984.169377
sub_f4dafb7696d249d4bbe72fb987faf101,2026-07-21T21:28:57Z,2026-07-21T21:28:57Z,0,1,0,1784669984.1763709
sub_b53d2b30b49c4c71bc6dee4442dd7c5b,2026-07-21T21:31:36Z,2026-07-21T21:31:36Z,0,1,0,1784670084.425353
sub_9a4fa0ffea6e4568bcb57f90f289adda,2026-07-21T21:41:40Z,2026-07-21T21:41:40Z,0,11,0,1784670758.051145
sub_ac9f8aef820b4ccd82600db05884ecd6,2026-07-21T21:41:40Z,2026-07-21T21:41:40Z,0,1,0,1784670757.8439522
sub_256cffd2819942ce9dbb4e06eed3c869,2026-07-21T21:52:50Z,2026-07-21T21:52:50Z,0,1,0,1784671459.318924
sub_b8c16cf7b95b4cc9b642403bf1bd2479,2026-07-21T22:07:22Z,2026-07-21T22:07:22Z,0,1,0,1784671955.625008
sub_da0fed27ae954acca4948bf5bdbb0d79,2026-07-21T22:33:28Z,2026-07-21T22:33:28Z,0,11,0,1784673770.814302
sub_407df6d1ba6d48d6a116bf29eb2b1c81,2026-07-21T22:34:02Z,2026-07-21T22:34:02Z,0,1,0,1784673771.502816
sub_18ebcdf912d043629d4f52460722b439,2026-07-21T22:35:46Z,2026-07-21T22:35:46Z,0,12,0,1784673961.267495
sub_3da98b7713b94f3a86d41e126574cc97,2026-07-21T22:39:27Z,2026-07-21T22:39:27Z,0,1,0,1784674231.597478
sub_d036a30ecdbe431f99366ac5d2a43786,2026-07-21T22:40:06Z,2026-07-21T22:40:06Z,0,1,0,1784674232.277878
sub_1306e5812c224d41aa3c07975157a88e,2026-07-21T22:40:07Z,2026-07-21T22:40:07Z,0,1,0,1784674232.941439
sub_91b1902709d9431eb73fa51ef409a622,2026-07-21T22:40:08Z,2026-07-21T22:40:08Z,0,1,0,1784674233.6164238
sub_68e3059ad02e43e6988352fc402c7167,2026-07-21T22:40:09Z,2026-07-21T22:40:09Z,0,1,0,1784674234.2967942
sub_25603f23e0a24a30b4828f883d6046d6,2026-07-21T22:41:47Z,2026-07-21T22:41:47Z,0,19,0,1784674234.96832
sub_467a8bb8c04f486699785930ac0f41e6,2026-07-21T22:57:37Z,2026-07-21T22:57:37Z,0,2,0,1784675310.798213
sub_4388a5eaba5d4628ad83a70172050054,2026-07-21T23:02:44Z,2026-07-21T23:02:44Z,0,3,0,1784675708.512087
sub_c7f02606a17649e098b4643b58e039b2,2026-07-21T23:18:38Z,2026-07-21T23:18:38Z,0,10,0,1784676647.9460711
sub_e76c8a5dda0742ee9fc83f75dc2259f1,2026-07-21T23:20:13Z,2026-07-21T23:20:13Z,0,4,0,1784676648.616788
sub_2f7f1cacd9a5454796b45de45f534989,2026-07-21T23:20:47Z,2026-07-21T23:20:47Z,0,1,0,1784676649.3673532
sub_6db80a7ce6544fcdb3a98995b7c3c676,2026-07-21T23:21:57Z,2026-07-21T23:21:57Z,0,41,0,1784676834.248773
sub_6f43dedf49214875a8d8eb48523c4e4d,2026-07-21T23:22:27Z,2026-07-21T23:22:27Z,0,24,0,1784676834.930323
sub_19855240614c49d681ad75c9e48508c7,2026-07-21T23:23:54Z,2026-07-21T23:23:54Z,0,2,0,1784676835.593492
sub_6d5a89760cd34045b28939bb310810d0,2026-07-21T23:25:50Z,2026-07-21T23:25:50Z,0,1,0,1784677206.31691
sub_eab25506896c4603a0534a8f6dea7526,2026-07-21T23:29:43Z,2026-07-21T23:29:43Z,0,2,0,1784677206.986502
sub_7d7d84a819ac4dbaaf385bb1b1f62ffd,2026-07-21T23:36:45Z,2026-07-21T23:36:45Z,0,3,0,1784677502.707156
sub_f45a6e17c09b4ddb84d608d41c98f3a8,2026-07-21T23:39:31Z,2026-07-21T23:39:31Z,0,1,0,1784677724.889071
sub_b26e2021224341dba2629c7dcf27d132,2026-07-21T23:44:14Z,2026-07-21T23:44:14Z,0,2,0,1784678425.252199
sub_719b108e1fd8476a87dc7fcc62161cc6,2026-07-21T23:55:39Z,2026-07-21T23:55:39Z,0,2,0,1784678827.999774
sub_13d9679a3cf04d618e87ae6e34c2bb7d,2026-07-22T00:01:40Z,2026-07-22T00:01:40Z,0,3,0,1784679287.678549
sub_92fff89530d54c72ab8b8d28e8fa1bcf,2026-07-22T00:06:31Z,2026-07-22T00:06:31Z,0,2,0,1784679288.395443
sub_e8301c0d8abe4765bd3d7d82ff0d1199,2026-07-22T00:12:35Z,2026-07-22T00:12:35Z,0,2,0,1784679289.143153
sub_59f9b8ae82874a40b2e6c1c39d6c85fd,2026-07-22T00:32:30Z,2026-07-22T00:32:30Z,0,1,0,1784680813.5433311
sub_077547629a4e41c490ddebe2d0cf84c4,2026-07-22T00:36:17Z,2026-07-22T00:36:17Z,0,1,0,1784680967.6834471
sub_67ba82cbecda4192860fea618b883b48,2026-07-22T00:49:49Z,2026-07-22T00:49:49Z,0,1,0,1784682176.381407
sub_b06d433ab9734231b080aed79c43199a,2026-07-22T00:55:11Z,2026-07-22T00:55:11Z,0,1,0,1784682405.7090182
sub_218295e3a25d413c89fd073588dfe189,2026-07-22T00:58:19Z,2026-07-22T00:58:19Z,0,1,0,1784682406.349696
sub_33df887c53e84581888098e85f3d2384,2026-07-22T01:07:39Z,2026-07-22T01:07:39Z,0,1,0,1784683490.8615968
sub_78f8e9ac61274aa8a3229c7f3642f6b3,2026-07-22T01:10:43Z,2026-07-22T01:10:43Z,0,1,0,1784683491.542359
sub_ab83eb7c71224c26aef46fffee7d51f1,2026-07-22T01:13:50Z,2026-07-22T01:13:50Z,0,1,0,1784683492.231277
sub_fdaf614deca84c3fb06e00672771f107,2026-07-22T01:18:26Z,2026-07-22T01:18:26Z,0,1,0,1784683492.907422
sub_78ebbd552555416598881bd5896559ff,2026-07-22T01:23:23Z,2026-07-22T01:23:23Z,0,6,0,1784684523.8885682
sub_b80910ae012d49cf9b5dcfa4d00b6f51,2026-07-22T01:34:17Z,2026-07-22T01:34:17Z,0,1,0,1784685528.448404
sub_574f9e56ce804797ab49160e2f9838e6,2026-07-22T01:40:50Z,2026-07-22T01:40:50Z,0,13,0,1784685529.162345
sub_f7e75a17e20141aaab5e6e2e93fa1eb7,2026-07-22T01:57:36Z,2026-07-22T01:57:36Z,0,1,0,1784686926.945044
sub_0434bc0351bd4bc3b19a55b1c3d39079,2026-07-22T02:03:14Z,2026-07-22T02:03:14Z,0,22,0,1784686927.654618
sub_a1115b5e820c47c59e3be632d1b673b5,2026-07-22T02:20:50Z,2026-07-22T02:20:50Z,0,2,0,1784687648.5073311
sub_b4f7f2bd853446aca3382d22345a73ec,2026-07-22T02:26:45Z,2026-07-22T02:26:45Z,0,22,0,1784688033.701527
sub_6eeaa15d8d994fd19646243de90b4b09,2026-07-22T02:35:52Z,2026-07-22T02:35:52Z,0,3,0,1784688653.227504
sub_bc7a3dd9294543bd813bed8ba413972b,2026-07-22T02:37:00Z,2026-07-22T02:37:00Z,0,14,0,1784688653.924906
sub_ebc16254512a411b902ac0212d62f21b,2026-07-22T02:48:59Z,2026-07-22T02:48:59Z,0,8,0,1784689333.8983092
sub_7f6cd8ec78604eaca6fa5a8e373f90e5,2026-07-22T02:57:53Z,2026-07-22T02:57:53Z,0,2,0,1784689976.049362
sub_f34764affb9f428b93cb5f3577001a73,2026-07-22T03:19:21Z,2026-07-22T03:19:21Z,0,9,0,1784694571.840078
sub_858b956217294d8cb269f12a098c2eb5,2026-07-22T03:26:51Z,2026-07-22T03:26:51Z,0,2,0,1784694572.5351439
sub_9850254c45164663a2db09657e84d082,2026-07-22T03:34:48Z,2026-07-22T03:34:48Z,0,11,0,1784694573.2325718
sub_c6f6ebb4f625451d9b552a523274b1f6,2026-07-22T03:42:38Z,2026-07-22T03:42:38Z,0,9,0,1784694573.924879
sub_aed2e90f4b804427b2d0f1e497e042ae,2026-07-22T04:06:44Z,2026-07-22T04:06:44Z,0,1,0,1784694574.58406
sub_9e0f33708c2c48d38768e4244e74d7c0,2026-07-22T05:32:11Z,2026-07-22T05:32:11Z,0,3,0,1784699035.783411
sub_05c9d05d364e45e7b204bb4071b1a533,2026-07-22T05:36:36Z,2026-07-22T05:36:36Z,0,3,0,1785434705.926666
sub_43753baefbf2476c8866d1bc9947da05,2026-07-22T05:42:57Z,2026-07-22T05:42:57Z,0,2,0,1785434705.6356008
sub_df2270183d66462d9006324c5027dec4,2026-07-22T05:48:43Z,2026-07-22T05:48:43Z,0,1,0,1785434705.416919
sub_09a6414b4bcd4a5eaf5306f9c2c10614,2026-07-22T06:27:30Z,2026-07-22T06:27:30Z,0,3,0,1785434705.369643
sub_44b6806e97c14b8db40e5b56040a8d75,2026-07-22T07:25:37Z,2026-07-22T07:25:37Z,0,2,0,1785434705.194701
sub_ce310f12710040afaeef87f1a3f08620,2026-07-22T08:00:18Z,2026-07-22T08:00:18Z,0,2,0,1785434705.380861
sub_6f89c1528dc94f15841855619328bba6,2026-07-22T08:41:35Z,2026-07-22T08:41:35Z,0,25,0,1785434705.365242
sub_cb13e3010c8143c891e511cceea824c7,2026-07-25T03:45:56Z,2026-07-25T03:45:56Z,0,35,0,1785434704.647637
sub_135910329d964899b840ca7685da22e0,2026-07-25T04:07:24Z,2026-07-25T04:07:24Z,0,10,0,1785434704.611197
sub_95bd8369632f4eb4b74f64cf9153112b,2026-07-26T09:01:28Z,2026-07-26T09:01:28Z,0,6,0,1785434704.652412
sub_fb6b99a436d04fcc9b6cbd86e59a52a4,2026-07-26T09:02:03Z,2026-07-26T09:02:03Z,0,1,0,1785434704.0496068
sub_4bdf552aa21749ef9aa119b168e1f28a,2026-07-26T09:09:06Z,2026-07-26T09:09:06Z,0,1,0,1785434704.048656
sub_ca7f7e9df88c4fe093130742df3ddad3,2026-07-26T09:13:46Z,2026-07-26T09:13:46Z,0,2,0,1785434703.9962869
sub_41116f399e804db2ad63712cbdc0ceab,2026-07-26T09:17:49Z,2026-07-26T09:17:49Z,0,1,0,1785434704.142449
sub_dfa0d23c62544ac2b88bffc6be745db1,2026-07-26T09:19:01Z,2026-07-26T09:19:01Z,0,1,0,1785434702.597445
sub_837d3c991442420eaf9e8b755afc12e0,2026-07-26T09:38:35Z,2026-07-26T09:38:35Z,0,1,0,1785434702.761467
sub_a31ccb17f2294dfcb4ebe8353b97ee00,2026-07-26T09:47:27Z,2026-07-26T09:47:27Z,0,1,0,1785434702.3849092
sub_b304c9b129bb4415b43c76c06e9e99e4,2026-07-26T09:51:10Z,2026-07-26T09:51:10Z,0,1,0,1785434702.551391
sub_d7b77d981d25474da8a6ee494b91d0bc,2026-07-26T09:59:15Z,2026-07-26T09:59:15Z,0,1,0,1785434702.106699
sub_007c125503214c78a9680b2d7beda5f6,2026-07-26T10:02:11Z,2026-07-26T10:02:11Z,0,1,0,1785434702.097475
sub_683784be4dab47c6a4434d8615a79f81,2026-07-26T10:06:54Z,2026-07-26T10:06:54Z,0,2,0,1785434702.108147
sub_46627e80d2ec43efb021c16a37013f67,2026-07-26T10:16:20Z,2026-07-26T10:16:20Z,0,3,0,1785434701.906197
sub_baeb9e1968df4a52959320ed097b422c,2026-07-26T10:22:16Z,2026-07-26T10:22:16Z,0,2,0,1785434701.4026
sub_98a353a52524422d82b2695e91af8fd2,2026-07-26T10:23:38Z,2026-07-26T10:23:38Z,0,1,0,1785434701.16248
sub_5e4f26614c86429ca1b037ddd4db1854,2026-07-26T10:24:42Z,2026-07-26T10:24:42Z,0,2,0,1785434701.400629
sub_40610e4427fd4b06a287d8e6a00d1254,2026-07-26T10:25:19Z,2026-07-26T10:25:19Z,0,1,0,1785434701.157037
sub_51ba09c2e9144432a3065fb4a992c32b,2026-07-26T10:26:35Z,2026-07-26T10:26:35Z,0,1,0,1785434698.685875
sub_ec7022d7db9445e99d25a3fda5958c94,2026-07-26T10:33:48Z,2026-07-26T10:33:48Z,0,1,0,1785434698.193835
sub_e9bb03f361e54eb59cc631ad95cacd15,2026-07-26T10:35:58Z,2026-07-26T10:35:58Z,0,1,0,1785434698.193092
sub_a5cfcc3d6c9f443ba26a855faff6d4b6,2026-07-26T10:42:06Z,2026-07-26T10:42:06Z,0,2,0,1785434698.165097
sub_26ebb2cc2b30429bacb28e9918105772,2026-07-26T10:57:43Z,2026-07-26T10:57:43Z,0,1,0,1785434697.671772
sub_165e422e40ab4c549fa4dfeb5a1991f1,2026-07-26T10:59:17Z,2026-07-26T10:59:17Z,0,3,0,1785434697.66622
sub_c90f2ba3cecc40ffac209a40ee241971,2026-07-26T11:01:09Z,2026-07-26T11:01:09Z,0,3,0,1785434697.676058
sub_cbcf89490b22470ba47a46cb4122b2aa,2026-07-26T11:03:02Z,2026-07-26T11:03:02Z,0,67,0,1785434697.680685
sub_209dc56412224837a02ab77c3f7b1f3a,2026-07-26T11:05:14Z,2026-07-26T11:05:14Z,0,117,0,1785434697.518778
sub_da3b164b72b54bd39927782031156e85,2026-07-26T11:09:07Z,2026-07-26T11:09:07Z,0,2,0,1785434697.199487
sub_33e4d04248034cfaa5e0e2417b542236,2026-07-26T11:15:51Z,2026-07-26T11:15:51Z,0,2,0,1785434696.8552582
sub_1f4f8dc3e18e4079931ba42b86458065,2026-07-26T11:18:02Z,2026-07-26T11:18:02Z,0,1,0,1785434696.748565
sub_07b07ed975934749803ac7c86bbec62c,2026-07-26T11:18:48Z,2026-07-26T11:18:48Z,0,2,0,1785434696.28481
sub_a937e93fe6f343d3a1aed8756c33bca0,2026-07-26T11:28:48Z,2026-07-26T11:28:48Z,0,17,0,1785434696.04879
sub_a2dac65b68824feda056d6263e74c846,2026-07-26T11:36:30Z,2026-07-26T11:36:30Z,0,13,0,1785434696.195702
sub_0c336c4463914830adb2f032757a7cea,2026-07-26T11:43:04Z,2026-07-26T11:43:04Z,0,3,0,1785434695.932197
sub_705fc916b89c4b9f92d93a636341c59c,2026-07-26T11:53:12Z,2026-07-26T11:53:12Z,0,1,0,1785434696.197712
sub_0fa0cd4ac61c44b99b251bf3a971f3d5,2026-07-26T14:41:37Z,2026-07-26T14:41:37Z,0,1,0,1785434695.9352472
sub_189abd4f2ae64535a7f3b5768c63980e,2026-07-26T14:58:47Z,2026-07-26T14:58:47Z,0,1,0,1785434695.6349308
sub_ec09757165e2473eb0202bd980dd504d,2026-07-26T15:00:41Z,2026-07-26T15:00:41Z,0,2,0,1785434695.6264992
sub_a4b569362c514d06a4999738ef689805,2026-07-26T15:02:55Z,2026-07-26T15:02:55Z,0,1,0,1785434695.361482
sub_c22242da7e6b4977b16ca2af3bcef4a1,2026-07-26T15:09:43Z,2026-07-26T15:09:43Z,0,5,0,1785434695.125015
sub_4cda7a1422914832bae03a5b05fba2f7,2026-07-26T15:19:08Z,2026-07-26T15:19:08Z,0,1,0,1785434695.0214028
sub_1dbc1f227f444eacabcfa27bc0caa395,2026-07-26T15:35:07Z,2026-07-26T15:35:07Z,0,2,0,1785434694.912813
sub_3b36cde6bccc4a019a422d853a6c4353,2026-07-26T16:07:19Z,2026-07-26T16:07:19Z,0,100,0,1785434694.9064882
sub_a1222edd640d4f4fad7ce9be150131ff,2026-07-27T11:41:05Z,2026-07-27T11:41:05Z,0,2,0,1785434694.913682
sub_2602de74812a402e9ed473a6a6dde981,2026-07-28T06:06:45Z,2026-07-28T06:06:45Z,0,8,0,1785434694.630785
sub_36932789bc084035afd8b9710d2b3c86,2026-07-29T04:41:52Z,2026-07-29T04:41:52Z,0,1,0,1785434694.651066
sub_3816341bfa214c59b29a7aa42637ffbc,2026-07-29T05:21:25Z,2026-07-29T05:21:25Z,0,1,0,1785434694.3708851
sub_ce0baa43991b4b14afdaa4951cba851d,2026-07-29T05:30:25Z,2026-07-29T05:30:25Z,0,8,0,1785434694.059405
sub_aaae91db9d2940db96e43ef5bcd5e3c7,2026-07-29T05:38:48Z,2026-07-29T05:38:48Z,0,17,0,1785434693.8244212
sub_7bd1135a8ce74c36bdcc36c0355b2655,2026-07-29T05:41:34Z,2026-07-29T05:41:34Z,0,1,0,1785434693.8753102
sub_a93a3b01e6394bb197f3ec94ad37dffa,2026-07-29T05:47:41Z,2026-07-29T05:47:41Z,0,12,0,1785434693.876181
sub_8ba9b4666d2d471c9cb5427ea44b46d9,2026-07-29T05:52:34Z,2026-07-29T05:52:34Z,0,8,0,1785434693.622443
sub_1a4d9cdf8d3b4545aba39a728ac261df,2026-07-29T05:54:57Z,2026-07-29T05:54:57Z,0,136,0,1785434694.164829
sub_2d0036db608040c797a170bf39370c90,2026-07-29T06:01:21Z,2026-07-29T06:01:21Z,0,1,0,1785434693.6045382
sub_38ee9d56741a4b66901c91560c8fb85d,2026-07-29T06:05:34Z,2026-07-29T06:05:34Z,0,3,0,1785434693.126197
sub_ba133967303645e191b1d49baaeb5342,2026-07-29T06:07:54Z,2026-07-29T06:07:54Z,0,3,0,1785434691.431726
sub_ec815e7db3494123b597d8f12b93cb1a,2026-07-29T06:15:05Z,2026-07-29T06:15:05Z,0,2,0,1785434691.430576
sub_4870cbf5543d4da1ae4e86d0934c7fc2,2026-07-29T07:08:13Z,2026-07-29T07:08:13Z,0,4,0,1785434691.4289122
sub_7f76cbf6531340bea469b2ffb69b2b9e,2026-07-29T07:12:14Z,2026-07-29T07:12:14Z,0,3,0,1785434691.749815
sub_1934d41210f24b9ebb7c9718ae5c514e,2026-07-29T11:37:32Z,2026-07-29T11:37:32Z,0,12,0,1785434691.4347231
sub_90c85c82006f40bd8a7d1bce6b320744,2026-07-29T11:41:15Z,2026-07-29T11:41:15Z,0,22,0,1785434688.011413
sub_1e670a504f93498390829d54281bdea0,2026-07-29T21:03:32Z,2026-07-29T21:03:32Z,0,2,0,1785434687.954987
sub_a7c15050055946a198c1354dac659eaf,2026-07-29T21:20:11Z,2026-07-29T21:20:11Z,0,4,0,1785434687.3981152
sub_20ec020e397248199a24c5ca53a9108e,2026-07-29T21:30:23Z,2026-07-29T21:30:23Z,0,1,0,1785434687.672734
sub_59aee45fb1a743a58308305dda394ea1,2026-07-29T21:38:43Z,2026-07-29T21:38:43Z,0,43,0,1785434686.4452941
sub_ed0c2497a3df47f2a29fe868e3526b62,2026-07-29T21:47:57Z,2026-07-29T21:47:57Z,0,1,0,1785434686.8143082
sub_2d49eb107ab742b5b78af88a334f315c,2026-07-29T22:23:19Z,2026-07-29T22:23:19Z,0,1,0,1785434686.668083
sub_dc929df83ada4476873970744be415d1,2026-07-29T22:40:09Z,2026-07-29T22:40:09Z,0,1,0,1785434686.3962939
sub_869ec402d7db4d10a6d19065014c12a6,2026-07-29T22:41:16Z,2026-07-29T22:41:16Z,0,1,0,1785434683.951844
sub_db8fdcb7cf2940c7bba2b1e69e06e30f,2026-07-29T23:02:23Z,2026-07-29T23:02:23Z,0,3,0,1785434683.850801
sub_f6ca334370d5483ab04a9c61e1bd9db4,2026-07-29T23:06:41Z,2026-07-29T23:06:41Z,0,5,0,1785434683.803165
sub_f05dee6eb97e42cb8731661e6a91504f,2026-07-29T23:10:29Z,2026-07-29T23:10:29Z,0,3,0,1785434683.456357
sub_3678e18e4d654adf9b4dcffe9d94fae4,2026-07-29T23:10:37Z,2026-07-29T23:10:37Z,0,1,0,1785434684.9729338
sub_74f774dd31f84cf986ee6f539242a543,2026-07-29T23:10:43Z,2026-07-29T23:10:43Z,0,2,0,1785434683.342356
sub_f065da4a08e3483092cc27a0c4869f6d,2026-07-29T23:10:48Z,2026-07-29T23:10:48Z,0,2,0,1785434683.3455842
sub_53791854afa54ee1947c47c582f7e2b1,2026-07-29T23:10:51Z,2026-07-29T23:10:51Z,0,2,0,1785434682.563421
sub_aa9ff82c21034a1faf458c65cabe3423,2026-07-29T23:12:02Z,2026-07-29T23:12:02Z,0,1,0,1785434681.8515048
sub_b0778b0db35b493abd16d17aef19617b,2026-07-29T23:14:15Z,2026-07-29T23:14:15Z,0,2,0,1785434678.085563
sub_e3e1900593474d66a95c7aaa9dc7015e,2026-07-29T23:14:38Z,2026-07-29T23:14:38Z,0,53,0,1785434679.413523
sub_83c082fb2e00459f8c33c1cfc4802525,2026-07-29T23:14:46Z,2026-07-29T23:14:46Z,0,12,0,1785434677.801088
sub_263eeaccb6f544a1837f66eea9bac9ac,2026-07-29T23:17:15Z,2026-07-29T23:17:15Z,0,1,0,1785434678.0370932
sub_5f82de6e9ee541bd9955fd0245ed2807,2026-07-29T23:20:06Z,2026-07-29T23:20:06Z,0,1,0,1785434677.6840708
sub_5479f13430eb40a5aa35612f776c8d81,2026-07-29T23:21:03Z,2026-07-29T23:21:03Z,0,1,0,1785434677.220835
sub_29edd19e2cb04eb4bfab4c947b4926b9,2026-07-29T23:28:35Z,2026-07-29T23:28:35Z,0,1,0,1785434677.2165492
sub_c75e77e592af40748151410ec5750e13,2026-07-30T12:10:56Z,2026-07-30T12:10:56Z,0,13,0,1785434675.0463328
sub_0d6c5d73e97a4d31b6b1b97833c94120,2026-07-30T12:22:18Z,2026-07-30T12:22:18Z,0,5,0,1785434674.940945
sub_aa1b3ef43d05476cae2e74e41709df86,2026-07-30T12:25:18Z,2026-07-30T12:25:18Z,0,6,0,1785434675.005127
sub_a1142da37f2d45a196bf48cef0d0a4ad,2026-07-30T12:28:01Z,2026-07-30T12:28:01Z,0,5,0,1785434674.355808
sub_d524a84d414c4efb9fa06afcd9d91400,2026-07-30T12:29:47Z,2026-07-30T12:29:47Z,0,3,0,1785434674.283284
sub_78c44279881149b4aa7a9c4d9f7dd006,2026-07-30T12:35:55Z,2026-07-30T12:35:55Z,0,5,0,1785434674.857224
sub_3a20c6e2fe92495799b1dc05d7586278,2026-07-30T12:43:47Z,2026-07-30T12:43:47Z,0,1,0,1785434674.849073
sub_52faa438f23f42f0939c45b6b56df17e,2026-07-30T14:27:42Z,2026-07-30T14:27:42Z,0,3,0,1785434674.824215
sub_28716320694148b2920f19a5edb12842,2026-07-30T18:06:13Z,2026-07-30T18:06:13Z,0,4,0,1785437186.360723
sub_b97f694416d54ee49c5b4add4c0ac42e,2026-07-30T18:10:03Z,2026-07-30T18:10:03Z,0,2,0,1785437177.5852191
sub_5f473d7ff654446094c970a9316e6892,2026-07-30T19:01:12Z,2026-07-30T19:01:12Z,0,2,0,1785438252.972955
sub_5cc3c914121f435fb3c8310e387b8ce6,2026-07-30T19:13:17Z,2026-07-30T19:13:17Z,0,2,0,1785438841.410032
sub_a1e6533017bd44d8b514fe248411365b,2026-07-30T19:24:52Z,2026-07-30T19:24:52Z,0,2,0,1785439800.9130821
sub_8a71e8bf2d2147f0a97015af15045f75,2026-07-30T19:39:07Z,2026-07-30T19:39:07Z,0,2,0,1785440763.19922
sub_5cf083421faa48f6bb89d818ad768bd8,2026-07-30T19:50:19Z,2026-07-30T19:50:19Z,0,2,0,1785441336.621984
sub_c18da0b9688a41ce883494a71a250525,2026-07-30T20:01:45Z,2026-07-30T20:01:45Z,0,1,0,1785441864.932501
sub_1cb206c6c1c344f09c95b22e9b4340e1,2026-07-30T20:04:47Z,2026-07-30T20:04:47Z,0,1,0,1785442011.043668
sub_00d14032c16f4b7db00ded03497d20f4,2026-07-30T20:07:23Z,2026-07-30T20:07:23Z,0,2,0,1785442209.426738
sub_8f9e30aa88b34e6f96110830088c6eca,2026-07-30T20:10:35Z,2026-07-30T20:10:35Z,0,1,0,1785442273.3216739
sub_f52c306a06a64f08a05ebc717801c3ac,2026-07-30T20:14:01Z,2026-07-30T20:14:01Z,0,1,0,1785442610.18134
sub_e75580e35bc948fbaefd684763c63bf6,2026-07-30T21:59:57Z,2026-07-30T21:59:57Z,0,1,0,1785449001.268415
sub_6af458192ccd4f3384369cf3106d186e,2026-08-01T19:20:35Z,2026-08-01T19:20:35Z,0,5,0,1786037934.530984
sub_8a0c0be844ad472e9fbfbd1d6f356f4e,2026-08-08T21:50:53Z,2026-08-08T21:50:53Z,0,1,0,1786403698.123497
sub_22470fa377f24b50b772fd76bfa43bda,2026-08-08T22:01:57Z,2026-08-08T22:01:57Z,0,81,18,1786403697.693572
sub_446313d18fba4d7d950ea8b4b007d3d7,2026-08-08T22:02:52Z,2026-08-08T22:02:52Z,0,18,0,1786403697.295576
sub_c156d1e119164f67a53149cf2a3e8b99,2026-08-11T11:05:16Z,2026-08-11T11:05:16Z,0,119,0,1786559859.0657952
sub_56765733a7ce451aa8afbeee75eaf7cd,2026-08-11T11:10:55Z,2026-08-11T11:10:55Z,0,75,0,1786587296.518275
sub_358cebd88e3249a0868ca2ab8110efe9,2026-08-11T21:46:36Z,2026-08-11T21:46:36Z,0,80,0,1786559857.4698958
sub_5e2a449c1f3b40e2b5f252cfdbf961c3,2026-08-12T13:39:11Z,2026-08-12T13:39:11Z,0,1,0,1786559857.463223
sub_d6f0cf3d658d49bb9cbcc404ccea443e,2026-08-12T13:44:52Z,2026-08-12T13:44:52Z,0,1,0,1786559856.126137
sub_009e6152d1cf4650a544179aa2969922,2026-08-12T14:15:26Z,2026-08-12T14:15:26Z,0,3,0,1786559856.118423
sub_c3e83d89a43f4f78b6e32bba1212fd08,2026-08-12T15:17:50Z,2026-08-12T15:17:50Z,0,2,0,1786559855.950102
sub_1fb4299e7ad543c99173023a868ae179,2026-08-12T15:32:56Z,2026-08-12T15:32:56Z,0,2,0,1786559855.9596212
sub_f42b4cd7a4bc49248584fa66eee6bee3,2026-08-12T21:13:59Z,2026-08-12T21:13:59Z,0,1,0,1786586955.43363
sub_a16d3f073e4f4f09b51e36aabfa5ab48,2026-08-12T22:28:43Z,2026-08-12T22:28:43Z,0,12,0,1786573830.983464
sub_2e8d8e63e0a5435faf8a47eec0cd5caf,2026-08-12T22:42:51Z,2026-08-12T22:42:51Z,0,1,0,1786586954.963129
sub_0ff13cf70e5744fdb97ea5ead0d2c2c7,2026-08-12T23:17:22Z,2026-08-12T23:17:22Z,0,218,0,1786586957.239326
sub_14885e30b95e4de58ddeec24b0bd6775,2026-08-12T23:28:38Z,2026-08-12T23:28:38Z,0,27,0,1786608618.5432708
sub_4e30739aed094a2fa5c0069a28916a10,2026-08-12T23:52:49Z,2026-08-12T23:52:49Z,0,263,0,1786586956.107549
sub_285949efa4f54372ae456b4fbf47a23a,2026-08-12T23:57:18Z,2026-08-12T23:57:18Z,0,1,0,1786584145.982399
sub_81c8156cb6404b168511631a4f60d00b,2026-08-13T00:00:22Z,2026-08-13T00:00:22Z,0,1,0,1786584146.649174
sub_ef2da7646b5d42069ec720cdbbd01917,2026-08-13T00:41:47Z,2026-08-13T00:41:47Z,0,1,0,1786587502.440404
sub_7233ec9facf1436795b6eb154a1683d8,2026-08-13T01:26:56Z,2026-08-13T01:26:56Z,0,1,0,1786594048.672344
sub_8fac70994c9143ca8cd0fc5f3a291ea1,2026-08-13T01:27:48Z,2026-08-13T01:27:48Z,0,4,0,1786594050.780452
sub_a1d937e46adb4c3aa54533177c6d1a1e,2026-08-13T01:36:56Z,2026-08-13T01:36:56Z,0,9,0,1786594051.54969
sub_5500db9e2502452c9928c7f330a8f08e,2026-08-13T01:41:17Z,2026-08-13T01:41:17Z,0,4,0,1786594048.071384
sub_c45f019b8fbc443bab134db4d14c280c,2026-08-13T01:46:17Z,2026-08-13T01:46:17Z,0,2,0,1786594052.028136
sub_80e53030fc5f4befaf8059679daa5b9f,2026-08-13T01:51:06Z,2026-08-13T01:51:06Z,0,4,0,1786652040.838619
sub_298507005d70473ab1d62269d15d8066,2026-08-13T02:11:38Z,2026-08-13T02:11:38Z,0,2,0,1786607321.636656
sub_7e00c1b4c4e74da2a32697e422e16cf4,2026-08-13T02:12:52Z,2026-08-13T02:12:52Z,0,2,0,1786594049.460523
sub_4c6774d5c6e64ac3a78f5515180b86bf,2026-08-13T02:15:36Z,2026-08-13T02:15:36Z,0,1,0,1786594047.5775921
sub_7b99afde20d847c9b2a409b2e96b9a21,2026-08-13T02:47:05Z,2026-08-13T02:47:05Z,0,2,0,1786652042.260857
sub_4d0735dd6e0a4fbca8984a5dc2f8bff3,2026-08-13T02:50:05Z,2026-08-13T02:50:05Z,0,5,0,1786611064.288872
sub_db0c317d60914ada9f925c9cf1e5415c,2026-08-13T03:50:06Z,2026-08-13T03:50:06Z,0,10,0,1786611063.816808
sub_ff242f52e69749bfb18cbc336e5ad9d0,2026-08-13T03:56:49Z,2026-08-13T03:56:49Z,0,26,0,1786611064.7648928
sub_48e797ebb0984107ad7145ac6f1f5cd4,2026-08-13T04:20:28Z,2026-08-13T04:20:28Z,0,2,0,1786649554.74719
sub_5786bdc516c540639632cf43049a0c72,2026-08-13T05:08:53Z,2026-08-13T05:08:53Z,0,2,0,1786606283.3916612
sub_099a668e1cc94551a5c360be41a1b1f1,2026-08-13T05:21:35Z,2026-08-13T05:21:35Z,0,3,0,1786606282.719894
sub_53d1c82e235a4e33ae3864db8151aed8,2026-08-13T05:32:44Z,2026-08-13T05:32:44Z,0,15,0,1786606282.2182689
sub_6424295196b94d76b1f4d7d990b4c937,2026-08-13T06:54:11Z,2026-08-13T06:54:11Z,0,15,0,1786624961.300106
sub_7e60f7560dab4c889aa296a49c23594f,2026-08-13T07:19:07Z,2026-08-13T07:19:07Z,0,2,0,1786609207.910104
sub_79c1768e375745d5aaab3e236c0aeb2e,2026-08-13T07:22:56Z,2026-08-13T07:22:56Z,0,1000,0,1786610030.331466
sub_5143d96c0a3b4d0c933810071e6a6d80,2026-08-13T07:24:39Z,2026-08-13T07:24:39Z,0,1000,0,1786610031.234176
sub_ce3a3fa4f2484a13824f6b5ba854edfa,2026-08-13T07:30:17Z,2026-08-13T07:30:17Z,0,1000,0,1786610032.1139772
sub_90343150dc3140369ba3a4673510c331,2026-08-13T07:32:00Z,2026-08-13T07:32:00Z,0,1000,0,1786610032.926124
sub_653205bba49c4d42844473b9b5b81aae,2026-08-13T07:35:34Z,2026-08-13T07:35:34Z,0,1,0,1786610274.994047
sub_9b26b9f9c3c047e38a926b8bae8b381a,2026-08-13T07:39:22Z,2026-08-13T07:39:22Z,0,1000,0,1786610274.435783
sub_7ff08c310d994daa9f59be719c3e21bc,2026-08-13T07:39:23Z,2026-08-13T07:39:23Z,0,1000,0,1786610271.5940511
sub_183b659bf56643de895c94dd60f58ea3,2026-08-13T07:55:14Z,2026-08-13T07:55:14Z,1000,0,0,1786610273.619333
sub_7f952b13fb0c416ead9cf15b0ad512cb,2026-08-13T08:01:16Z,2026-08-13T08:01:16Z,0,1000,0,1786649566.6968808
sub_779e5a07614b4ee68210e41aa4a883fd,2026-08-13T08:03:04Z,2026-08-13T08:03:04Z,0,1000,0,1786649559.1854
sub_78a0aa7a95364b3e8c591d7e11807c22,2026-08-13T08:04:16Z,2026-08-13T08:04:16Z,0,1000,0,1786649562.725499
sub_846426d0f7204495a6232b3cee7ec076,2026-08-13T08:05:42Z,2026-08-13T08:05:42Z,0,1000,0,1786649570.3693461
sub_4809c62b2cb84b578d935b7359cc795c,2026-08-13T08:06:11Z,2026-08-13T08:06:11Z,0,1000,0,1786612824.649397
sub_4afca8e2c581490590426d83926f5817,2026-08-13T08:11:00Z,2026-08-13T08:11:00Z,0,1000,0,1786612823.7153559
sub_0104822706eb424792712e48df3c6d57,2026-08-13T08:16:13Z,2026-08-13T08:16:13Z,0,1000,0,1786612816.8660722
sub_d72fe2b6a80b4b969ec4aaab687170fb,2026-08-13T08:21:11Z,2026-08-13T08:21:11Z,0,1000,0,1786613312.171129
sub_778e826a2a38402db0236ce920334f3d,2026-08-13T08:23:23Z,2026-08-13T08:23:23Z,0,1000,0,1786613311.250269
sub_f3ef7fc927424d46b0e14691966a71a3,2026-08-13T08:23:46Z,2026-08-13T08:23:46Z,1,0,0,1786609553.4063659
sub_aa7eaa6053084b51af0ddb8cc3c639d8,2026-08-13T08:24:08Z,2026-08-13T08:24:08Z,0,288,0,1786612143.9676569
sub_ffd449366321402fb9663dad00800f54,2026-08-13T08:26:41Z,2026-08-13T08:26:41Z,0,1000,0,1786613308.711623
sub_68478f8302f441db91515138bf8d6c78,2026-08-13T08:31:07Z,2026-08-13T08:31:07Z,0,1000,0,1786617998.079689
sub_91a1f99b9fc343298d90b7c58b449252,2026-08-13T08:33:13Z,2026-08-13T08:33:13Z,0,1000,0,1786617997.23592
sub_513356c34c2d49d1a2c351c305e6c176,2026-08-13T08:35:02Z,2026-08-13T08:35:02Z,0,1000,0,1786626155.899819
sub_c6440bf3063942aea216d6860cebc815,2026-08-13T08:35:12Z,2026-08-13T08:35:12Z,0,1000,0,1786617996.454338
sub_363f047e58c54f5795020e2ec9d095fb,2026-08-13T08:35:26Z,2026-08-13T08:35:26Z,0,954,0,1786626160.491554
sub_f76119a22ee4442684d52113c8094c2c,2026-08-13T08:35:52Z,2026-08-13T08:35:52Z,0,1000,0,1786617995.262965
sub_2f3b9cec4d5949838ebb84a299b353f5,2026-08-13T08:37:35Z,2026-08-13T08:37:35Z,0,1000,0,1786617994.359072
sub_2586aea6ef2a410fab3e349328fc1c9c,2026-08-13T08:38:17Z,2026-08-13T08:38:17Z,0,1000,0,1786617993.475601
sub_80b2350a776744828971c3c1c3eddeb8,2026-08-13T08:40:29Z,2026-08-13T08:40:29Z,0,1000,0,1786617992.533344
sub_3892ef9d603e48b185d7c4ea4e512673,2026-08-13T08:41:33Z,2026-08-13T08:41:33Z,0,1000,0,1786617991.623242
sub_bdfbb43fa8b84470867a727b084d054a,2026-08-13T08:43:15Z,2026-08-13T08:43:15Z,0,1000,0,1786617985.639235
sub_30cfe9bcc01e41dc8ed6edf3921aecb1,2026-08-13T08:43:42Z,2026-08-13T08:43:42Z,0,1000,0,1786641848.7189171
sub_230a0849bce841fca5cb055c2851a9b2,2026-08-13T08:44:51Z,2026-08-13T08:44:51Z,0,1000,0,1786641850.133512
sub_13e1fcc09080490b9cbad487c64e7392,2026-08-13T08:45:31Z,2026-08-13T08:45:31Z,0,1000,0,1786617984.785669
sub_9bf49c4f1da049d183c9eb6a4e986392,2026-08-13T08:46:25Z,2026-08-13T08:46:25Z,0,1000,0,1786617983.954493
sub_804c8efabd2b4409b0d0a1fc35b6d3a0,2026-08-13T08:48:37Z,2026-08-13T08:48:37Z,0,1000,0,1786617983.124059
sub_4778563c6a834b428572c13256f62ffe,2026-08-13T08:52:37Z,2026-08-13T08:52:37Z,0,11,0,1786617982.3327832
sub_743f15ac704e45669199c37992585b37,2026-08-13T08:52:37Z,2026-08-13T08:52:37Z,0,2,0,1786617981.8423162
sub_84122819bf7d461aa2666db0ff7acf2b,2026-08-13T08:55:16Z,2026-08-13T08:55:16Z,0,17,0,1786617981.3815491
sub_d3151a4b28034b6f9f549a631892f7ed,2026-08-13T09:02:43Z,2026-08-13T09:02:43Z,0,2,0,1786617980.916437
sub_e4d9b7db83f44117804444731d784aaa,2026-08-13T09:06:20Z,2026-08-13T09:06:20Z,0,4,0,1786617980.404873
sub_c91542cfa76d4f9b95b6a2c90d0f513a,2026-08-13T09:08:36Z,2026-08-13T09:08:36Z,0,127,0,1786617979.932499
sub_b9f946b1860f41c88bcae6a4c013b052,2026-08-13T09:10:59Z,2026-08-13T09:10:59Z,0,1000,0,1786617979.350154
sub_0a262df954be4a51b150b2ef2c2a661e,2026-08-13T09:14:32Z,2026-08-13T09:14:32Z,0,1000,0,1786617976.4692428
sub_c48832eddd2948ec8b23551a800843fa,2026-08-13T09:24:58Z,2026-08-13T09:24:58Z,0,86,0,1786617975.668074
sub_2d1de7307b2141ff88de20dcd8c589c6,2026-08-13T09:26:42Z,2026-08-13T09:26:42Z,0,5,0,1786617975.1274781
sub_317319a378694a01b7aae0fbaebbdd13,2026-08-13T09:26:43Z,2026-08-13T09:26:43Z,0,5,0,1786617974.6690629
sub_0a5f492d7ded42bc812d2419ccee5e6b,2026-08-13T09:30:08Z,2026-08-13T09:30:08Z,0,2,0,1786624961.8033202
sub_047129300078450bb2508f4f1cbfd9e3,2026-08-13T09:37:44Z,2026-08-13T09:37:44Z,0,8,0,1786624962.404782
sub_184056bda428442981956bb574ecb8e8,2026-08-13T10:03:16Z,2026-08-13T10:03:16Z,0,1000,0,1786623843.152745
sub_c465a659059346ad810d7623cf80d279,2026-08-13T10:03:50Z,2026-08-13T10:03:50Z,0,1000,0,1786623841.7728379
sub_c3974255fc994071bc873b55e1ed974d,2026-08-13T10:04:37Z,2026-08-13T10:04:37Z,0,1000,0,1786623840.4634528
sub_cebb3f728dea42ac99da249798b227b0,2026-08-13T10:05:16Z,2026-08-13T10:05:16Z,0,1000,0,1786623839.140817
sub_1157a6f4ea6c4b3aa51ee1c384693bd2,2026-08-13T10:19:47Z,2026-08-13T10:19:47Z,0,1000,0,1786623838.1699069
sub_297e0a4a3a084ebf953147a2a40b27b8,2026-08-13T10:20:27Z,2026-08-13T10:20:27Z,0,1000,0,1786623836.512675
sub_543174a37b63455a86b48363f5b3ce87,2026-08-13T10:26:55Z,2026-08-13T10:26:55Z,0,1000,0,1786623835.4919019
sub_b043d649aade4ac895572fcc8a5a2d1e,2026-08-13T10:28:57Z,2026-08-13T10:28:57Z,0,1000,0,1786623832.408714
sub_3c25219104ae44ccba4aacab998a5fd2,2026-08-13T10:30:18Z,2026-08-13T10:30:18Z,0,1000,0,1786623831.511341
sub_d409586eb5384187ac3b4061972df5d1,2026-08-13T10:37:50Z,2026-08-13T10:37:50Z,0,2,0,1786649581.594213
sub_29de55c407d34f219e669427848f9cae,2026-08-13T10:39:17Z,2026-08-13T10:39:17Z,0,1000,0,1786623829.7431629
sub_8ef4793ae6cb44a6a85cd18e56715b22,2026-08-13T10:42:48Z,2026-08-13T10:42:48Z,0,1000,0,1786623826.302819
sub_0edee332f316449fadf6763bbdd6b196,2026-08-13T10:51:18Z,2026-08-13T10:51:18Z,0,4,0,1786649534.993563
sub_9b587105ad10489aaad68dd452f1234f,2026-08-13T10:51:19Z,2026-08-13T10:51:19Z,0,1000,0,1786623824.954677
sub_4940cc67289147c4b753abb10580ffd6,2026-08-13T10:54:51Z,2026-08-13T10:54:51Z,0,1000,0,1786623822.391444
sub_ee4b662bc2f2436cbf16a4f3de405705,2026-08-13T11:09:28Z,2026-08-13T11:09:28Z,0,2,0,1786623039.863144
sub_59c44d4646e8420cb053ece8ae429fde,2026-08-13T11:22:16Z,2026-08-13T11:22:16Z,0,319,0,1786623129.8686101
sub_eb0f49d2d2a04b92b9d8be3b8fe96d2e,2026-08-13T12:06:02Z,2026-08-13T12:06:02Z,0,87,0,1786624050.536651
sub_564e732630d845b1af0e1328e1371a11,2026-08-13T12:11:44Z,2026-08-13T12:11:44Z,0,716,0,1786624049.7061381
sub_fdf05a160f8b48a2a72a4bde05116fb9,2026-08-13T12:13:10Z,2026-08-13T12:13:10Z,0,24,0,1786626450.8583732
sub_3f8dcaef9c4f43b8bb13a82490e2b85d,2026-08-13T12:41:07Z,2026-08-13T12:41:07Z,0,1000,0,1786625519.573139
sub_d6e54dc047714e74ad2729d03a5415b7,2026-08-13T12:42:17Z,2026-08-13T12:42:17Z,0,1000,0,1786625520.7906618
sub_fc4fdc82037242759a199299ce26d55b,2026-08-13T12:56:33Z,2026-08-13T12:56:33Z,0,1000,0,1786626428.393141
sub_c854d79a3c584a1497b6e53d5d14f177,2026-08-13T13:02:08Z,2026-08-13T13:02:08Z,0,176,0,1786626427.3668811
sub_185faece743a40f1b0818e8c2f28b544,2026-08-13T13:11:26Z,2026-08-13T13:11:26Z,0,2,0,1786627147.456778
sub_611526f26d704bd8b3c08bf247b1ede9,2026-08-13T13:16:11Z,2026-08-13T13:16:11Z,0,1000,0,1786627150.8850849
sub_01bfab8ef6694dfd9ed87e28fda8cca1,2026-08-13T13:30:43Z,2026-08-13T13:30:43Z,0,1000,0,1786628195.260173
sub_5efbbf837a8b4d909341b6d39198e30b,2026-08-13T13:36:37Z,2026-08-13T13:36:37Z,0,1000,0,1786628434.811606
sub_8dc857ef65bc4ff0a9316a80f84c6fc1,2026-08-13T13:41:27Z,2026-08-13T13:41:27Z,0,1000,0,1786628721.42685
sub_d29ca4a408854f77866cabf750645b7b,2026-08-13T13:51:02Z,2026-08-13T13:51:02Z,1000,0,0,1786629181.737101
sub_10de8b1d0b0c446f94aefa92e5bbc2a3,2026-08-13T14:02:44Z,2026-08-13T14:02:44Z,0,1000,0,1786630510.485447
sub_dd2c4049509449c4a855e44b76da1cd1,2026-08-13T14:03:42Z,2026-08-13T14:03:42Z,0,1,0,1786636580.563792
sub_7ad3ad7b8eb745f399368194e61ac684,2026-08-13T14:05:04Z,2026-08-13T14:05:04Z,4,0,0,1786630136.088232
sub_8063ff2c022d4e9eb7aceba4cae69cab,2026-08-13T14:11:00Z,2026-08-13T14:11:00Z,0,4,0,1786636540.145524
sub_36a5c28fa51541c6874a1b1220d2a211,2026-08-13T14:17:34Z,2026-08-13T14:17:34Z,0,1000,0,1786649551.746398
sub_d669a4beee3e4d1f93f26241cf43e7cb,2026-08-13T14:18:01Z,2026-08-13T14:18:01Z,0,2,0,1786636540.955425
sub_8830e7d4af2840b19ac7d61ee62ed0ab,2026-08-13T14:21:24Z,2026-08-13T14:21:24Z,0,1000,0,1786631023.17501
sub_802b83adb173438e931705f589b216a7,2026-08-13T14:23:20Z,2026-08-13T14:23:20Z,0,24,0,1786636581.489541
sub_f64c900f8eae4dbab0ed49c7e01e755a,2026-08-13T14:26:25Z,2026-08-13T14:26:25Z,0,1000,0,1786636585.837864
sub_443ced3957184e8bb6cca83e2e6eb2ee,2026-08-13T14:28:33Z,2026-08-13T14:28:33Z,0,11,0,1786636586.4071949
sub_81549be7ed274ebc92c93a41a65c1cd3,2026-08-13T14:36:24Z,2026-08-13T14:36:24Z,0,1,0,1786640744.1333592
sub_2332dc2bc3ec4be3bdd1a99f4a0143cc,2026-08-13T14:44:21Z,2026-08-13T14:44:21Z,0,1,0,1786640182.329249
sub_83d2bf71bf7e425e891296102a553298,2026-08-13T14:51:32Z,2026-08-13T14:51:32Z,0,1,0,1786640181.840927
sub_b343441f29c74ba389fc62ab6e485d8c,2026-08-13T14:53:11Z,2026-08-13T14:53:11Z,0,1,0,1786640181.3569028
sub_da4a5c63061e4276a0d4e49f6592c3d2,2026-08-13T15:10:50Z,2026-08-13T15:10:50Z,0,1,0,1786640178.863445
sub_31c176863d484d42977d507148dfa599,2026-08-13T15:18:21Z,2026-08-13T15:18:21Z,0,1,0,1786640178.2042508
sub_2b47b35e235a4f4296067075e8b434fc,2026-08-13T15:31:45Z,2026-08-13T15:31:45Z,0,1,0,1786640175.823039
sub_cdbee43dff244198b65ac9a74b489071,2026-08-13T15:42:09Z,2026-08-13T15:42:09Z,1,0,0,1786640461.7219808
sub_5e3277c5a9354553b3498ae24279287d,2026-08-13T15:48:32Z,2026-08-13T15:48:32Z,1,0,0,1786640461.739933
sub_664536e05f274bdc968c9c231a59422d,2026-08-13T16:06:54Z,2026-08-13T16:06:54Z,1,0,0,1786640461.72467
sub_e4077daedd5c433e9ccb5b17f4accddc,2026-08-13T16:14:52Z,2026-08-13T16:14:52Z,1,0,0,1786640461.720742
sub_90ab8edbb493498cadf91598dfb65c35,2026-08-13T17:11:20Z,2026-08-13T17:11:20Z,0,2,0,1786642540.8726
sub_7ddc13754864402c9cf1da94da1f545f,2026-08-13T17:20:08Z,2026-08-13T17:20:08Z,0,2,0,1786642541.419093
sub_0ee2d0faed9245998cc2ed49e509a3c0,2026-08-13T17:33:14Z,2026-08-13T17:33:14Z,0,1000,0,1786642769.224063
sub_f9a5c9c338304ed9b52e8be3339c2bf0,2026-08-13T17:33:53Z,2026-08-13T17:33:53Z,0,1000,0,1786643249.549352
sub_326acce74b774c7baa7faa79dcc8e9e1,2026-08-13T17:38:40Z,2026-08-13T17:38:40Z,0,1000,0,1786643250.865665
sub_82583dc1e7c845a5a0bc902540caddd7,2026-08-13T17:38:51Z,2026-08-13T17:38:51Z,0,1000,0,1786643251.873618
sub_f9469baabe7648469f789d53fa5ec4c6,2026-08-13T17:39:04Z,2026-08-13T17:39:04Z,0,1000,0,1786643252.912641
sub_92a55001f0a24ee2b7a9f424063c7431,2026-08-13T17:39:15Z,2026-08-13T17:39:15Z,0,1000,0,1786643253.993072
sub_169ffd856deb4aaf8e92735873323a5e,2026-08-13T17:39:27Z,2026-08-13T17:39:27Z,0,1000,0,1786643255.028517
sub_b831b4cfd0a0476e9b30c2f035db02e3,2026-08-13T17:45:58Z,2026-08-13T17:45:58Z,1,0,0,1786643255.602732
sub_baf47b69e0a341a09ef120115fcc0684,2026-08-13T18:04:30Z,2026-08-13T18:04:30Z,0,9,0,1786644777.2703738
sub_ff715a6c7eaa4613828764a22978214b,2026-08-13T18:09:06Z,2026-08-13T18:09:06Z,0,92,0,1786644631.0552242
sub_2687b536bf0d4a0eb2918a4b6604e853,2026-08-13T18:22:15Z,2026-08-13T18:22:15Z,0,29,0,1786645539.363141
sub_85993fb214964781a9323ca854e8eecc,2026-08-13T18:25:19Z,2026-08-13T18:25:19Z,0,3,0,1786645678.691524
sub_df4ef8f452dd404fa30c918bdc3aa4a3,2026-08-13T18:25:52Z,2026-08-13T18:25:52Z,0,40,0,1786645679.160877
sub_0bb26e07bfff44b0b8181063683a40f2,2026-08-13T18:30:04Z,2026-08-13T18:30:04Z,0,518,0,1786645967.946914
sub_5b32c9f3b6e440b7b53f4bfc347c4a93,2026-08-13T18:40:30Z,2026-08-13T18:40:30Z,0,143,0,1786646648.716664
sub_12ce42f2e3d44ea5a92ef1fd18c14084,2026-08-13T18:42:42Z,2026-08-13T18:42:42Z,0,1000,0,1786646807.095218
sub_bba1b1162ab44704830f4e0900dc5e1b,2026-08-13T18:42:43Z,2026-08-13T18:42:43Z,0,643,0,1786646807.984216
sub_b9d4f7361534461487f0fada2f010519,2026-08-13T18:44:07Z,2026-08-13T18:44:07Z,0,420,0,1786646971.816101
sub_ac8537cab7bf48889d0f110275cfb9d4,2026-08-13T18:45:33Z,2026-08-13T18:45:33Z,0,1000,0,1786646972.779753
sub_ab850d4cd7b54167b92b00815f41c470,2026-08-13T18:45:34Z,2026-08-13T18:45:34Z,0,1000,0,1786647178.223998
sub_5da39416f2864300aa96143edb80135f,2026-08-13T18:45:36Z,2026-08-13T18:45:36Z,0,694,0,1786647179.0814998
sub_78323cababf846e1b007b670d47cb388,2026-08-13T18:49:06Z,2026-08-13T18:49:06Z,1000,0,0,1786647179.852072
sub_99d6e09c31b54ca5a07fae6e99ccf02e,2026-08-13T18:49:07Z,2026-08-13T18:49:07Z,0,1000,0,1786649574.830168
sub_b456b685d6354cb0ba3537d2e63384b8,2026-08-13T18:49:08Z,2026-08-13T18:49:08Z,0,920,0,1786649578.271601
sub_7f2cd435a53648b8af66ae91ba7b669c,2026-08-13T18:52:41Z,2026-08-13T18:52:41Z,0,1000,0,1786647686.897394
sub_e194c9fbb5fa48d1bca94d385d647616,2026-08-13T18:52:42Z,2026-08-13T18:52:42Z,0,1000,0,1786647687.893628
sub_dc904a81becd4641afa40726f3298713,2026-08-13T18:52:43Z,2026-08-13T18:52:43Z,0,465,0,1786647983.619197
sub_742df67dd709468a8e909afb00d20309,2026-08-13T18:59:02Z,2026-08-13T18:59:02Z,0,1000,0,1786647984.712914
sub_d928b7db069742078e0459a27cd7b215,2026-08-13T18:59:03Z,2026-08-13T18:59:03Z,0,1000,0,1786647985.501429
sub_3ce45f83f4164cfe8ffa636e2183f1cc,2026-08-13T18:59:06Z,2026-08-13T18:59:06Z,0,746,0,1786647986.2690198
sub_c4a3aa7df7f541768d235e330ee5f277,2026-08-13T19:09:36Z,2026-08-13T19:09:36Z,0,3,0,1786648346.62383
sub_487a37e3de914560856edf9837662152,2026-08-13T19:12:20Z,2026-08-13T19:12:20Z,0,389,0,1786648501.235884
sub_958958100efa428ebc975cf15b07e56e,2026-08-13T19:17:48Z,2026-08-13T19:17:48Z,0,2,0,1786648835.003983
sub_1d9f80f96490484fb939365198780e02,2026-08-13T19:17:49Z,2026-08-13T19:17:49Z,0,2,0,1786648835.595874
sub_1f3c9293b24347b59d0a4ded7cf4f618,2026-08-13T19:20:26Z,2026-08-13T19:20:26Z,0,126,0,1786651983.7645838
sub_9c91ee1b93fe4c588b87973edd50c65a,2026-08-13T19:22:58Z,2026-08-13T19:22:58Z,0,1000,0,1786654634.333159
sub_2223e9ded13d4a688059a5d88cda61ec,2026-08-13T19:29:07Z,2026-08-13T19:29:07Z,0,54,0,1786654634.0027342
sub_4148bead7c5647e5b1eb305a7d5fedb8,2026-08-13T19:45:32Z,2026-08-13T19:45:32Z,0,1,0,1786654633.953106
sub_4a5433794e3a4b00bb02c49fba67c7a7,2026-08-13T19:46:49Z,2026-08-13T19:46:49Z,0,1,0,1786654633.9523
sub_2f1b282016f9485c8f64e868b81a371a,2026-08-13T19:50:38Z,2026-08-13T19:50:38Z,0,900,0,1786654634.0776901
sub_baf7e415263c460ebb43ed34c19dc49e,2026-08-13T19:50:40Z,2026-08-13T19:50:40Z,0,900,0,1786654633.87776
sub_7899cea75602417e8335511f3fc5199b,2026-08-13T19:50:41Z,2026-08-13T19:50:41Z,0,900,0,1786654633.736655
sub_96ac8a3bfd2a4437bdad74b208811454,2026-08-13T19:50:43Z,2026-08-13T19:50:43Z,0,900,0,1786654633.586687
sub_61559b1448b545c28cf08f55c8306861,2026-08-13T19:50:44Z,2026-08-13T19:50:44Z,0,900,0,1786654633.806638
sub_dde3e89ddc284cba9cbdc032575e38a8,2026-08-13T19:50:46Z,2026-08-13T19:50:46Z,0,900,0,1786654633.431902
sub_d112c6298e0647e283373c72eba52414,2026-08-13T19:50:49Z,2026-08-13T19:50:49Z,0,900,0,1786654633.6599
sub_ac3d7c2af6104721887b1976a5df0317,2026-08-13T19:50:50Z,2026-08-13T19:50:50Z,0,900,0,1786654633.505493
sub_7705eed62fad4e3ba21c8533649693a6,2026-08-13T19:50:52Z,2026-08-13T19:50:52Z,0,900,0,1786654633.325387
sub_8dea57f79b2841c2b1e46038e76597ae,2026-08-13T19:50:53Z,2026-08-13T19:50:53Z,0,900,0,1786654633.0882492
sub_8b422374c8224c7c86ae2cb667c15a24,2026-08-13T19:50:54Z,2026-08-13T19:50:54Z,0,900,0,1786654633.018581
sub_c1e60dd19ec5498eb57e8aeb627f3c26,2026-08-13T19:50:56Z,2026-08-13T19:50:56Z,0,900,0,1786654632.9469
sub_9c34e1df2a8c490290dbfacdf0ee87e3,2026-08-13T19:50:59Z,2026-08-13T19:50:59Z,0,900,0,1786654632.7371168
sub_73cbd1e8ecbb4bc4ada9f287ac97442e,2026-08-13T19:51:00Z,2026-08-13T19:51:00Z,0,900,0,1786654632.808863
sub_3ae781c6cc3a4f2ea4e89890e6096c83,2026-08-13T19:51:03Z,2026-08-13T19:51:03Z,0,900,0,1786654632.8755982
sub_a163cffb89b242cd9ef868a04854b53a,2026-08-13T19:51:04Z,2026-08-13T19:51:04Z,0,900,0,1786712791.441801
sub_03b7c50579754ecd92fec8202d02008d,2026-08-13T19:51:06Z,2026-08-13T19:51:06Z,0,900,0,1786712791.372043
sub_2228b2bc12e745de8f5326b91b980748,2026-08-13T19:51:09Z,2026-08-13T19:51:09Z,0,900,0,1786712791.32905
sub_cd16694f4b774909b0418fc63fa3df34,2026-08-13T19:51:10Z,2026-08-13T19:51:10Z,0,900,0,1786712791.248645
sub_b8b6dc8939c74f23a6cdb6118d45b225,2026-08-13T19:51:13Z,2026-08-13T19:51:13Z,0,900,0,1786712791.155127
sub_27c259df45a04a678b4dfcc016202217,2026-08-13T19:51:14Z,2026-08-13T19:51:14Z,0,900,0,1786712791.204247
sub_efc20936063a4dfdb4c09638c305f955,2026-08-13T19:51:15Z,2026-08-13T19:51:15Z,0,900,0,1786712790.732182
sub_bc20c5a0e78f48d7a9bbecb5e74a2db9,2026-08-13T19:51:16Z,2026-08-13T19:51:16Z,0,900,0,1786712790.628278
sub_0e2ca948cae4424394397fdebdf3c9d6,2026-08-13T19:51:17Z,2026-08-13T19:51:17Z,0,900,0,1786712790.5425038
sub_54b458ee3c4e4b99b9f4d1a6d160eaae,2026-08-13T19:51:18Z,2026-08-13T19:51:18Z,0,900,0,1786712790.584639
sub_b932e12c4ccb4d77903f817e416c2cd1,2026-08-13T19:51:21Z,2026-08-13T19:51:21Z,0,900,0,1786712790.4380538
sub_03783cf3e4eb4338921bcc68f017b79a,2026-08-14T00:00:06Z,2026-08-14T00:00:06Z,0,1000,0,1786712790.3061519
sub_7662b1608925430b82fab621afb95b0d,2026-08-14T00:00:11Z,2026-08-14T00:00:11Z,0,1000,0,1786712790.482174
sub_9873b74abddc4302afe334c6499267ec,2026-08-14T00:00:17Z,2026-08-14T00:00:17Z,0,1000,0,1786712790.3753831
sub_a2f778c3c6d6414d9005bd57497b8da2,2026-08-14T00:00:21Z,2026-08-14T00:00:21Z,0,1000,0,1786712789.758209
sub_777e291b1f8242eeaa5c487003261274,2026-08-14T00:00:24Z,2026-08-14T00:00:24Z,0,1000,0,1786712789.9366112
sub_6a9a9f997a7643f882b48de504128efa,2026-08-14T00:00:28Z,2026-08-14T00:00:28Z,0,1000,0,1786712789.701459
sub_bfa7abadc41e4856b6d08cbaaa544be5,2026-08-14T00:00:31Z,2026-08-14T00:00:31Z,0,1000,0,1786712789.8180852
sub_06ce6c298ced4144b51173f12841ecd6,2026-08-14T00:00:34Z,2026-08-14T00:00:34Z,0,44,0,1786712789.426775
sub_81fa0021ecfb4738b0d8e75d54911306,2026-08-14T00:00:38Z,2026-08-14T00:00:38Z,0,1000,0,1786712789.639085
sub_fe58c20c0c004006973b708221846f74,2026-08-14T00:00:42Z,2026-08-14T00:00:42Z,0,1000,0,1786712789.502971
sub_6fff1717fc6649da82e0dd049b1e431d,2026-08-14T00:00:45Z,2026-08-14T00:00:45Z,0,1000,0,1786712789.572924
sub_a047b231c67945b3a44e85adb6077fc5,2026-08-14T00:00:48Z,2026-08-14T00:00:48Z,0,1000,0,1786712789.076854
sub_2020356fde1b4181a6431c34f598c768,2026-08-14T00:00:51Z,2026-08-14T00:00:51Z,0,1000,0,1786712789.207723
sub_98e0ede8744a4dccabdb2ac557a2f24e,2026-08-14T00:00:54Z,2026-08-14T00:00:54Z,0,1000,0,1786712788.938586
sub_5bae83ee6f31486fbb332389e9600d88,2026-08-14T00:00:56Z,2026-08-14T00:00:56Z,0,1000,0,1786712789.009183
sub_8cbc190dc26142c8b7a2e3548e23a4cb,2026-08-14T00:00:59Z,2026-08-14T00:00:59Z,0,1000,0,1786712789.1429389
sub_0c50968028e948a9b38f45fd6a2612f1,2026-08-14T00:01:02Z,2026-08-14T00:01:02Z,0,1000,0,1786712788.25168
sub_0860f65cc5154f7db1d50dd53ebd8053,2026-08-14T00:01:05Z,2026-08-14T00:01:05Z,0,1000,0,1786712788.187379
sub_11ce4d86c8774b10a731611d6124b434,2026-08-14T00:01:08Z,2026-08-14T00:01:08Z,0,1000,0,1786712788.104625
sub_b1f7a3dc410d4e6e86e0c8e154148fbf,2026-08-14T00:01:11Z,2026-08-14T00:01:11Z,0,1000,0,1786712788.037857
sub_eb6c9bb418cc43628d658b7312977296,2026-08-14T00:01:14Z,2026-08-14T00:01:14Z,0,1000,0,1786712787.905136
sub_86f09d21f2124207a5b9edb0e23aa99f,2026-08-14T00:01:17Z,2026-08-14T00:01:17Z,0,1000,0,1786712787.970816
sub_dce993c14c7e446f83d07d512433a46a,2026-08-14T00:01:19Z,2026-08-14T00:01:19Z,0,1000,0,1786712787.580673
sub_ae2ec2f0721a4610aed0e836feb6a6c2,2026-08-14T00:01:22Z,2026-08-14T00:01:22Z,0,1000,0,1786712787.64992
sub_255f70b01e0a413c9448a296c11d2684,2026-08-14T00:01:26Z,2026-08-14T00:01:26Z,0,1000,0,1786712787.398954
sub_0f8d49b2a8054da88ca17c8c4d632179,2026-08-14T00:01:28Z,2026-08-14T00:01:28Z,0,1000,0,1786712787.264101
sub_caef22aadbab439593d2b25eceaf2f4d,2026-08-14T00:01:31Z,2026-08-14T00:01:31Z,0,1000,0,1786712787.330704
sub_cffac02432814faa8190dae8cee0fa02,2026-08-14T00:01:33Z,2026-08-14T00:01:33Z,0,1000,0,1786712787.195622
sub_318b757a74fc42a9874231bfb3b25852,2026-08-14T00:01:36Z,2026-08-14T00:01:36Z,0,1000,0,1786712787.05527
sub_89da7df1848647c9966793abce508eb9,2026-08-14T00:01:39Z,2026-08-14T00:01:39Z,0,1000,0,1786712787.124892
sub_f5ce806442b44d2996b1242de873cd29,2026-08-14T00:01:42Z,2026-08-14T00:01:42Z,0,1000,0,1786712786.684009
sub_b46a29ce50954381a4f1afb28bd4a801,2026-08-14T00:01:46Z,2026-08-14T00:01:46Z,0,1000,0,1786712786.754922
sub_d193157e55154662ba1bce1e36147a9a,2026-08-14T00:01:49Z,2026-08-14T00:01:49Z,0,1000,0,1786712786.26753
sub_41ed830fd0d043508187e7c0ff9a7277,2026-08-14T00:01:54Z,2026-08-14T00:01:54Z,0,1000,0,1786712785.7828648
sub_7cbc7f23d4d34caea5b86e47418e01ae,2026-08-14T00:01:58Z,2026-08-14T00:01:58Z,0,1000,0,1786712785.713043
sub_b0311bf172a24f98838e383bf4bc56e1,2026-08-14T00:02:00Z,2026-08-14T00:02:00Z,0,1000,0,1786712785.637836
sub_6446b3929f9e43168c1cf0b945caea1d,2026-08-14T00:02:04Z,2026-08-14T00:02:04Z,0,1000,0,1786712785.524438
sub_103079b1787948e4954b40b34b3c0672,2026-08-14T00:02:06Z,2026-08-14T00:02:06Z,0,1000,0,1786712785.4357278
sub_6edf0a55f66444b28a8b6d7fa8384454,2026-08-14T00:02:11Z,2026-08-14T00:02:11Z,0,1000,0,1786712785.36671
sub_c44dff5b91f54f2787938923f5e3be52,2026-08-14T00:02:14Z,2026-08-14T00:02:14Z,0,1000,0,1786712785.129956
sub_b36f895131d844c9b61203f5bd64630e,2026-08-14T00:02:19Z,2026-08-14T00:02:19Z,0,1000,0,1786712785.027182
sub_d6c77fa357e8419d8ca285164d860dce,2026-08-14T00:02:22Z,2026-08-14T00:02:22Z,0,1000,0,1786712784.8945558
sub_fa3eebc843e44e86af88f6c567588088,2026-08-14T00:02:25Z,2026-08-14T00:02:25Z,0,1000,0,1786712784.961698
sub_3103d48026fd4affa401b7dd2407c8fe,2026-08-14T00:02:28Z,2026-08-14T00:02:28Z,0,1000,0,1786712784.827708
sub_c6b43ac339854bd6bf04877d63229fc2,2026-08-14T00:02:32Z,2026-08-14T00:02:32Z,0,1000,0,1786712784.679492
sub_8e11af5f007446948d703175c97fc731,2026-08-14T00:02:36Z,2026-08-14T00:02:36Z,0,1000,0,1786712784.467693
sub_d044465f12274870927d1b2db5170ba8,2026-08-14T00:02:39Z,2026-08-14T00:02:39Z,0,1000,0,1786712784.397304
sub_e34998ec3df64f91a1b3b185d722579a,2026-08-14T00:02:43Z,2026-08-14T00:02:43Z,0,1000,0,1786712784.262679
sub_fd2d61d867174df284da3c1d3d509d7c,2026-08-14T00:02:45Z,2026-08-14T00:02:45Z,0,1000,0,1786712784.197105
sub_169d64a24fd0487bb1f5f0c60b3c7ae5,2026-08-14T00:02:48Z,2026-08-14T00:02:48Z,0,1000,0,1786712783.951618
sub_f84110ac43014ddf86228c54113ec295,2026-08-14T00:02:53Z,2026-08-14T00:02:53Z,0,1000,0,1786712784.126762
sub_d44c79258f4c4099bf2b3c4acb154673,2026-08-14T00:02:56Z,2026-08-14T00:02:56Z,0,1000,0,1786712783.872915
sub_3bec1c331e424f05a0986c9462bba7e7,2026-08-14T00:02:58Z,2026-08-14T00:02:58Z,0,1000,0,1786712783.7320042
sub_57fd21c2f75e45a5bde5a4a55d2d481c,2026-08-14T00:03:03Z,2026-08-14T00:03:03Z,0,1000,0,1786712783.633507
sub_88ae951b3d304189aa044c97413cbd1a,2026-08-14T00:03:06Z,2026-08-14T00:03:06Z,0,1000,0,1786712783.4978821
sub_d49d281f438149f7aeeea203dc2a943d,2026-08-14T00:03:08Z,2026-08-14T00:03:08Z,0,1000,0,1786712783.567681
sub_29543017be2f425481990f35012b85ee,2026-08-14T00:03:11Z,2026-08-14T00:03:11Z,0,1000,0,1786712783.292476
sub_4b5ea9203a094edaa4a41340568eea24,2026-08-14T00:03:14Z,2026-08-14T00:03:14Z,0,1000,0,1786712783.184649
sub_c924456b5b764502b0b1dce4582cfcd8,2026-08-14T00:03:20Z,2026-08-14T00:03:20Z,0,1000,0,1786712783.114197
sub_678327f886ec491f852dc6750a13d879,2026-08-14T00:03:23Z,2026-08-14T00:03:23Z,0,1000,0,1786712783.001748
sub_2f0cd2649203485db56d5343c30c2961,2026-08-14T00:03:25Z,2026-08-14T00:03:25Z,0,1000,0,1786712782.839278
sub_99054f8809d0460193f0fa113482cd78,2026-08-14T00:03:28Z,2026-08-14T00:03:28Z,0,1000,0,1786712782.772984
sub_2ac0faa6cc9a4f25af6496c193b29fe9,2026-08-14T00:03:31Z,2026-08-14T00:03:31Z,0,1000,0,1786712782.704884
sub_990df9fee3204cb0b39544f959bc7518,2026-08-14T00:03:35Z,2026-08-14T00:03:35Z,0,1000,0,1786712782.633898
sub_63598585502e43d3b621fa916277cac2,2026-08-14T00:03:38Z,2026-08-14T00:03:38Z,0,1000,0,1786712782.345981
sub_171498a353fc4669999e2304fa8a0387,2026-08-14T00:03:40Z,2026-08-14T00:03:40Z,0,1000,0,1786712782.280788
sub_0621e4b95e8b426a9639414623ad6236,2026-08-14T00:03:44Z,2026-08-14T00:03:44Z,0,1000,0,1786712782.2127612
sub_998c61520e444e5ab901fe10ec7879ff,2026-08-14T00:03:48Z,2026-08-14T00:03:48Z,0,1000,0,1786712782.1231081
sub_4bbd7afebdb044b4b3aa2818ba1684c6,2026-08-14T00:03:51Z,2026-08-14T00:03:51Z,0,1000,0,1786712781.910732
sub_e43741fd33b9459f9db168b54781d169,2026-08-14T00:03:53Z,2026-08-14T00:03:53Z,0,1000,0,1786712781.835019
sub_c6f51397537b46db855093c770b53682,2026-08-14T00:03:56Z,2026-08-14T00:03:56Z,0,1000,0,1786712781.494642
sub_c0e17b4ec77e4e98bc03a62b400338d6,2026-08-14T00:03:59Z,2026-08-14T00:03:59Z,0,1000,0,1786712781.696587
sub_209f871615914c1184789b2b4ace22e9,2026-08-14T00:04:02Z,2026-08-14T00:04:02Z,0,1000,0,1786712781.768033
sub_f5213686b5e9485d87236255f5fe4da0,2026-08-14T00:04:06Z,2026-08-14T00:04:06Z,0,1000,0,1786712781.322818
sub_efb73ae7fa464613a99a9d76d41ef934,2026-08-14T00:04:08Z,2026-08-14T00:04:08Z,0,1000,0,1786712781.1472158
sub_aa604080063143a8844d7494487815b1,2026-08-14T00:04:12Z,2026-08-14T00:04:12Z,0,1000,0,1786712781.252674
sub_8dba4a166e084495bcdb828e6a70658e,2026-08-14T00:04:14Z,2026-08-14T00:04:14Z,0,1000,0,1786712780.686252
sub_b50ee34051a244a59d7e91ed6070289d,2026-08-14T00:04:17Z,2026-08-14T00:04:17Z,0,1000,0,1786712780.752723
sub_84a8a677b1444327849bc99369c0ae0f,2026-08-14T00:04:20Z,2026-08-14T00:04:20Z,0,1000,0,1786712780.547186
sub_341c04f7172340ef9e2f908f3af3356e,2026-08-14T00:04:22Z,2026-08-14T00:04:22Z,0,1000,0,1786712780.61552
sub_891866f97d29431ea36aa052adee369d,2026-08-14T00:04:26Z,2026-08-14T00:04:26Z,0,1000,0,1786712780.434836
sub_9634f40efa5c495f81b32265b3b98a9f,2026-08-14T00:04:31Z,2026-08-14T00:04:31Z,0,1000,0,1786712779.5722198
sub_54e8d2a9374d492e868ea4687d44f48f,2026-08-14T00:04:34Z,2026-08-14T00:04:34Z,0,1000,0,1786712779.917323
sub_f2ed4e0277aa4a9bb83815aa66bac22d,2026-08-14T00:04:37Z,2026-08-14T00:04:37Z,0,1000,0,1786712779.988968
sub_d1ce505fe45e4c94893dc34e2469d40f,2026-08-14T00:04:40Z,2026-08-14T00:04:40Z,0,1000,0,1786712779.779747
sub_cc6b1ae7a7584917acd18962fd1f8f25,2026-08-14T00:04:43Z,2026-08-14T00:04:43Z,0,1000,0,1786712779.849256
sub_b0186e40193b49dc85c55bad14c8eb85,2026-08-14T00:04:48Z,2026-08-14T00:04:48Z,0,1000,0,1786712779.641449
sub_45b6aa5612114e1c9df1bdb9087aeb6b,2026-08-14T00:04:50Z,2026-08-14T00:04:50Z,0,1000,0,1786712779.495992
sub_44796f2ca1f7467bb228b76fb9602884,2026-08-14T00:04:54Z,2026-08-14T00:04:54Z,0,1000,0,1786712779.711133
sub_b13a7aae2a974fceb9f5aa0f0d6b4fc7,2026-08-14T00:04:59Z,2026-08-14T00:04:59Z,0,1000,0,1786712764.4189088
sub_825eebf7182641fe8c6477734c5290ee,2026-08-14T00:05:01Z,2026-08-14T00:05:01Z,0,1000,0,1786712764.2770681
sub_ef2c651029a24904aba8a7b66e7990a8,2026-08-14T00:05:04Z,2026-08-14T00:05:04Z,0,1000,0,1786712764.348932
sub_04dbc4a38a8940e9b8d37b4b2c54b388,2026-08-14T00:05:08Z,2026-08-14T00:05:08Z,0,1000,0,1786712764.088799
sub_39f64226ccdd4af5aea8cd3c42b68a00,2026-08-14T00:05:13Z,2026-08-14T00:05:13Z,0,1000,0,1786712764.4886348
sub_f93218a2f9c94341b5149198b9b7aa54,2026-08-14T00:05:17Z,2026-08-14T00:05:17Z,0,1000,0,1786712764.162553
sub_7e6278e0d67a4360b8bdcb374d4e4e9a,2026-08-14T00:05:21Z,2026-08-14T00:05:21Z,0,1000,0,1786712764.5575738
sub_b365a725c2334625ae13382d52379d34,2026-08-14T00:05:26Z,2026-08-14T00:05:26Z,0,1000,0,1786712763.480472
sub_8683dee37eca47c8bd981e5fd96de7da,2026-08-14T00:05:29Z,2026-08-14T00:05:29Z,0,1000,0,1786712761.957263
sub_d4d3339c169d4a60a48aa9b03163200b,2026-08-14T00:05:33Z,2026-08-14T00:05:33Z,0,1000,0,1786712761.8829598
sub_e8865ccf70bf4add81ecf3bca1967684,2026-08-14T00:05:39Z,2026-08-14T00:05:39Z,0,1000,0,1786712761.7329578
sub_cb56ab41e176441ebf766e028424ea64,2026-08-14T00:05:42Z,2026-08-14T00:05:42Z,0,1000,0,1786712761.805902
sub_6928b821a6704be2b675ba7c23f5b3f2,2026-08-14T00:05:45Z,2026-08-14T00:05:45Z,0,1000,0,1786712761.581572
sub_0d9cd37c53784ab0b7a178a693ffdcce,2026-08-14T00:05:50Z,2026-08-14T00:05:50Z,0,1000,0,1786712761.6582148
sub_7ec17cda3504426cb5116bb75bb1b03a,2026-08-14T00:05:52Z,2026-08-14T00:05:52Z,0,1000,0,1786712761.50418
sub_de5682f3eb2b43d586b1522c8d991f33,2026-08-14T00:05:57Z,2026-08-14T00:05:57Z,0,1000,0,1786712761.3657541
sub_d9f5c0c4f0a340f8b71903608b1fcf13,2026-08-14T00:06:02Z,2026-08-14T00:06:02Z,0,1000,0,1786712760.972408
sub_ddbcfca9bc214ee889b5b73f2949aaa2,2026-08-14T00:06:05Z,2026-08-14T00:06:05Z,0,1000,0,1786712760.813457
sub_1b667877fa8b452c874c590eedcb1896,2026-08-14T00:06:08Z,2026-08-14T00:06:08Z,0,1000,0,1786712760.505022
sub_e6727d6dd075467d9dbdd20c4e5277c7,2026-08-14T00:06:12Z,2026-08-14T00:06:12Z,0,1000,0,1786712760.889822
sub_af1e9ed744a0422ea8f1b346b697374d,2026-08-14T00:06:16Z,2026-08-14T00:06:16Z,0,1000,0,1786712760.663491
sub_92830b07481f4b9b8404a6b0ab5eb1d2,2026-08-14T00:06:19Z,2026-08-14T00:06:19Z,0,1000,0,1786712760.739739
sub_6f992e470d4448af87afb1e86127d81c,2026-08-14T00:06:22Z,2026-08-14T00:06:22Z,0,1000,0,1786712760.584938
sub_f73bb9c4faad43a696d7d2b1404e4be7,2026-08-14T00:06:30Z,2026-08-14T00:06:30Z,0,1000,0,1786712760.4225228
sub_2ef9b9d50b2147c8801affa1c24dbd11,2026-08-14T00:06:33Z,2026-08-14T00:06:33Z,0,1000,0,1786712759.770011
sub_162fe47fc50243f8bdc62b66a55b7563,2026-08-14T00:06:36Z,2026-08-14T00:06:36Z,0,1000,0,1786712759.4695108
sub_d209261db47a40dc8090230f7cfb8de7,2026-08-14T00:06:39Z,2026-08-14T00:06:39Z,0,1000,0,1786712759.3889952
sub_be96a9c342464f48933a9a493e426065,2026-08-14T00:06:46Z,2026-08-14T00:06:46Z,0,1000,0,1786712759.304487
sub_de35919da32647409b1725fb2b67726e,2026-08-14T00:06:49Z,2026-08-14T00:06:49Z,0,1000,0,1786712758.888108
sub_01082f8511d2435589f45870b4cc5f12,2026-08-14T00:06:53Z,2026-08-14T00:06:53Z,0,1000,0,1786712759.224397
sub_bd64cc08d0494510bc924695ad002620,2026-08-14T00:06:56Z,2026-08-14T00:06:56Z,0,1000,0,1786712758.979983
sub_40620fc74842477fac5600c7a9e9de1e,2026-08-14T00:06:58Z,2026-08-14T00:06:58Z,0,1000,0,1786712759.145733
sub_069f73cfff054f1e84e89c2e5f3cab62,2026-08-14T00:07:05Z,2026-08-14T00:07:05Z,0,1000,0,1786712759.062219
sub_2e4acd951e7d420ca8154fa7e52cd8ab,2026-08-14T00:07:08Z,2026-08-14T00:07:08Z,0,1000,0,1786712758.283168
sub_b7101b91a3d749ebbbb2db966e011238,2026-08-14T00:07:11Z,2026-08-14T00:07:11Z,0,1000,0,1786712758.373785
sub_e91c1ae417a64879a2345abc627c740a,2026-08-14T00:07:16Z,2026-08-14T00:07:16Z,0,1000,0,1786712757.455588
sub_4b85e8f6ad2343098522b13db8de9467,2026-08-14T00:07:18Z,2026-08-14T00:07:18Z,0,1000,0,1786712757.542976
sub_cbcc59c256d94d5bbc104a02bb8b98f8,2026-08-14T00:07:21Z,2026-08-14T00:07:21Z,0,1000,0,1786712757.8562298
sub_d368927412f84ba68f7d55ef91335815,2026-08-14T00:07:24Z,2026-08-14T00:07:24Z,0,1000,0,1786712757.365128
sub_a3841a0a57a14a498897de7473a3820c,2026-08-14T00:07:29Z,2026-08-14T00:07:29Z,0,1000,0,1786712757.2784462
sub_2f7b1a0fc0a641c29f444be92a7be3b5,2026-08-14T00:07:35Z,2026-08-14T00:07:35Z,0,1000,0,1786712757.176964
sub_ff5e918e237640daa8d4736a015b492c,2026-08-14T00:07:38Z,2026-08-14T00:07:38Z,0,1000,0,1786712756.779188
sub_3de562efdd2e42d79ea4237ddc3e78d0,2026-08-14T00:07:42Z,2026-08-14T00:07:42Z,0,1000,0,1786712756.681437
sub_0aea5c4a19c941cb9660b44273455c37,2026-08-14T00:07:47Z,2026-08-14T00:07:47Z,0,1000,0,1786712756.587696
sub_91c8aa936c444c259cbc97dc85600b43,2026-08-14T00:07:50Z,2026-08-14T00:07:50Z,0,1000,0,1786712756.874072
sub_9e57ee4ed5df43689d41b6b552cae3c7,2026-08-14T00:07:54Z,2026-08-14T00:07:54Z,0,1000,0,1786712756.293319
sub_5907e2f62fa146e3a6e3dd16254064f3,2026-08-14T00:07:58Z,2026-08-14T00:07:58Z,0,1000,0,1786712756.491626
sub_1460bb4862d2424f821a77bcb0b5c3b4,2026-08-14T00:08:03Z,2026-08-14T00:08:03Z,0,1000,0,1786712756.396256
sub_82184a2bc049444db0f555ad23db92e3,2026-08-14T00:08:06Z,2026-08-14T00:08:06Z,0,1000,0,1786712756.1742132
sub_fa00e08cdd06472caf80b9b6e5d26336,2026-08-14T00:08:10Z,2026-08-14T00:08:10Z,0,1000,0,1786712755.7590652
sub_497ab25a609d45fc857764042f68197e,2026-08-14T00:08:13Z,2026-08-14T00:08:13Z,0,1000,0,1786712755.4547148
sub_feb42fd2de494ae9877236b5ea4cf9d6,2026-08-14T00:08:16Z,2026-08-14T00:08:16Z,0,1000,0,1786712755.660521
sub_43ae8fcd79af418aa9cbea4addb9b1e6,2026-08-14T00:08:19Z,2026-08-14T00:08:19Z,0,1000,0,1786712755.8522491
sub_09f1eed1d8d14d838e6aa834dd3e410b,2026-08-14T00:08:21Z,2026-08-14T00:08:21Z,0,1000,0,1786712755.5602272
sub_42fc82d97c544125aba2ab73e23460fe,2026-08-14T00:08:24Z,2026-08-14T00:08:24Z,0,1000,0,1786712755.944973
sub_dae89528d8be46db81181b7cff3c033a,2026-08-14T00:08:27Z,2026-08-14T00:08:27Z,0,1000,0,1786712755.198909
sub_f80b18d19e894d729ff1c998052a4562,2026-08-14T00:08:30Z,2026-08-14T00:08:30Z,0,923,0,1786712755.3280058
sub_6388cc1668e74258afd89f67eb5db2c5,2026-08-14T00:08:33Z,2026-08-14T00:08:33Z,0,12,0,1786712754.226916
sub_0929d61db4724c39afba5f4f6d551f61,2026-08-14T00:25:34Z,2026-08-14T00:25:34Z,0,8,0,1786712754.2252579
sub_71f72cbd104e453b8109899150697b75,2026-08-14T00:27:38Z,2026-08-14T00:27:38Z,0,19,0,1786712754.164989
sub_80336792d0b44ac4a96dae439c7231dc,2026-08-14T00:38:13Z,2026-08-14T00:38:13Z,0,2,0,1786712754.172656
sub_3ad0bf67494a40279b45a38bdc791451,2026-08-14T00:40:57Z,2026-08-14T00:40:57Z,0,9,0,1786712753.921912
sub_f67b00a270354e16b8f46b68887260b5,2026-08-14T01:41:36Z,2026-08-14T01:41:36Z,0,118,0,1786712754.1834612
sub_0007a6ac97fc42f98036afa7484ec0c0,2026-08-14T01:49:16Z,2026-08-14T01:49:16Z,0,187,0,1786712754.230319
sub_8df8be059869467887509f3f90aac82a,2026-08-14T01:57:16Z,2026-08-14T01:57:16Z,0,160,0,1786712754.335179
sub_784e92870a54457681578a946b50ce8d,2026-08-14T02:10:45Z,2026-08-14T02:10:45Z,0,66,0,1786712753.6241028
sub_bc481c1c920a457d935f70bdc4df2a4a,2026-08-14T02:16:34Z,2026-08-14T02:16:34Z,0,49,0,1786712753.5686772
sub_086c27f7731a4efd82195b801482c849,2026-08-14T02:21:21Z,2026-08-14T02:21:21Z,0,2,0,1786712753.6358342
sub_e31f7c85c77d4fb98934e17f87040045,2026-08-14T02:23:52Z,2026-08-14T02:23:52Z,0,72,0,1786712753.544022
sub_8c128ffb1b9f4f94aa70be155100992f,2026-08-14T02:28:48Z,2026-08-14T02:28:48Z,0,109,0,1786712753.361752
sub_b1addfa3381e4087bb9de2604053157f,2026-08-14T02:33:53Z,2026-08-14T02:33:53Z,0,102,0,1786712753.292104
sub_e646407000194117a91934ae6b0b4d6c,2026-08-14T02:37:06Z,2026-08-14T02:37:06Z,0,141,0,1786712753.315247
sub_a1095d7ebfd14776bc3ed920de2eba07,2026-08-14T02:41:27Z,2026-08-14T02:41:27Z,0,59,0,1786712753.125251
sub_4b6afc9bd54b479eb0f46708b1bf755b,2026-08-14T02:59:32Z,2026-08-14T02:59:32Z,0,110,0,1786712753.459677
sub_84edab8fc1954514994c5797f66d4bce,2026-08-14T03:04:43Z,2026-08-14T03:04:43Z,0,89,0,1786712752.856459
sub_b0a6db9ddcd94c8aa4d170a9e4720953,2026-08-14T03:07:16Z,2026-08-14T03:07:16Z,0,43,0,1786712752.847188
sub_076a742b35484488a305483e317ac293,2026-08-14T03:16:30Z,2026-08-14T03:16:30Z,0,88,0,1786712752.584318
sub_e8ac743b65b54b8db57e266c6b07a454,2026-08-14T03:22:26Z,2026-08-14T03:22:26Z,0,68,0,1786712751.940599
sub_93d184a01cec489a9b4446e565412145,2026-08-14T09:31:27Z,2026-08-14T09:31:27Z,0,3,0,1786712751.9765298
sub_3b0511ff965246c8a9e5a94ccf5ead4c,2026-08-14T09:44:09Z,2026-08-14T09:44:09Z,0,1,0,1786712751.897658
sub_0a0fffd7462d47a19dcb62933256b46c,2026-08-14T09:49:09Z,2026-08-14T09:49:09Z,0,1,0,1786712751.8467882
sub_c6b1540d93b04e55bad794cebc380437,2026-08-14T09:52:49Z,2026-08-14T09:52:49Z,0,3,0,1786712751.87853
sub_57c9957ba5ba4a319140d7371596a9da,2026-08-14T09:57:52Z,2026-08-14T09:57:52Z,0,14,0,1786712751.914443
sub_49d7c3f1102d4288bc45086fb6abf4c4,2026-08-14T10:03:41Z,2026-08-14T10:03:41Z,0,3,0,1786712751.8125
sub_b6dba1720a9d452faa2a26976181cd6e,2026-08-14T10:40:59Z,2026-08-14T10:40:59Z,0,1,0,1786712751.444173
sub_f3944a1208c74ac6ad8e9267d22c32f6,2026-08-14T10:42:39Z,2026-08-14T10:42:39Z,0,2,0,1786712751.528081
sub_e5b52ed64a14420ebabc5fbc48c43a73,2026-08-14T10:52:15Z,2026-08-14T10:52:15Z,0,1,0,1786712751.4955351
sub_867512b3f90847c3865735e7e4dc8fe1,2026-08-14T10:58:32Z,2026-08-14T10:58:32Z,0,6,0,1786712751.455301
sub_0644fed3affc413b986d2fd7238affe5,2026-08-14T11:01:37Z,2026-08-14T11:01:37Z,0,6,0,1786712751.441997
sub_3eb28b31c0734938b22bdee056caff6b,2026-08-14T11:07:27Z,2026-08-14T11:07:27Z,0,24,0,1786712751.427663
sub_5e98e2a93d1841f3bd368e527fd95e10,2026-08-14T11:10:09Z,2026-08-14T11:10:09Z,0,13,0,1786712751.396397
sub_50d2ea7009d24aa9aeedbf276620a54f,2026-08-14T11:12:06Z,2026-08-14T11:12:06Z,0,5,0,1786712751.482669
sub_8e95795895fa4695bda1c2d6e772de8c,2026-08-14T11:23:48Z,2026-08-14T11:23:48Z,0,1,0,1786712751.046551
sub_de4d674842a54353b6ec926f7c0c5111,2026-08-14T11:24:21Z,2026-08-14T11:24:21Z,0,30,0,1786712750.974578
sub_e543d08640114b28a29d1c39afc22d44,2026-08-14T11:49:26Z,2026-08-14T11:49:26Z,0,8,0,1786712750.962635
sub_e40cb4ec27924ade846b014bdab7f3f2,2026-08-14T12:25:59Z,2026-08-14T12:25:59Z,0,1,0,1786712751.000285
sub_c077706f0de54a9bbabeec8a7a3ccdd6,2026-08-14T12:26:25Z,2026-08-14T12:26:25Z,0,3,0,1786712750.99531
sub_032dd9e1f29846c581964573c6fd3e1e,2026-08-14T12:30:06Z,2026-08-14T12:30:06Z,0,2,0,1786714403.9375732
sub_ea9d3bac588b434399a2bf5e840450b4,2026-08-14T12:30:35Z,2026-08-14T12:30:35Z,0,3,0,1786714403.567122
sub_9e3d94946cad47c3a0c4acc739874dde,2026-08-14T12:56:05Z,2026-08-14T12:56:05Z,0,1,0,1786714403.0950131
sub_73d7b4b22d35447daa032cf6a3c7dc1c,2026-08-14T13:15:17Z,2026-08-14T13:15:17Z,0,162,0,1786714402.6825678
sub_ffcb4bc3240b49fb86f11997ff5d61ce,2026-08-14T13:18:25Z,2026-08-14T13:18:25Z,0,21,0,1786714402.242114
sub_450509244c8046008a873e2740d4ce2e,2026-08-14T14:15:04Z,2026-08-14T14:15:04Z,0,3,0,1786740301.107662
sub_1b8a12d50b98470d969af06428d6979e,2026-08-14T14:16:48Z,2026-08-14T14:16:48Z,0,1,0,1786740300.897664
sub_33a91983859a43d9a0fc960d5d3fae23,2026-08-14T14:20:32Z,2026-08-14T14:20:32Z,0,3,0,1786740300.8419268
sub_bb7139b58a6f411cbd42beb6290034ad,2026-08-14T14:24:32Z,2026-08-14T14:24:32Z,0,1,0,1786740300.641901
sub_807833697ff34e21ba0a4e414a50c02d,2026-08-14T14:25:59Z,2026-08-14T14:25:59Z,0,1,0,1786740300.771574
sub_bc64ab021fd844fbabbbef8cde7a9b6d,2026-08-14T14:29:02Z,2026-08-14T14:29:02Z,0,3,0,1786740300.834668
sub_7de861e553184b15b2a68740c0edb4c7,2026-08-14T14:48:06Z,2026-08-14T14:48:06Z,0,1,0,1786740300.8515809
sub_3c2b56ac90d342afa298a452a60cbc45,2026-08-14T16:29:44Z,2026-08-14T16:29:44Z,0,2,0,1786740300.952258
sub_42281f124a6c4509b136a81faf393901,2026-08-14T16:29:50Z,2026-08-14T16:29:50Z,0,5,0,1786740300.858241
sub_da9406b0d0cc4996a85dc61c79a59ab0,2026-08-15T00:10:07Z,2026-08-15T00:10:07Z,0,90,0,1786760668.812293
sub_7fa9980a4e6d40f5b4bf22c57592a345,2026-08-15T00:10:11Z,2026-08-15T00:10:11Z,0,1000,0,1786760668.890906
sub_2e28535359f34f0ca02dc7dc6a1cb5be,2026-08-15T00:10:13Z,2026-08-15T00:10:13Z,0,362,0,1786760667.6058502
sub_dfe6701cf3434798bdd2bcc13e515163,2026-08-15T00:17:08Z,2026-08-15T00:17:08Z,0,28,0,1786760667.361356
sub_1270cd5b1393465daef52fd95d142864,2026-08-15T00:17:40Z,2026-08-15T00:17:40Z,0,201,0,1786760667.327254
sub_7ca85a93415c4407860bbe1a439e7c5d,2026-08-15T00:22:26Z,2026-08-15T00:22:26Z,0,3,0,1786760667.219251
sub_b4df20cf9f4e49fdb110d6addec80100,2026-08-15T00:30:55Z,2026-08-15T00:30:55Z,0,313,0,1786760666.9867048
sub_bbe2ee5d78fb498ca494a1954de2941f,2026-08-15T00:31:15Z,2026-08-15T00:31:15Z,0,4,0,1786760666.810741
sub_d084b09fed1e43b780948cff2e3ad2ca,2026-08-15T01:56:12Z,2026-08-15T01:56:12Z,0,30,0,1786760666.912579
sub_e0dfe3a584824b8dade7798c23b80fb8,2026-08-15T02:14:31Z,2026-08-15T02:14:31Z,0,6,0,1786761825.264548
sub_6a89dca6433f46d7ba7375042de9f261,2026-08-15T02:14:32Z,2026-08-15T02:14:32Z,0,29,0,1786760666.45769
sub_a41f0767be844ed88b708f83071091da,2026-08-15T02:14:34Z,2026-08-15T02:14:34Z,0,3,0,1786760666.399084
sub_c4c73ec0da604032b25835cd4a82b26e,2026-08-15T02:14:36Z,2026-08-15T02:14:36Z,0,2,0,1786760666.393357
sub_1b1b3a2a1e064d7bb1b59bb8d824291d,2026-08-15T02:14:37Z,2026-08-15T02:14:37Z,0,23,0,1786760666.298357
sub_5c2e066489d247d89730d48abade5d3f,2026-08-15T02:14:39Z,2026-08-15T02:14:39Z,0,2,0,1786760666.077277
sub_e4c870643796419dbacbcebe8c3c18d7,2026-08-15T02:14:40Z,2026-08-15T02:14:40Z,0,1,0,1786760665.918259
sub_f253441c36674304af617f028e27a4a4,2026-08-15T02:14:42Z,2026-08-15T02:14:42Z,0,5,0,1786760665.8585339
sub_2b9a60c75d15425fbcf4f31ab0a9293c,2026-08-15T02:14:43Z,2026-08-15T02:14:43Z,0,1,0,1786760665.914447
sub_71f94016a7e04a649090cc5c9f2cfd52,2026-08-15T02:14:45Z,2026-08-15T02:14:45Z,0,6,0,1786760665.373954
sub_1b3f8b23eb094e5d958d9c3465471b09,2026-08-15T02:14:46Z,2026-08-15T02:14:46Z,0,1,0,1786760665.566357
sub_92c4be977b2b4438a98abdaad25cfd63,2026-08-15T02:14:49Z,2026-08-15T02:14:49Z,0,1000,0,1786761826.3740091
sub_77e9ac5e05924970a699442aa2a8a9f4,2026-08-15T02:14:51Z,2026-08-15T02:14:51Z,0,1000,0,1786761588.000546
sub_51d9f90fb74542b1a864d56e33413445,2026-08-15T02:14:53Z,2026-08-15T02:14:53Z,0,1000,0,1786761587.821697
sub_244f2d6fe63c4f66a09b8066839f33db,2026-08-15T02:14:55Z,2026-08-15T02:14:55Z,0,1000,0,1786761588.153986
sub_cb95ef0771e748b7876a16701edc03eb,2026-08-15T02:14:57Z,2026-08-15T02:14:57Z,0,1000,0,1786761588.102759
sub_a03b38a1cc1e49b095c33a35de2afa95,2026-08-15T02:15:00Z,2026-08-15T02:15:00Z,0,1000,0,1786761587.90835
sub_5fb0221ce5434cf8b610edf764ffa52b,2026-08-15T02:15:02Z,2026-08-15T02:15:02Z,0,1000,0,1786761588.874697
sub_83c144c12c5545939e760df72e27a681,2026-08-15T02:15:05Z,2026-08-15T02:15:05Z,0,1000,0,1786761588.878572
sub_f6fa1f9846af4b499f02753887111a93,2026-08-15T02:15:07Z,2026-08-15T02:15:07Z,0,1000,0,1786761589.0155652
sub_e051b8aa5c764409ae13fbfe170b8609,2026-08-15T02:15:09Z,2026-08-15T02:15:09Z,0,1000,0,1786761589.0791051
sub_86a9033249c8444e8b96114833ec0c0e,2026-08-15T02:15:13Z,2026-08-15T02:15:13Z,0,1000,0,1786761589.23984
sub_90bac8e692964e5d9c08397ba30ecadb,2026-08-15T02:15:14Z,2026-08-15T02:15:14Z,0,1000,0,1786761590.5722911
sub_bdfe7760010647c1b1d9339e0f9366c2,2026-08-15T02:15:17Z,2026-08-15T02:15:17Z,0,1000,0,1786761591.2838469
sub_988398a783454c81bd9a63aaa927a754,2026-08-15T02:15:19Z,2026-08-15T02:15:19Z,0,1000,0,1786761591.155073
sub_057c5d00b5fb4de3883290d8d4399f0c,2026-08-15T02:15:21Z,2026-08-15T02:15:21Z,0,1000,0,1786761591.225714
sub_5cc2792e1115407c95a2d87088292ff0,2026-08-15T02:15:25Z,2026-08-15T02:15:25Z,0,1000,0,1786761591.327785
sub_1ab0e6082c6a452e975ec3684e4157c8,2026-08-15T02:15:27Z,2026-08-15T02:15:27Z,0,1000,0,1786761591.136348
sub_67646dd4001549039aee719bffe16261,2026-08-15T02:15:30Z,2026-08-15T02:15:30Z,0,1000,0,1786761591.6062222
sub_cb3f60cc7c714bfe88abb95d2e4195a5,2026-08-15T02:15:32Z,2026-08-15T02:15:32Z,0,1000,0,1786761592.266016
sub_feb181aa98fd4561aa26450fae1546c5,2026-08-15T02:15:34Z,2026-08-15T02:15:34Z,0,1000,0,1786761592.260174
sub_01847e592ad740f5ab34ff19acba8867,2026-08-15T02:15:37Z,2026-08-15T02:15:37Z,0,1000,0,1786761592.3031812
sub_a6f6ca3241174f84a056dfb0aa03fb18,2026-08-15T02:15:39Z,2026-08-15T02:15:39Z,0,1000,0,1786761592.5169978
sub_27c58eda71834989b764e2c05a2fa70f,2026-08-15T02:15:41Z,2026-08-15T02:15:41Z,0,1000,0,1786761592.457869
sub_7b38c08832c7416482b8e94706547cb0,2026-08-15T02:15:44Z,2026-08-15T02:15:44Z,0,1000,0,1786761592.899894
sub_698a6a5a31bf42839f654640b3cf35e1,2026-08-15T02:15:47Z,2026-08-15T02:15:47Z,0,1000,0,1786761593.4634209
sub_758e570c9954491799b5f66c48d9a129,2026-08-15T02:15:49Z,2026-08-15T02:15:49Z,0,1000,0,1786761593.326368
sub_1e8940ff942046c29aff689272bc2f43,2026-08-15T02:15:51Z,2026-08-15T02:15:51Z,0,1000,0,1786761593.263364
sub_98bc5b0c013b4343a8891034aef97ae1,2026-08-15T02:15:54Z,2026-08-15T02:15:54Z,0,1000,0,1786761593.572466
sub_30f51fb035a444d4b64a7e7d2be67866,2026-08-15T02:15:56Z,2026-08-15T02:15:56Z,0,1000,0,1786761593.559963
sub_3263aa0053ff430d8878706b49804898,2026-08-15T02:15:58Z,2026-08-15T02:15:58Z,615,385,0,1786761593.874037
sub_a35e960416bf4a39b168675770cacfd9,2026-08-15T02:16:00Z,2026-08-15T02:16:00Z,1000,0,0,1786761594.4857652
sub_9cb38e7946d445ddb9110c4f8fc4f9d0,2026-08-15T02:16:04Z,2026-08-15T02:16:04Z,1000,0,0,1786761594.1590478
sub_c49ddfd34efd4b1a8b3595adec9ac6b8,2026-08-15T02:16:06Z,2026-08-15T02:16:06Z,1000,0,0,1786761594.871198
sub_a8192331d76b40bfbb3c5a914ecb5429,2026-08-15T02:16:08Z,2026-08-15T02:16:08Z,1000,0,0,1786761594.737812
sub_dd0e172cc8e34ee5b056caf454a50765,2026-08-15T02:16:11Z,2026-08-15T02:16:11Z,1000,0,0,1786761594.580898
sub_c70c5f4de6f54b6e82fdd641d31f6adc,2026-08-15T02:16:13Z,2026-08-15T02:16:13Z,1000,0,0,1786761594.8653781
sub_106bd410696c483791192b4062f37288,2026-08-15T02:16:15Z,2026-08-15T02:16:15Z,1000,0,0,1786761595.1459992
sub_6eba4a66eda34a0aaa68d71067ec3bd1,2026-08-15T02:16:17Z,2026-08-15T02:16:17Z,1000,0,0,1786761595.42432
sub_07b11725f9a4453197fc9a2a32b13be2,2026-08-15T02:16:18Z,2026-08-15T02:16:18Z,1000,0,0,1786761595.532319
sub_f9c2ca9de8604569a102a3b68a8aa242,2026-08-15T02:16:20Z,2026-08-15T02:16:20Z,1000,0,0,1786761595.6470861
sub_42307c809df8445cb019f27a971c8129,2026-08-15T02:16:24Z,2026-08-15T02:16:24Z,1000,0,0,1786761595.893749
sub_af6835c171fa455fbc5fd027e0324b65,2026-08-15T02:16:26Z,2026-08-15T02:16:26Z,1000,0,0,1786761595.9264991
sub_72600de637d841cfa7733e56c6692d94,2026-08-15T02:16:27Z,2026-08-15T02:16:27Z,1000,0,0,1786761595.9921222
sub_7f3494af45874a56a63476d247c05538,2026-08-15T02:16:30Z,2026-08-15T02:16:30Z,1000,0,0,1786761596.32479
sub_942e3789253749c7a359540d3487e2cb,2026-08-15T02:16:32Z,2026-08-15T02:16:32Z,1000,0,0,1786760655.512393
sub_095d8fd01d6849fda342c6836a0c4b8c,2026-08-15T02:16:35Z,2026-08-15T02:16:35Z,1000,0,0,1786760655.310198
sub_7fd5a306f42248be96ef38ddf6d7abed,2026-08-15T02:16:37Z,2026-08-15T02:16:37Z,1000,0,0,1786760655.193606
sub_9adb20c5c1fd437bb918b81466d17ad9,2026-08-15T02:16:40Z,2026-08-15T02:16:40Z,1000,0,0,1786760654.7749739
sub_57937c6c2991414d8fb86fab85dbe8d8,2026-08-15T02:16:42Z,2026-08-15T02:16:42Z,1000,0,0,1786760654.6812348
sub_85e0a834ec44485c87f77f07c5108ef3,2026-08-15T02:16:45Z,2026-08-15T02:16:45Z,1000,0,0,1786760654.587712
sub_1f1df691f8954bcdbfab7bc2a06d913e,2026-08-15T02:16:47Z,2026-08-15T02:16:47Z,1000,0,0,1786760654.473547
sub_b00bc50e2dc3461db74f49ba1d43f7ab,2026-08-15T02:16:49Z,2026-08-15T02:16:49Z,1000,0,0,1786760654.003131
sub_80539559bf4643e5908c6dce6c9a210d,2026-08-15T02:16:51Z,2026-08-15T02:16:51Z,1000,0,0,1786760653.789422
sub_139cba30fd3441d48d7eddaec3f1eeb5,2026-08-15T02:16:54Z,2026-08-15T02:16:54Z,1000,0,0,1786760653.857151
sub_788afbcb5db643829e0345056d36e8b3,2026-08-15T02:16:55Z,2026-08-15T02:16:55Z,1000,0,0,1786760653.676254
sub_8d2158b48a924148863abb35cac9c7d2,2026-08-15T02:16:57Z,2026-08-15T02:16:57Z,1000,0,0,1786760653.19403
sub_d6c87324a6f9492eacf9d791827dea7a,2026-08-15T02:17:02Z,2026-08-15T02:17:02Z,1000,0,0,1786760653.00025
sub_cc73bae7a908449a8e2326b5767f567e,2026-08-15T02:17:04Z,2026-08-15T02:17:04Z,1000,0,0,1786760652.929298
sub_0c8f987445924a78855723f3af94cd2f,2026-08-15T02:17:06Z,2026-08-15T02:17:06Z,1000,0,0,1786760652.837672
sub_1382c9e10b174bdfafbaa0569ca418d5,2026-08-15T02:17:08Z,2026-08-15T02:17:08Z,1000,0,0,1786760652.4531672
sub_5b87877af1c84001a845070c023acccf,2026-08-15T02:17:10Z,2026-08-15T02:17:10Z,1000,0,0,1786760652.108732
sub_0d903e01c89446e1b5a0e62956740cfb,2026-08-15T02:17:13Z,2026-08-15T02:17:13Z,1000,0,0,1786760652.183537
sub_882a27d781634c91a3da9d8b0b12ef71,2026-08-15T02:17:15Z,2026-08-15T02:17:15Z,1000,0,0,1786760651.802516
sub_b1ea593e2b56437fb2bbc6856346b1e9,2026-08-15T02:17:17Z,2026-08-15T02:17:17Z,1000,0,0,1786761571.8592992
sub_ff7359ac6b394aa8839ed13ae7114d1c,2026-08-15T02:17:20Z,2026-08-15T02:17:20Z,1000,0,0,1786760651.2899961
sub_00d5032f3be24cc498564a9321cbc029,2026-08-15T02:17:22Z,2026-08-15T02:17:22Z,1000,0,0,1786760651.212033
sub_f1eba09460844c2987c3f78b4e869cb4,2026-08-15T02:17:23Z,2026-08-15T02:17:23Z,1000,0,0,1786760651.3636239
sub_f0a9d1911b6144009c493d6fb1eed153,2026-08-15T02:17:25Z,2026-08-15T02:17:25Z,1000,0,0,1786760651.1097212
sub_52d78cc0eeb14dc397fde15e325cda02,2026-08-15T02:17:27Z,2026-08-15T02:17:27Z,1000,0,0,1786760650.591348
sub_d87c6db2cbbb48219ee2f3bf34c06976,2026-08-15T02:17:29Z,2026-08-15T02:17:29Z,1000,0,0,1786760650.435785
sub_d133ac3fb3b04bfd885097a77fef9f33,2026-08-15T02:17:31Z,2026-08-15T02:17:31Z,1000,0,0,1786760650.319154
sub_2892d906401543338b7b7d6c8cd7773a,2026-08-15T02:17:33Z,2026-08-15T02:17:33Z,1000,0,0,1786760650.511702
sub_6019a1f84813431c9df0056301048cd9,2026-08-15T02:17:36Z,2026-08-15T02:17:36Z,1000,0,0,1786760649.4778318
sub_a284f97fb11f402bb56f77c131e6d012,2026-08-15T02:17:38Z,2026-08-15T02:17:38Z,1000,0,0,1786760649.764317
sub_f05f5a1c8f5c4bd092225b8f7fc67ec1,2026-08-15T02:17:40Z,2026-08-15T02:17:40Z,1000,0,0,1786760649.68335
sub_7466453657314c1b840680b1eb51aa21,2026-08-15T02:17:42Z,2026-08-15T02:17:42Z,1000,0,0,1786760649.598326
sub_4314752379eb4df9a01c1ee0a334639d,2026-08-15T02:17:44Z,2026-08-15T02:17:44Z,1000,0,0,1786760649.017623
sub_46ac240519b4451fa70f5bd2e7fc5e2c,2026-08-15T02:17:47Z,2026-08-15T02:17:47Z,1000,0,0,1786760648.695179
sub_02a65ff1197b47c7951b2e3167ca6b35,2026-08-15T02:17:49Z,2026-08-15T02:17:49Z,1000,0,0,1786760648.832132
sub_b712675526ec41a6a9f13af45baf627f,2026-08-15T02:17:51Z,2026-08-15T02:17:51Z,1000,0,0,1786760648.9282508
sub_e63c942728ab491b8bd1e9a7ae546ae4,2026-08-15T02:17:52Z,2026-08-15T02:17:52Z,1000,0,0,1786760634.576042
sub_768815c0435e421393a9e960c040591b,2026-08-15T02:17:54Z,2026-08-15T02:17:54Z,1000,0,0,1786760634.123327
sub_5345c61a1f5e4d019a4938a0adaca592,2026-08-15T02:17:56Z,2026-08-15T02:17:56Z,1000,0,0,1786760633.991683
sub_4770e0c62b874ef2af67cb0b024b45ef,2026-08-15T02:17:58Z,2026-08-15T02:17:58Z,1000,0,0,1786760633.8435469
sub_295232b420a44c80b4801d6789aa4407,2026-08-15T02:17:59Z,2026-08-15T02:17:59Z,1000,0,0,1786760633.742563
sub_61868907fa6142dd8d447cea8235d322,2026-08-15T02:18:02Z,2026-08-15T02:18:02Z,1000,0,0,1786760633.357485
sub_759972f8adb24434b6e50f0fa168950a,2026-08-15T02:18:04Z,2026-08-15T02:18:04Z,1000,0,0,1786760633.21986
sub_af9c2961072e420d8be6344019cf2d89,2026-08-15T02:18:06Z,2026-08-15T02:18:06Z,1000,0,0,1786760632.814964
sub_c0808ca2fb2941449a2eb56f210adb8e,2026-08-15T02:18:08Z,2026-08-15T02:18:08Z,1000,0,0,1786761571.9455612
sub_a9872f1dbd12444fb36f9cc69391b131,2026-08-15T02:18:10Z,2026-08-15T02:18:10Z,1000,0,0,1786760632.670335
sub_ff18240ef6a1432dba218846d6031529,2026-08-15T02:18:13Z,2026-08-15T02:18:13Z,1000,0,0,1786760632.570623
sub_9868a868cf204925890672a127c7773e,2026-08-15T02:18:15Z,2026-08-15T02:18:15Z,1000,0,0,1786760632.042578
sub_4bc14985caa74341b35b7d1d67fdea6a,2026-08-15T02:18:16Z,2026-08-15T02:18:16Z,1000,0,0,1786760631.8239949
sub_4bc62ba1f14d46528dc513e2158ad135,2026-08-15T02:18:18Z,2026-08-15T02:18:18Z,1000,0,0,1786760631.6726599
sub_7a38f8b94c75473e9b094dc5fef1151a,2026-08-15T02:18:20Z,2026-08-15T02:18:20Z,1000,0,0,1786760631.762512
sub_d08d50ff5d2d4309bcd8f372decd6f4b,2026-08-15T02:18:22Z,2026-08-15T02:18:22Z,1000,0,0,1786760631.203082
sub_0e647e9ccd4e453fa1dd4a700d7269f7,2026-08-15T02:18:24Z,2026-08-15T02:18:24Z,1000,0,0,1786760631.017326
sub_de26f58e3f664483b5acf4672cd55001,2026-08-15T02:18:26Z,2026-08-15T02:18:26Z,1000,0,0,1786760630.8663821
sub_4c48a7a529254a9db0792acea5b46a97,2026-08-15T02:18:28Z,2026-08-15T02:18:28Z,1000,0,0,1786760630.747974
sub_bdc8bc3a566743f9a774168c3e4c8a58,2026-08-15T02:18:29Z,2026-08-15T02:18:29Z,1000,0,0,1786760630.294633
sub_50a1e55b49a94d8ba1b2bbb3afc4e0a2,2026-08-15T02:18:32Z,2026-08-15T02:18:32Z,1000,0,0,1786760630.359443
sub_05822b6d07e64589bc88e5e985b336a6,2026-08-15T02:18:34Z,2026-08-15T02:18:34Z,1000,0,0,1786760629.972651
sub_abfbb1e1d578463ab144332ef36eb032,2026-08-15T02:18:37Z,2026-08-15T02:18:37Z,1000,0,0,1786760630.072386
sub_14ae7bcec8104c988040b04772308812,2026-08-15T02:18:39Z,2026-08-15T02:18:39Z,1000,0,0,1786760629.259315
sub_add4e52685c2430496897bb7fed723ac,2026-08-15T02:18:41Z,2026-08-15T02:18:41Z,1000,0,0,1786760629.358967
sub_25cce40fd20c4feebe6d045a4ff9b45e,2026-08-15T02:18:43Z,2026-08-15T02:18:43Z,1000,0,0,1786760629.0098088
sub_43eed5a866e640d1bc0446d98d73c8fc,2026-08-15T02:18:44Z,2026-08-15T02:18:44Z,1000,0,0,1786760628.904476
sub_43f6a989c61e4f9c9e15034861b6fa7d,2026-08-15T02:18:46Z,2026-08-15T02:18:46Z,1000,0,0,1786760628.584517
sub_6bcfb4eded0446b6a3acc236a4780a9f,2026-08-15T02:18:48Z,2026-08-15T02:18:48Z,1000,0,0,1786760628.4793322
sub_1cfe8a758604448a84a0613d65602a4a,2026-08-15T02:18:51Z,2026-08-15T02:18:51Z,1000,0,0,1786760628.1918578
sub_9086e2c09c404892809354ea5b0e1a3d,2026-08-15T02:18:53Z,2026-08-15T02:18:53Z,1000,0,0,1786760627.998525
sub_388e09ac7ef946c89bfa319662f1dce8,2026-08-15T02:18:55Z,2026-08-15T02:18:55Z,1000,0,0,1786760627.6915781
sub_c1a0e7e9a9b640f8ba8a319311bbb78d,2026-08-15T02:18:57Z,2026-08-15T02:18:57Z,1000,0,0,1786760627.630502
sub_5c559a589c1c45c2ab38e188cdcfd18e,2026-08-15T02:18:59Z,2026-08-15T02:18:59Z,1000,0,0,1786761572.1142359
sub_3d2b0487c5154d09a5ab664779bce3e8,2026-08-15T02:19:00Z,2026-08-15T02:19:00Z,1000,0,0,1786760627.320461
sub_106bb1017f484358bb736cf9e85837ae,2026-08-15T02:19:03Z,2026-08-15T02:19:03Z,1000,0,0,1786760627.038312
sub_7e977eb6224f4f038691625bc856d402,2026-08-15T02:19:05Z,2026-08-15T02:19:05Z,1000,0,0,1786760626.934324
sub_550450951ebe48bb99229ce2da359f96,2026-08-15T02:19:07Z,2026-08-15T02:19:07Z,1000,0,0,1786760626.710316
sub_755b07a7ee984ba1bd8b08ee273ca8f2,2026-08-15T02:19:09Z,2026-08-15T02:19:09Z,1000,0,0,1786760626.60704
sub_92127c6fe4d746bb9aeeea1bd57d67d2,2026-08-15T02:19:11Z,2026-08-15T02:19:11Z,1000,0,0,1786760626.134561
sub_500d5f1df2db41c1a59e07127cbd447a,2026-08-15T02:19:13Z,2026-08-15T02:19:13Z,1000,0,0,1786760626.220439
sub_eda8259dbf9c4253a1067914640953fe,2026-08-15T02:19:15Z,2026-08-15T02:19:15Z,1000,0,0,1786760626.2819588
sub_c50774906c9b49019fed90703b87eb36,2026-08-15T02:19:17Z,2026-08-15T02:19:17Z,1000,0,0,1786760625.8157609
sub_ed36a45e0ae34e57bab2ad3e6bfeeeaa,2026-08-15T02:19:19Z,2026-08-15T02:19:19Z,1000,0,0,1786760625.581592
sub_48722fec2b724390902db017b3cf327c,2026-08-15T02:19:21Z,2026-08-15T02:19:21Z,1000,0,0,1786760625.4863439
sub_fe396ba802e54aa2946625f77312a0ba,2026-08-15T02:19:23Z,2026-08-15T02:19:23Z,1000,0,0,1786760625.642368
sub_75fc8a3052ad4e74876e4ef22c920bd8,2026-08-15T02:19:25Z,2026-08-15T02:19:25Z,1000,0,0,1786760625.119426
sub_f7432290c439449aa310f5d8086a5ed4,2026-08-15T02:19:27Z,2026-08-15T02:19:27Z,1000,0,0,1786760624.787742
sub_4b12d256e4f9496db932870ef532b286,2026-08-15T02:19:29Z,2026-08-15T02:19:29Z,1000,0,0,1786760624.951413
sub_fb29702e3e0b4862a71dc9b97a93c521,2026-08-15T02:19:31Z,2026-08-15T02:19:31Z,1000,0,0,1786760624.893412
sub_742caba6ea024164a237553f5d05edfb,2026-08-15T02:19:33Z,2026-08-15T02:19:33Z,1000,0,0,1786760624.1188962
sub_6794bdd3f6514d30a45b6a474725ec75,2026-08-15T02:19:34Z,2026-08-15T02:19:34Z,1000,0,0,1786760623.7655199
sub_06a20aac181d4f8dabf34b02859de0ee,2026-08-15T02:19:36Z,2026-08-15T02:19:36Z,1000,0,0,1786760623.6876469
sub_2739fa2677074cc38313f1f2eddb8ed2,2026-08-15T02:19:39Z,2026-08-15T02:19:39Z,1000,0,0,1786760623.603225
sub_be670ae4450843cc829cbb3689bdab33,2026-08-15T02:19:41Z,2026-08-15T02:19:41Z,1000,0,0,1786760623.514495
sub_ccc33f2832be468493b96d4df381ef46,2026-08-15T02:19:43Z,2026-08-15T02:19:43Z,1000,0,0,1786760623.17236
sub_43f533fa770644269dd2c0ed5b691a4b,2026-08-15T02:19:45Z,2026-08-15T02:19:45Z,1000,0,0,1786760623.053289
sub_2d5c1954d1e440a4b2649b1bec6640de,2026-08-15T02:19:47Z,2026-08-15T02:19:47Z,1000,0,0,1786760622.984098
sub_ec81a0aa75af463a9ce2fa6bdd5c8d0d,2026-08-15T02:19:49Z,2026-08-15T02:19:49Z,1000,0,0,1786761572.398199
sub_f34955fa51eb4c1abb7255c52d65b291,2026-08-15T02:19:51Z,2026-08-15T02:19:51Z,1000,0,0,1786760622.46659
sub_8ffccbfdbfb84f5da43f04f8af1783fd,2026-08-15T02:19:53Z,2026-08-15T02:19:53Z,1000,0,0,1786760622.362633
sub_d43f91e1c85b4fb5b2e50e1f0f04d81d,2026-08-15T02:19:55Z,2026-08-15T02:19:55Z,1000,0,0,1786760622.2560651
sub_ee48845f475540afa86d57502181cfdb,2026-08-15T02:19:57Z,2026-08-15T02:19:57Z,1000,0,0,1786760622.136598
sub_e64fff7372094053a4fc751d9a32f4c9,2026-08-15T02:19:59Z,2026-08-15T02:19:59Z,1000,0,0,1786760621.778197
sub_52b73ebcf839402bae277c4a3ce2c0c4,2026-08-15T02:20:01Z,2026-08-15T02:20:01Z,1000,0,0,1786760621.7054532
sub_fa714c42c4ec49f9a78d3dafe3559276,2026-08-15T02:20:04Z,2026-08-15T02:20:04Z,1000,0,0,1786760621.5657222
sub_208be8026d1b4f8f9c78524e4690b065,2026-08-15T02:20:06Z,2026-08-15T02:20:06Z,1000,0,0,1786760621.468031
sub_0c849f95c30b46418bf75df311d4ef45,2026-08-15T02:20:08Z,2026-08-15T02:20:08Z,1000,0,0,1786760621.132515
sub_2833d08083034f42873f706b8e26c4eb,2026-08-15T02:20:10Z,2026-08-15T02:20:10Z,1000,0,0,1786760620.9845262
sub_f0969dd0e30a4b81b59dfe737f9522e6,2026-08-15T02:20:12Z,2026-08-15T02:20:12Z,1000,0,0,1786760620.890764
sub_63c14f38f98f48269d7cb76fdc38b6b6,2026-08-15T02:20:14Z,2026-08-15T02:20:14Z,1000,0,0,1786760620.787426
sub_b3744e0d7102424daaeb0022c4184a9e,2026-08-15T02:20:15Z,2026-08-15T02:20:15Z,1000,0,0,1786760620.248672
sub_e07ce636887a40ed8d87316c1243da63,2026-08-15T02:20:17Z,2026-08-15T02:20:17Z,1000,0,0,1786760620.148988
sub_a23acead664b425d9084097f4fe3b8c4,2026-08-15T02:20:22Z,2026-08-15T02:20:22Z,1000,0,0,1786760619.707179
sub_8a6c7893f6a0427b9960b3637bdd7aab,2026-08-15T02:20:24Z,2026-08-15T02:20:24Z,1000,0,0,1786760619.782419
sub_7ad43739536f41cc856574e23b4612d1,2026-08-15T02:20:26Z,2026-08-15T02:20:26Z,1000,0,0,1786760619.540329
sub_7d9afc66b2b84d1ebab5f9301ba89df7,2026-08-15T02:20:28Z,2026-08-15T02:20:28Z,1000,0,0,1786760619.436348
sub_fd89ef4ebdc94a0ea326eeeb7e6421b3,2026-08-15T02:20:30Z,2026-08-15T02:20:30Z,1000,0,0,1786760619.0570571
sub_4bafc08e9b804eec8b6f60baa1bc7e94,2026-08-15T02:20:32Z,2026-08-15T02:20:32Z,1000,0,0,1786760618.7946
sub_7ca4ed1892fd466eaeb37056286aa85b,2026-08-15T02:20:34Z,2026-08-15T02:20:34Z,1000,0,0,1786760618.980468
sub_88288b12a6bf43319a695860eaf87186,2026-08-15T02:20:36Z,2026-08-15T02:20:36Z,1000,0,0,1786760618.4978828
sub_64c23d75f31d4fe3aa658c25bb45db69,2026-08-15T02:20:41Z,2026-08-15T02:20:41Z,1000,0,0,1786760618.2078679
sub_13b6ebc41f1b49aeaa8fb5c12906cb04,2026-08-15T02:20:43Z,2026-08-15T02:20:43Z,1000,0,0,1786760618.125825
sub_7aeb79283a5a49dfbba9d29d66df52a5,2026-08-15T02:20:45Z,2026-08-15T02:20:45Z,1000,0,0,1786761573.114142
sub_5ea53954e8c248ea981da7fb1cea4461,2026-08-15T02:20:47Z,2026-08-15T02:20:47Z,1000,0,0,1786760617.7595258
sub_ad99d532dcd94405bd792b85dbaa8547,2026-08-15T02:20:50Z,2026-08-15T02:20:50Z,1000,0,0,1786760617.61761
sub_2f0a5b7a00da4cbe8c9a22117e0a06fc,2026-08-15T02:20:53Z,2026-08-15T02:20:53Z,1000,0,0,1786760617.527858
sub_60cc1883e2454f00950bb3ac09c4351a,2026-08-15T02:20:56Z,2026-08-15T02:20:56Z,1000,0,0,1786760617.36313
sub_d7a4749fe5d543808e739d711a101859,2026-08-15T02:20:58Z,2026-08-15T02:20:58Z,1000,0,0,1786760617.030038
sub_117ae06dbe76420d96ded1f295033dc7,2026-08-15T02:21:02Z,2026-08-15T02:21:02Z,1000,0,0,1786760616.896276
sub_fae3258cf31440ad8beaa7315c087622,2026-08-15T02:21:04Z,2026-08-15T02:21:04Z,1000,0,0,1786760616.781131
sub_82cdcefe48784da5bb905eee8e0ef09e,2026-08-15T02:21:06Z,2026-08-15T02:21:06Z,1000,0,0,1786760616.669749
sub_32aa2cd795f946679e2c2b7f47525f7c,2026-08-15T02:21:08Z,2026-08-15T02:21:08Z,1000,0,0,1786760616.350008
sub_b284d3e4978d4841985d48caa7ca4937,2026-08-15T02:21:11Z,2026-08-15T02:21:11Z,1000,0,0,1786760616.25295
sub_aa176ae9273c4cdca47695503cd6ec53,2026-08-15T02:21:13Z,2026-08-15T02:21:13Z,1000,0,0,1786760616.170722
sub_80a1b03f069b461bb3788ad7132a0417,2026-08-15T02:21:15Z,2026-08-15T02:21:15Z,1000,0,0,1786760616.056395
sub_9844842cb16845a69d8ccf4ead71ee93,2026-08-15T02:21:18Z,2026-08-15T02:21:18Z,1000,0,0,1786760615.357743
sub_2eb156779c194aa180f781199354e017,2026-08-15T02:21:23Z,2026-08-15T02:21:23Z,1000,0,0,1786760615.5096068
sub_e8c0a3d51cae46c0a0570fb4a885f9e9,2026-08-15T02:21:25Z,2026-08-15T02:21:25Z,1000,0,0,1786760615.6110551
sub_fcfe3b6b08724e348e4be51ceeebadb0,2026-08-15T02:21:27Z,2026-08-15T02:21:27Z,1000,0,0,1786761572.811975
sub_80ac17457c254330bcc03e81c4668df3,2026-08-16T00:08:09Z,2026-08-16T00:08:09Z,0,995,0,1786838974.054233
